time,it,mean_return,mean_eaten,death_rate,mean_steps,pl,vl,best
2026-02-25T14:23:17,1,14.157749,0.8125,0.5,501.0,0.027157,5.811226,14.157749
2026-02-25T14:23:32,2,10.558752,0.4375,0.625,531.1875,-0.04686,1.515501,14.157749
2026-02-25T14:23:44,3,11.420477,0.8125,0.6875,466.1875,-0.04049,3.147563,14.157749
2026-02-25T14:23:58,4,15.980958,0.8125,0.4375,504.6875,0.00141,2.058224,15.980958
2026-02-25T14:24:10,5,11.271475,0.75,0.625,440.0,0.016482,4.572166,15.980958
2026-02-25T14:24:25,6,17.421262,0.9375,0.4375,532.8125,-0.051113,2.468993,17.421262
2026-02-25T14:24:41,7,8.797281,0.4375,0.75,566.25,-0.019902,1.08986,17.421262
2026-02-25T14:24:57,8,14.910701,0.875,0.5625,538.4375,-0.052379,3.056915,17.421262
2026-02-25T14:25:12,9,11.666586,0.625,0.625,533.0,-0.052859,1.735309,17.421262
2026-02-25T14:25:26,10,14.516293,0.9375,0.5625,468.0,-0.050724,3.850615,17.421262
2026-02-25T14:25:41,11,11.836912,0.5625,0.5,503.375,-0.051192,2.406379,17.421262
2026-02-25T14:25:58,12,9.778532,0.4375,0.6875,565.3125,-0.05215,2.646424,17.421262
2026-02-25T14:26:14,13,14.609495,0.75,0.5,537.1875,-0.04055,2.572879,17.421262
2026-02-25T14:26:28,14,6.105041,0.375,0.8125,469.625,-0.045467,2.241424,17.421262
2026-02-25T14:26:43,15,14.8844,0.6875,0.375,535.375,-0.051214,1.498232,17.421262
2026-02-25T14:26:56,16,17.781141,1.125,0.4375,470.8125,-0.04387,4.171976,17.781141
2026-02-25T14:27:12,17,9.919004,0.3125,0.6875,536.125,-0.011955,1.622861,17.781141
2026-02-25T14:27:28,18,15.043087,0.75,0.5,502.6875,0.041356,2.154774,17.781141
2026-02-25T14:27:43,19,15.930126,0.8125,0.5,559.75,-0.008603,1.824988,17.781141
2026-02-25T14:27:58,20,9.089064,0.4375,0.6875,501.75,-0.040386,4.584224,17.781141
2026-02-25T14:28:10,21,9.718977,0.625,0.75,419.375,-0.054065,3.817132,17.781141
2026-02-25T14:28:25,22,7.581954,0.4375,0.8125,502.3125,0.028598,3.174172,17.781141
2026-02-25T14:28:40,23,8.87683,0.5,0.6875,500.125,-0.051541,3.574045,17.781141
2026-02-25T14:28:53,24,7.165929,0.5625,0.8125,435.9375,-0.0542,2.973438,17.781141
2026-02-25T14:29:06,25,15.913603,0.8125,0.4375,469.75,-0.024971,2.618042,17.781141
2026-02-25T14:29:22,26,17.81623,1.0,0.5,565.5,-0.052736,2.165745,17.81623
2026-02-25T14:29:37,27,13.139892,0.625,0.625,522.5,-0.048424,2.62416,17.81623
2026-02-25T14:29:53,28,19.177925,1.0,0.4375,567.1875,-0.013278,2.610548,19.177925
2026-02-25T14:30:07,29,6.780543,0.5,0.875,470.3125,-0.05237,2.29854,19.177925
2026-02-25T14:30:21,30,12.024383,0.625,0.5625,506.3125,-0.034098,2.761567,19.177925
2026-02-25T14:30:37,31,12.396324,0.625,0.625,566.5625,-0.000997,1.440313,19.177925
2026-02-25T14:30:51,32,7.668624,0.375,0.6875,473.25,-0.007089,1.988485,19.177925
2026-02-25T14:31:07,33,9.514541,0.4375,0.6875,539.5625,-0.04772,1.752133,19.177925
2026-02-25T14:31:19,34,6.459539,0.5,0.875,396.3125,-0.053623,3.55181,19.177925
2026-02-25T14:31:35,35,10.153223,0.5,0.75,592.1875,-0.024565,5.449789,19.177925
2026-02-25T14:31:51,36,16.772733,0.9375,0.4375,534.5,-0.037931,4.284641,19.177925
2026-02-25T14:32:08,37,8.478488,0.3125,0.6875,567.3125,-0.052963,3.248842,19.177925
2026-02-25T14:32:23,38,17.320372,0.875,0.5,537.5625,-0.053169,3.79349,19.177925
2026-02-25T14:32:39,39,6.976822,0.3125,0.75,538.9375,-0.053592,3.57837,19.177925
2026-02-25T14:32:54,40,13.38361,0.75,0.625,495.1875,-0.05303,4.523502,19.177925
2026-02-25T14:33:08,41,6.252088,0.4375,0.8125,458.6875,-0.053447,4.436685,19.177925
2026-02-25T14:33:23,42,12.571907,0.8125,0.625,473.0625,-0.053402,4.078051,19.177925
2026-02-25T14:33:37,43,9.921231,0.5,0.625,498.375,-0.053209,3.549777,19.177925
2026-02-25T14:33:50,44,4.420125,0.375,0.8125,400.75,-0.053325,4.347355,19.177925
2026-02-25T14:34:06,45,12.24339,0.625,0.625,539.6875,-0.053109,3.536954,19.177925
2026-02-25T14:34:20,46,13.039447,0.8125,0.5625,469.875,-0.053067,4.141386,19.177925
2026-02-25T14:34:34,47,13.943931,0.875,0.625,499.9375,-0.053867,4.445457,19.177925
2026-02-25T14:34:47,48,11.529837,0.75,0.625,409.0625,-0.053501,4.46673,19.177925
2026-02-25T14:35:03,49,13.104108,0.625,0.5625,567.6875,-0.053409,3.291022,19.177925
2026-02-25T14:35:16,50,12.315891,0.8125,0.5625,435.5,-0.053854,4.553095,19.177925
2026-02-25T14:35:32,51,11.09373,0.5625,0.6875,565.4375,-0.053107,3.446198,19.177925
2026-02-25T14:35:46,52,6.597552,0.4375,0.8125,468.9375,-0.052148,4.258793,19.177925
2026-02-25T14:36:02,53,16.134501,0.75,0.375,569.875,-0.054277,2.87866,19.177925
2026-02-25T14:36:17,54,6.883817,0.375,0.75,475.625,-0.05254,3.893285,19.177925
2026-02-25T14:36:33,55,8.451866,0.5,0.8125,534.6875,-0.053108,4.368093,19.177925
2026-02-25T14:36:46,56,14.906409,0.875,0.4375,465.0,-0.053233,3.517198,19.177925
2026-02-25T14:37:02,57,13.153318,0.6875,0.625,540.25,-0.052678,3.561252,19.177925
2026-02-25T14:37:17,58,5.806979,0.25,0.75,500.125,-0.050545,3.632508,19.177925
2026-02-25T14:37:40,1,12.80208,0.8125,0.5625,470.0,-0.003855,5.802864,12.80208
2026-02-25T14:37:56,2,9.814913,0.4375,0.6875,531.5,-0.037372,1.919236,12.80208
2026-02-25T14:38:09,3,9.66026,0.6875,0.75,466.375,-0.047842,2.510973,12.80208
2026-02-25T14:38:24,4,16.375381,0.75,0.4375,536.8125,-0.045451,1.933755,16.375381
2026-02-25T14:38:37,5,11.393264,0.75,0.625,440.75,-0.040448,2.583385,16.375381
2026-02-25T14:38:52,6,16.64908,0.8125,0.5625,533.25,-0.04152,2.245897,16.64908
2026-02-25T14:39:07,7,8.413034,0.4375,0.75,540.0625,-0.048618,2.234646,16.64908
2026-02-25T14:39:24,8,16.643111,1.0,0.5,538.3125,-0.043609,2.379428,16.64908
2026-02-25T14:39:38,9,10.980384,0.6875,0.6875,498.8125,-0.035691,2.299101,16.64908
2026-02-25T14:39:53,10,17.412858,1.0625,0.5,502.9375,-0.044601,3.390556,17.412858
2026-02-25T14:40:07,11,9.27821,0.5625,0.6875,471.125,-0.037441,2.280715,17.412858
2026-02-25T14:40:22,12,8.045199,0.375,0.75,532.8125,-0.050304,2.047964,17.412858
2026-02-25T14:40:38,13,13.251861,0.75,0.5625,507.375,-0.030813,2.270307,17.412858
2026-02-25T14:40:51,14,5.374106,0.4375,0.875,437.875,-0.034946,2.60695,17.412858
2026-02-25T14:41:06,15,13.920204,0.75,0.5,504.9375,-0.024462,3.448158,17.412858
2026-02-25T14:41:19,16,16.071266,0.9375,0.4375,471.8125,-0.035974,7.308208,17.412858
2026-02-25T14:41:36,17,10.340007,0.375,0.6875,536.375,-0.052136,3.827617,17.412858
2026-02-25T14:41:48,18,11.633233,0.6875,0.625,436.0,-0.053929,4.271132,17.412858
2026-02-25T14:42:05,19,14.376381,0.6875,0.5625,559.9375,-0.053497,3.140917,17.412858
2026-02-25T14:42:20,20,10.977656,0.5625,0.625,502.0,-0.053963,3.683743,17.412858
2026-02-25T14:42:33,21,13.207256,0.8125,0.5625,419.625,-0.053779,4.603509,17.412858
2026-02-25T14:42:47,22,4.835145,0.3125,0.875,464.125,-0.052855,3.074654,17.412858
2026-02-25T14:43:02,23,8.544036,0.4375,0.6875,500.3125,-0.052307,3.468065,17.412858
2026-02-25T14:43:16,24,7.87443,0.5625,0.75,437.0625,-0.052559,3.501756,17.412858
2026-02-25T14:43:30,25,14.512545,0.75,0.5,469.8125,-0.051758,3.964063,17.412858
2026-02-25T14:43:46,26,15.705866,0.9375,0.5625,532.4375,-0.053301,3.733573,17.412858
2026-02-25T14:44:01,27,10.955382,0.5,0.6875,493.375,-0.053121,3.540815,17.412858
2026-02-25T14:44:19,28,17.082517,0.8125,0.4375,567.25,-0.052259,3.376596,17.412858
2026-02-25T14:44:34,29,9.764916,0.6875,0.75,470.1875,-0.052385,3.234109,17.412858
2026-02-25T14:44:49,30,9.75106,0.5625,0.625,471.3125,-0.053161,3.353986,17.412858
2026-02-25T14:45:07,31,13.701855,0.625,0.5625,600.0,-0.053161,2.613136,17.412858
2026-02-25T14:45:22,32,6.86502,0.375,0.75,473.125,-0.048637,2.820403,17.412858
2026-02-25T14:45:39,33,8.782028,0.375,0.6875,539.5625,-0.049607,2.681803,17.412858
2026-02-25T14:45:52,34,7.877715,0.5,0.8125,428.9375,-0.048416,3.205935,17.412858
2026-02-25T14:46:09,35,10.302936,0.5,0.75,592.3125,-0.053184,2.60244,17.412858
2026-02-25T14:46:26,36,16.214593,0.875,0.4375,534.5,-0.052814,3.403434,17.412858
2026-02-25T14:46:43,37,8.434073,0.3125,0.6875,567.375,-0.045842,2.010008,17.412858
2026-02-25T14:46:59,38,17.209898,0.875,0.5,537.4375,-0.050812,3.458101,17.412858
2026-02-25T14:47:15,39,7.042961,0.3125,0.75,539.0,-0.051904,2.20133,17.412858
2026-02-25T14:47:31,40,16.246703,0.875,0.5625,529.875,-0.053169,3.812266,17.412858
2026-02-25T14:47:45,41,6.276151,0.4375,0.8125,458.75,-0.050791,2.852245,17.412858
2026-02-25T14:47:59,42,12.50864,0.8125,0.625,473.75,-0.053525,3.338569,17.412858
2026-02-25T14:48:13,43,9.342629,0.4375,0.625,498.3125,-0.05337,2.615001,17.412858
2026-02-25T14:48:25,44,3.848652,0.3125,0.8125,400.5,-0.047298,2.854659,17.412858
2026-02-25T14:48:41,45,10.381863,0.5,0.6875,539.625,-0.050792,2.465445,17.412858
2026-02-25T14:48:56,46,15.263554,0.875,0.5,500.5,-0.051887,3.482551,17.412858
2026-02-25T14:49:10,47,11.879756,0.75,0.6875,499.875,-0.051465,3.399584,17.412858
2026-02-25T14:49:23,48,11.812205,0.75,0.625,408.6875,-0.04966,3.922045,17.412858
2026-02-25T14:49:38,49,11.831157,0.5625,0.5625,535.125,-0.050704,2.496561,17.412858
2026-02-25T14:49:50,50,9.958929,0.6875,0.625,402.3125,-0.052699,3.972558,17.412858
2026-02-25T14:50:06,51,10.03571,0.5,0.75,565.6875,-0.050917,2.129755,17.412858
2026-02-25T14:50:20,52,6.503831,0.4375,0.8125,468.875,-0.049304,2.804292,17.412858
2026-02-25T14:50:37,53,16.207024,0.75,0.375,569.75,-0.046055,2.62782,17.412858
2026-02-25T14:50:51,54,7.453497,0.4375,0.75,475.4375,-0.048662,2.707376,17.412858
2026-02-25T14:51:06,55,7.875226,0.4375,0.8125,534.5625,-0.052792,2.456857,17.412858
2026-02-25T14:51:20,56,15.448134,0.9375,0.4375,462.9375,-0.052159,3.472234,17.412858
2026-02-25T14:51:35,57,13.452309,0.6875,0.625,540.1875,-0.04936,2.655853,17.412858
2026-02-25T14:51:51,58,5.735746,0.25,0.75,500.0,-0.053724,2.269907,17.412858
2026-02-25T14:52:05,59,13.00459,0.8125,0.5625,467.3125,-0.04987,3.854121,17.412858
2026-02-25T14:52:20,60,8.679218,0.4375,0.6875,500.8125,-0.054156,2.28396,17.412858
2026-02-25T14:52:35,61,11.094667,0.5,0.5625,497.625,-0.054131,2.449671,17.412858
2026-02-25T14:52:51,62,14.566341,0.8125,0.5625,536.0,-0.052864,2.999528,17.412858
2026-02-25T14:53:08,63,15.154901,0.6875,0.4375,566.4375,-0.051305,2.644602,17.412858
2026-02-25T14:53:20,64,12.082799,0.8125,0.625,407.375,-0.053677,4.015697,17.412858
2026-02-25T14:53:34,65,16.722651,1.125,0.5,467.625,-0.047937,4.247033,17.412858
2026-02-25T14:53:47,66,12.293507,0.75,0.5625,464.0,-0.054359,3.326791,17.412858
2026-02-25T14:54:03,67,10.382241,0.5,0.625,537.5,-0.053998,2.161267,17.412858
2026-02-25T14:54:18,68,13.090289,0.625,0.5,538.125,-0.054709,2.399474,17.412858
2026-02-25T14:54:32,69,12.388925,0.75,0.625,497.875,-0.053953,3.054396,17.412858
2026-02-25T14:54:48,70,7.750049,0.375,0.75,534.3125,-0.054356,2.090268,17.412858
2026-02-25T14:55:03,71,11.663643,0.6875,0.625,469.4375,-0.051951,3.330552,17.412858
2026-02-25T14:55:20,72,10.935781,0.5625,0.6875,530.75,-0.054491,2.314586,17.412858
2026-02-25T14:55:33,73,14.583135,0.875,0.5,474.8125,-0.053227,3.456636,17.412858
2026-02-25T14:55:47,74,9.518721,0.5,0.6875,470.25,-0.054768,2.738688,17.412858
2026-02-25T14:56:03,75,5.910974,0.25,0.8125,530.8125,-0.055608,2.0685,17.412858
2026-02-25T14:56:21,76,17.844442,0.75,0.375,600.0,-0.05453,2.378367,17.844442
2026-02-25T14:56:44,1,-67.818547,0.75,0.5625,501.1875,-0.031763,76.403374,-67.818547
2026-02-25T14:56:59,2,-84.548811,0.375,0.6875,532.1875,-0.02484,77.237663,-67.818547
2026-02-25T14:57:12,3,-85.749166,0.6875,0.75,466.875,-0.048851,100.031517,-67.818547
2026-02-25T14:57:26,4,-60.944322,0.6875,0.5,509.0,0.02607,66.889137,-60.944322
2026-02-25T14:57:39,5,-63.516737,0.875,0.5625,441.4375,-0.044202,90.704514,-60.944322
2026-02-25T14:57:54,6,-65.489913,0.875,0.5625,533.5,-0.053472,65.518799,-60.944322
2026-02-25T14:58:10,7,-91.361886,0.4375,0.75,540.1875,-0.030792,79.097801,-60.944322
2026-02-25T14:58:26,8,-60.942397,0.9375,0.5,538.5,-0.040793,59.583279,-60.942397
2026-02-25T14:58:40,9,-73.703786,0.75,0.625,499.3125,-0.050421,77.429794,-60.942397
2026-02-25T14:58:56,10,-59.537663,1.0,0.5,533.3125,0.058847,61.074875,-59.537663
2026-02-25T14:59:10,11,-75.238296,0.625,0.625,501.4375,-0.055388,80.121727,-59.537663
2026-02-25T14:59:25,12,-90.226526,0.375,0.75,500.125,-0.054981,89.740143,-59.537663
2026-02-25T14:59:40,13,-67.813574,0.75,0.5625,507.5,-0.053854,71.78656,-59.537663
2026-02-25T14:59:53,14,-92.727781,0.5,0.8125,438.1875,-0.051763,115.103134,-59.537663
2026-02-25T15:00:09,15,-54.02952,1.0,0.4375,539.125,-0.0536,54.310635,-54.02952
2026-02-25T15:00:22,16,-51.804479,0.9375,0.4375,469.9375,-0.055063,72.619232,-51.804479
2026-02-25T15:00:38,17,-83.36874,0.375,0.6875,536.6875,0.057651,69.486313,-51.804479
2026-02-25T15:00:51,18,-64.672868,0.75,0.5625,436.375,-0.040085,90.324547,-51.804479
2026-02-25T15:01:08,19,-63.559392,0.6875,0.5,560.0,0.032713,53.534256,-51.804479
2026-02-25T15:01:24,20,-63.605118,0.625,0.5,535.4375,-0.0514,58.785934,-51.804479
2026-02-25T15:01:37,21,-62.034145,0.875,0.5625,421.25,-0.051735,96.416924,-51.804479
2026-02-25T15:01:51,22,-101.226889,0.375,0.875,464.5,-0.05331,109.924492,-51.804479
2026-02-25T15:02:07,23,-89.634242,0.4375,0.75,501.0625,-0.056222,84.003815,-51.804479
2026-02-25T15:02:21,24,-86.043997,0.5625,0.75,437.75,-0.056157,102.034088,-51.804479
2026-02-25T15:02:35,25,-58.456736,0.75,0.5,470.6875,-0.055367,73.000694,-51.804479
2026-02-25T15:02:51,26,-82.283825,0.625,0.6875,532.5,-0.033075,70.718834,-51.804479
2026-02-25T15:03:06,27,-80.076446,0.5625,0.6875,498.375,0.006471,80.933128,-51.804479
2026-02-25T15:03:23,28,-56.421051,0.8125,0.4375,567.5,-0.047303,47.316288,-51.804479
2026-02-25T15:03:40,29,-86.010076,0.6875,0.75,471.375,-0.053586,91.240105,-51.804479
2026-02-25T15:03:54,30,-74.687555,0.5625,0.625,471.6875,0.025272,83.498772,-51.804479
2026-02-25T15:04:11,31,-73.578431,0.5625,0.5625,600.0,-0.054368,52.382168,-51.804479
2026-02-25T15:04:24,32,-86.817075,0.375,0.75,408.625,-0.050301,117.205215,-51.804479
2026-02-25T15:04:42,33,-87.004314,0.3125,0.6875,570.0,-0.041639,60.717426,-51.804479
2026-02-25T15:04:56,34,-85.158078,0.5,0.75,460.625,-0.023074,91.253891,-51.804479
2026-02-25T15:05:13,35,-103.211271,0.4375,0.875,527.6875,-0.037977,75.694359,-51.804479
2026-02-25T15:05:29,36,-69.122825,0.6875,0.5625,535.5625,-0.052934,59.818798,-51.804479
2026-02-25T15:05:46,37,-86.070063,0.3125,0.6875,537.1875,-0.055609,66.045746,-51.804479
2026-02-25T15:06:02,38,-59.459677,0.9375,0.5,538.125,0.004658,55.216473,-51.804479
2026-02-25T15:06:19,39,-93.784381,0.3125,0.75,570.0,-0.055869,64.88633,-51.804479
2026-02-25T15:06:35,40,-69.447328,0.5625,0.5625,530.375,-0.041989,60.942921,-51.804479
2026-02-25T15:06:51,41,-95.355572,0.4375,0.8125,489.25,-0.039389,89.635696,-51.804479
2026-02-25T15:07:06,42,-75.550496,0.5625,0.625,508.875,0.020482,70.825912,-51.804479
2026-02-25T15:07:22,43,-77.058251,0.375,0.625,498.875,-0.052308,72.559906,-51.804479
2026-02-25T15:07:36,44,-80.187685,0.375,0.6875,404.0625,-0.056166,108.106262,-51.804479
2026-02-25T15:08:07,1,-75.215963,0.625,0.625,501.1875,-0.034825,81.95166,-75.215963
2026-02-25T15:08:22,2,-84.542153,0.375,0.6875,532.1875,-0.02172,77.376335,-75.215963
2026-02-25T15:08:35,3,-85.740422,0.6875,0.75,467.0,0.00698,100.680115,-75.215963
2026-02-25T15:08:49,4,-66.292323,0.625,0.5625,509.0,-0.040865,70.441597,-66.292323
2026-02-25T15:09:02,5,-70.362113,0.8125,0.625,441.375,-0.055673,95.990936,-66.292323
2026-02-25T15:09:17,6,-66.291557,0.8125,0.5625,533.375,-0.05085,64.676666,-66.291557
2026-02-25T15:09:33,7,-91.4348,0.4375,0.75,540.125,-0.024242,76.677818,-66.291557
2026-02-25T15:09:50,8,-60.967161,0.9375,0.5,538.4375,-0.042692,59.566345,-60.967161
2026-02-25T15:10:06,9,-73.773799,0.75,0.625,499.25,-0.027908,74.5327,-60.967161
2026-02-25T15:10:22,10,-59.591668,1.0,0.5,533.1875,-0.048735,60.658779,-59.591668
2026-02-25T15:10:37,11,-80.864245,0.5625,0.6875,471.375,-0.019702,90.584679,-59.591668
2026-02-25T15:10:54,12,-91.540983,0.375,0.75,532.8125,0.003993,77.391693,-59.591668
2026-02-25T15:11:11,13,-67.865935,0.75,0.5625,507.4375,-0.055151,69.992714,-59.591668
2026-02-25T15:11:25,14,-92.811376,0.5,0.8125,438.5,-0.046206,113.033035,-59.591668
2026-02-25T15:11:42,15,-48.327335,1.0625,0.375,570.1875,-0.055227,46.00576,-48.327335
2026-02-25T15:11:57,16,-51.84804,0.9375,0.4375,470.0,-0.04951,67.757584,-48.327335
2026-02-25T15:12:14,17,-83.252783,0.375,0.6875,536.75,-0.055367,75.71479,-48.327335
2026-02-25T15:12:28,18,-59.46668,0.75,0.5,466.125,-0.056096,76.059319,-48.327335
2026-02-25T15:12:45,19,-63.515159,0.6875,0.5,560.0625,-0.045039,55.958523,-48.327335
2026-02-25T15:13:02,20,-63.628697,0.625,0.5,535.5,-0.021064,59.734127,-48.327335
2026-02-25T15:13:15,21,-61.292191,0.9375,0.5625,421.375,-0.054761,94.898636,-48.327335
2026-02-25T15:13:30,22,-101.168712,0.375,0.875,464.8125,-0.055992,115.601463,-48.327335
2026-02-25T15:13:46,23,-89.808825,0.4375,0.75,501.625,-0.057231,92.549408,-48.327335
2026-02-25T15:14:00,24,-85.980809,0.5625,0.75,440.9375,0.003243,103.708878,-48.327335
2026-02-25T15:14:15,25,-64.301689,0.75,0.5625,471.375,0.030295,78.551285,-48.327335
2026-02-25T15:14:30,26,-81.229325,0.625,0.6875,501.375,-0.050872,81.857224,-48.327335
2026-02-25T15:14:45,27,-87.431994,0.375,0.75,469.75,-0.047232,96.674889,-48.327335
2026-02-25T15:15:02,28,-56.846736,0.75,0.4375,567.875,-0.022987,49.853283,-48.327335
2026-02-25T15:15:17,29,-79.042777,0.75,0.6875,472.125,-0.056862,86.347496,-48.327335
2026-02-25T15:15:30,30,-80.118285,0.5,0.6875,442.5,-0.055053,97.054611,-48.327335
2026-02-25T15:15:48,31,-66.752378,0.625,0.5,600.0,-0.056171,47.651581,-48.327335
2026-02-25T15:16:00,32,-93.679876,0.3125,0.8125,409.5,-0.059103,118.716385,-48.327335
2026-02-25T15:16:17,33,-93.314108,0.3125,0.75,570.1875,-0.037611,64.046585,-48.327335
2026-02-25T15:16:30,34,-83.27073,0.625,0.75,438.875,0.015387,101.507248,-48.327335
2026-02-25T15:16:46,35,-97.842853,0.375,0.8125,535.75,-0.034907,73.953773,-48.327335
2026-02-25T15:17:01,36,-60.53063,0.8125,0.5,508.5,0.010574,63.395138,-48.327335
2026-02-25T15:17:14,37,-101.204536,0.3125,0.875,449.9375,-0.056215,114.069611,-48.327335
2026-02-25T15:17:29,38,-81.217461,0.5,0.6875,501.375,-0.05199,80.404327,-48.327335
2026-02-25T15:17:45,39,-92.757733,0.375,0.75,565.6875,-0.001432,67.695107,-48.327335
2026-02-25T15:18:01,40,-68.385989,0.625,0.5625,530.75,-0.03738,66.27816,-48.327335
2026-02-25T15:18:16,41,-95.148615,0.375,0.8125,469.375,-0.04455,96.258484,-48.327335
2026-02-25T15:18:31,42,-81.718416,0.625,0.6875,509.1875,-0.037976,78.72435,-48.327335
2026-02-25T15:18:46,43,-77.262033,0.375,0.625,499.5,-0.027533,74.59375,-48.327335
2026-02-25T15:18:58,44,-80.110572,0.375,0.6875,403.125,-0.055595,109.195923,-48.327335
2026-02-25T15:19:13,45,-81.844197,0.5625,0.6875,508.0625,0.003746,80.876091,-48.327335
2026-02-25T15:19:25,46,-69.621345,0.875,0.625,436.0,-0.056922,89.193756,-48.327335
2026-02-25T15:19:40,47,-94.974524,0.5,0.8125,498.5625,-0.057222,90.591827,-48.327335
2026-02-25T15:19:51,48,-72.008244,0.875,0.6875,349.125,-0.057735,125.749039,-48.327335
2026-02-25T15:20:06,49,-70.002154,0.625,0.5625,535.4375,-0.056108,61.850056,-48.327335
2026-02-25T15:20:17,50,-77.45743,0.5,0.6875,373.625,-0.057613,121.845749,-48.327335
2026-02-25T15:20:34,51,-84.929311,0.5,0.6875,568.5,-0.05707,73.648766,-48.327335
2026-02-25T15:20:47,52,-93.393251,0.4375,0.8125,442.75,-0.056811,111.568794,-48.327335
2026-02-25T15:21:03,53,-48.934457,0.875,0.375,537.6875,-0.045697,51.61459,-48.327335
2026-02-25T15:21:18,54,-81.263141,0.5,0.6875,471.25,-0.058173,87.33223,-48.327335
2026-02-25T15:21:33,55,-97.79433,0.375,0.8125,536.125,-0.056684,79.418671,-48.327335
2026-02-25T15:21:46,56,-54.892772,1.0625,0.5,428.75,-0.056238,82.388298,-48.327335
2026-02-25T15:22:01,57,-61.97207,0.625,0.5,508.8125,-0.053533,60.714149,-48.327335
2026-02-25T15:22:16,58,-82.996243,0.375,0.6875,476.9375,-0.057453,83.465469,-48.327335
2026-02-25T15:22:31,59,-61.730546,0.6875,0.5,500.3125,-0.056409,63.524197,-48.327335
2026-02-25T15:22:48,60,-78.178477,0.4375,0.625,533.0,-0.050635,76.200859,-48.327335
2026-02-25T15:23:02,61,-81.78633,0.375,0.6875,469.5625,-0.056789,94.943169,-48.327335
2026-02-25T15:23:19,62,-59.141673,1.0625,0.5,538.25,-0.056353,61.283455,-48.327335
2026-02-25T15:23:35,63,-62.380288,0.75,0.5,534.3125,-0.05706,60.883648,-48.327335
2026-02-25T15:23:49,64,-63.364779,0.8125,0.5625,436.6875,-0.03366,93.510536,-48.327335
2026-02-25T15:24:04,65,-45.899092,0.875,0.375,466.875,0.02791,60.335976,-45.899092
2026-02-25T15:24:18,66,-65.833792,0.75,0.5625,467.375,-0.056794,81.398857,-45.899092
2026-02-25T15:24:36,67,-71.122182,0.625,0.5625,568.875,-0.055928,63.413418,-45.899092
2026-02-25T15:24:52,68,-42.438731,0.875,0.3125,541.5625,-0.057301,42.274242,-42.438731
2026-02-25T15:25:06,69,-71.776333,0.625,0.625,433.375,-0.053964,98.609421,-42.438731
2026-02-25T15:25:23,70,-91.319628,0.375,0.75,533.5,-0.046805,86.069672,-42.438731
2026-02-25T15:25:40,71,-68.152087,0.75,0.5625,531.625,-0.056236,66.9729,-42.438731
2026-02-25T15:25:54,72,-87.691439,0.3125,0.75,434.3125,0.080324,105.764801,-42.438731
2026-02-25T15:26:10,73,-45.232903,1.1875,0.375,539.875,0.074691,49.401752,-42.438731
2026-02-25T15:26:25,74,-71.505769,0.75,0.625,470.75,-0.057483,83.366554,-42.438731
2026-02-25T15:26:40,75,-110.463024,0.125,0.9375,472.5,-0.056959,110.126373,-42.438731
2026-02-25T15:26:57,76,-61.780191,0.8125,0.5,540.0625,-0.057356,57.986748,-42.438731
2026-02-25T15:27:14,77,-57.526104,0.6875,0.4375,570.75,-0.036102,46.685387,-42.438731
2026-02-25T15:27:31,78,-64.309356,0.5625,0.5,535.5625,-0.000313,57.887695,-42.438731
2026-02-25T15:27:46,79,-86.300147,0.5625,0.75,470.6875,-0.024461,91.042656,-42.438731
2026-02-25T15:28:02,80,-71.076333,0.5,0.5625,538.8125,0.00033,59.167141,-42.438731
2026-02-25T15:28:14,81,-90.447594,0.375,0.8125,353.1875,-0.01124,147.300232,-42.438731
2026-02-25T15:28:31,82,-84.935123,0.375,0.6875,536.6875,-0.053427,70.383453,-42.438731
2026-02-25T15:28:50,83,-48.760193,1.0625,0.375,600.0,0.014917,37.41161,-42.438731
2026-02-25T15:29:05,84,-95.171433,0.3125,0.8125,469.5625,0.03496,98.237564,-42.438731
2026-02-25T15:29:20,85,-94.376072,0.4375,0.8125,477.125,-0.058156,92.819099,-42.438731
2026-02-25T15:29:34,86,-68.443144,0.9375,0.625,450.375,-0.056606,88.199997,-42.438731
2026-02-25T15:29:48,87,-83.334732,0.6875,0.75,442.5,-0.05796,97.821899,-42.438731
2026-02-25T15:30:03,88,-74.02307,0.5625,0.625,471.6875,-0.056381,79.037117,-42.438731
2026-02-25T15:30:15,89,-68.986441,0.6875,0.625,382.5625,-0.057528,106.522003,-42.438731
2026-02-25T15:30:29,90,-80.709651,0.4375,0.6875,447.0625,-0.054932,92.336464,-42.438731
2026-02-25T15:30:45,91,-67.018522,0.75,0.5625,510.125,-0.056458,65.534599,-42.438731
2026-02-25T15:30:59,92,-80.791025,0.4375,0.6875,447.3125,-0.058186,90.468925,-42.438731
2026-02-25T15:31:14,93,-79.359349,0.8125,0.6875,507.9375,-0.047237,73.371887,-42.438731
2026-02-25T15:31:30,94,-95.866659,0.3125,0.8125,475.1875,-0.050696,95.561569,-42.438731
2026-02-25T15:31:45,95,-85.591103,0.6875,0.75,482.125,-0.056067,85.634071,-42.438731
2026-02-25T15:32:04,96,-94.903994,0.25,0.75,600.0,-0.05699,57.715496,-42.438731
2026-02-25T15:32:17,97,-76.523945,0.6875,0.6875,409.625,-0.056981,99.249336,-42.438731
2026-02-25T15:32:32,98,-93.996117,0.4375,0.8125,468.5625,-0.057949,86.913429,-42.438731
2026-02-25T15:32:49,99,-74.735283,0.75,0.625,542.5625,-0.050466,60.630527,-42.438731
2026-02-25T15:33:04,100,-74.813161,0.5625,0.625,507.5625,-0.05807,66.308739,-42.438731
2026-02-25T15:33:24,101,-64.044439,0.8125,0.5,600.0,-0.057374,46.018452,-42.438731
2026-02-25T15:33:40,102,-87.99515,0.4375,0.75,482.4375,-0.058818,86.096458,-42.438731
2026-02-25T15:33:50,103,-89.279952,0.3125,0.8125,318.5625,-0.056987,152.09996,-42.438731
2026-02-25T15:34:08,104,-91.902723,0.4375,0.75,567.875,-0.056907,62.916615,-42.438731
2026-02-25T15:34:22,105,-62.193939,0.625,0.5,504.8125,-0.057662,60.044411,-42.438731
2026-02-25T15:34:38,106,-83.522717,0.5,0.6875,538.5,-0.023426,63.927361,-42.438731
2026-02-25T15:34:50,107,-64.439647,0.6875,0.5625,410.8125,-0.05525,85.897591,-42.438731
2026-02-25T15:35:04,108,-89.435185,0.3125,0.75,478.6875,-0.009512,84.65889,-42.438731
2026-02-25T15:35:20,109,-54.803634,0.875,0.4375,536.25,-0.056878,50.052704,-42.438731
2026-02-25T15:35:35,110,-75.302691,0.5625,0.625,504.25,-0.054787,69.520538,-42.438731
2026-02-25T15:35:50,111,-53.543592,0.75,0.4375,509.6875,-0.047122,56.870243,-42.438731
2026-02-25T15:36:05,112,-84.151576,0.4375,0.6875,531.75,-0.05743,67.996918,-42.438731
2026-02-25T15:36:22,113,-47.856629,0.875,0.375,545.4375,-0.057666,46.026325,-42.438731
2026-02-25T15:36:39,114,-75.397778,0.5,0.625,505.0625,-0.057918,72.327393,-42.438731
2026-02-25T15:36:54,115,-46.60105,0.9375,0.375,514.4375,-0.057803,51.295689,-42.438731
2026-02-25T15:37:07,116,-105.650079,0.1875,0.9375,382.75,-0.05801,142.391983,-42.438731
2026-02-25T15:37:25,117,-79.114565,0.375,0.625,569.875,-0.057352,58.103428,-42.438731
2026-02-25T15:37:42,118,-91.104649,0.3125,0.75,541.8125,-0.054319,67.73288,-42.438731
2026-02-25T15:37:57,119,-66.493531,0.6875,0.5625,474.875,-0.047795,73.149803,-42.438731
2026-02-25T15:38:12,120,-73.129058,0.5625,0.625,453.125,-0.036395,80.047775,-42.438731
2026-02-25T15:38:28,121,-69.203276,0.625,0.5625,539.0625,-0.027054,57.507782,-42.438731
2026-02-25T15:38:43,122,-74.659586,0.5,0.625,473.625,-0.037127,88.814217,-42.438731
2026-02-25T15:38:59,123,-71.971224,0.75,0.625,480.125,-0.055986,80.952751,-42.438731
2026-02-25T15:39:14,124,-88.478182,0.4375,0.75,505.5,-0.058395,69.423355,-42.438731
2026-02-25T15:39:29,125,-51.066907,0.9375,0.4375,483.4375,-0.039734,63.983017,-42.438731
2026-02-25T15:39:45,126,-81.816131,0.5,0.6875,504.3125,-0.047944,70.858192,-42.438731
2026-02-25T15:40:02,127,-63.723649,1.125,0.5625,541.4375,-0.058598,56.406662,-42.438731
2026-02-25T15:40:19,128,-73.655717,0.75,0.625,530.8125,-0.028234,60.162994,-42.438731
2026-02-25T15:40:34,129,-83.427433,0.625,0.75,421.6875,-0.0549,99.959351,-42.438731
2026-02-25T15:40:50,130,-87.834831,0.625,0.75,535.125,-0.057844,69.346283,-42.438731
2026-02-25T15:41:04,131,-74.180518,0.4375,0.625,447.1875,-0.055572,82.697845,-42.438731
2026-02-25T15:41:20,132,-59.875629,0.75,0.5,492.6875,-0.056265,63.814224,-42.438731
2026-02-25T15:41:37,133,-62.630124,0.75,0.5,571.625,-0.024207,48.265785,-42.438731
2026-02-25T15:41:50,134,-83.20624,0.625,0.75,405.625,-0.057935,102.877426,-42.438731
2026-02-25T15:42:04,135,-73.65827,0.5625,0.625,480.0,-0.051843,73.053726,-42.438731
2026-02-25T15:42:21,136,-75.552587,0.625,0.625,566.8125,-0.05742,49.036091,-42.438731
2026-02-25T15:42:36,137,-74.928517,0.5,0.625,512.0,-0.034245,68.542145,-42.438731
2026-02-25T15:42:52,138,-91.426392,0.375,0.75,542.875,-0.058067,62.351616,-42.438731
2026-02-25T15:43:07,139,-74.195445,0.6875,0.625,508.6875,-0.027601,69.736641,-42.438731
2026-02-25T15:43:23,140,-54.727506,0.875,0.4375,544.0,-0.051163,51.999969,-42.438731
2026-02-25T15:43:41,141,-72.957654,0.75,0.625,489.5,-0.055768,76.860176,-42.438731
2026-02-25T15:43:55,142,-70.874673,0.75,0.625,475.5625,-0.056303,79.148109,-42.438731
2026-02-25T15:44:10,143,-82.128862,0.75,0.75,410.6875,-0.059046,103.004196,-42.438731
2026-02-25T15:44:24,144,-81.340467,0.4375,0.6875,482.5625,-0.058773,80.583168,-42.438731
2026-02-25T15:44:37,145,-60.041791,1.0625,0.5625,425.1875,-0.053741,86.970512,-42.438731
2026-02-25T15:44:54,146,-39.222008,1.125,0.3125,543.625,-0.05774,43.827106,-39.222008
2026-02-25T15:45:10,147,-68.60135,0.625,0.5625,513.8125,-0.048758,64.131134,-39.222008
2026-02-25T15:45:25,148,-79.814958,0.5625,0.6875,475.5,-0.049976,82.417274,-39.222008
2026-02-25T15:45:43,149,-62.314199,0.75,0.5,571.75,-0.05813,49.523769,-39.222008
2026-02-25T15:45:58,150,-44.220766,0.9375,0.375,482.375,-0.058488,58.964012,-39.222008
2026-02-25T15:46:11,151,-78.229642,0.5,0.6875,418.75,-0.052279,99.077248,-39.222008
2026-02-25T15:46:28,152,-62.694906,0.625,0.5,539.375,-0.060025,55.452805,-39.222008
2026-02-25T15:46:44,153,-76.347626,0.5,0.625,515.5,-0.057767,67.833138,-39.222008
2026-02-25T15:47:02,154,-59.876398,1.0,0.5,571.5625,-0.057273,48.099274,-39.222008
2026-02-25T15:47:17,155,-88.298009,0.4375,0.75,483.375,-0.060788,80.531868,-39.222008
2026-02-25T15:47:34,156,-77.874633,0.375,0.625,536.875,-0.036768,61.023987,-39.222008
2026-02-25T15:47:48,157,-87.841255,0.375,0.75,461.1875,-0.058189,88.040932,-39.222008
2026-02-25T15:48:03,158,-62.614894,0.8125,0.5625,456.5625,-0.059273,78.915703,-39.222008
2026-02-25T15:48:17,159,-78.374622,0.75,0.6875,481.0625,0.025979,77.901436,-39.222008
2026-02-25T15:48:33,160,-68.967948,0.625,0.5625,523.625,0.060072,62.785637,-39.222008
2026-02-25T15:48:50,161,-61.786243,0.6875,0.5,506.75,-0.050009,63.370632,-39.222008
2026-02-25T15:49:04,162,-64.572293,0.75,0.5625,441.3125,-0.047036,79.971489,-39.222008
2026-02-25T15:49:18,163,-59.896109,0.75,0.5,477.375,-0.058588,78.73468,-39.222008
2026-02-25T15:49:37,164,-77.126877,0.625,0.625,570.6875,-0.057124,63.13348,-39.222008
2026-02-25T15:49:50,165,-78.476517,0.5,0.6875,418.375,-0.058176,100.99086,-39.222008
2026-02-25T15:50:07,166,-90.144494,0.375,0.75,508.1875,-0.059208,80.589928,-39.222008
2026-02-25T15:50:22,167,-93.698423,0.375,0.8125,459.4375,-0.05867,99.529213,-39.222008
2026-02-25T15:50:39,168,-55.448836,0.875,0.4375,569.1875,-0.058836,46.033245,-39.222008
2026-02-25T15:50:53,169,-66.094818,0.75,0.5625,475.375,-0.057868,71.297272,-39.222008
2026-02-25T15:51:08,170,-79.86484,0.625,0.6875,477.3125,-0.057918,77.447166,-39.222008
2026-02-25T15:51:22,171,-77.227877,0.6875,0.6875,447.6875,-0.059359,87.979347,-39.222008
2026-02-25T15:51:38,172,-74.449266,0.625,0.625,503.875,-0.059828,74.537361,-39.222008
2026-02-25T15:51:50,173,-93.716168,0.6875,0.875,378.0,-0.060281,119.339966,-39.222008
2026-02-25T15:52:05,174,-81.697739,0.5,0.6875,487.25,-0.029244,69.393707,-39.222008
2026-02-25T15:52:21,175,-72.967961,0.75,0.625,514.0,-0.05964,65.111168,-39.222008
2026-02-25T15:52:36,176,-65.20073,0.8125,0.5625,480.8125,-0.058231,63.942657,-39.222008
2026-02-25T15:52:52,177,-59.16216,0.8125,0.5,513.5,-0.058949,56.033752,-39.222008
2026-02-25T15:53:05,178,-62.443691,0.75,0.5625,402.0,-0.057576,94.431282,-39.222008
2026-02-25T15:53:20,179,-79.050343,0.6875,0.6875,485.3125,-0.057658,77.592743,-39.222008
2026-02-25T15:53:35,180,-79.753616,0.625,0.6875,478.0625,-0.059182,73.588394,-39.222008
2026-02-25T15:53:49,181,-78.993468,0.625,0.6875,470.125,-0.058443,84.369987,-39.222008
2026-02-25T15:54:04,182,-79.56901,0.5,0.6875,438.6875,-0.057206,86.736649,-39.222008
2026-02-25T15:54:19,183,-74.07089,0.625,0.625,516.1875,-0.058991,67.694199,-39.222008
2026-02-25T15:54:36,184,-63.358705,0.75,0.5,565.9375,-0.053849,43.041225,-39.222008
2026-02-25T15:54:47,185,-70.433229,0.5,0.625,384.125,-0.057839,103.242981,-39.222008
2026-02-25T15:55:03,186,-69.502876,0.5625,0.5625,514.1875,-0.058675,56.751762,-39.222008
2026-02-25T15:55:18,187,-79.695471,0.5625,0.6875,479.125,-0.059442,67.599869,-39.222008
2026-02-25T15:55:31,188,-88.650802,0.75,0.8125,422.5625,-0.059055,96.950935,-39.222008
2026-02-25T15:55:48,189,-97.093092,0.375,0.8125,535.3125,-0.056764,56.9394,-39.222008
2026-02-25T15:55:59,190,-74.190234,0.6875,0.6875,381.0625,-0.058126,114.231125,-39.222008
2026-02-25T15:56:12,191,-83.647026,0.5,0.75,400.5,-0.051205,97.383026,-39.222008
2026-02-25T15:56:27,192,-68.375353,0.625,0.5625,515.0625,-0.057539,58.166615,-39.222008
2026-02-25T15:56:41,193,-95.897806,0.1875,0.8125,450.875,-0.05879,88.602638,-39.222008
2026-02-25T15:56:55,194,-92.201798,0.4375,0.8125,427.5,-0.059713,91.802139,-39.222008
2026-02-25T15:59:52,1,-75.115186,0.625,0.75,413.875,0.00397,131.824066,-75.115186
2026-02-25T16:00:05,2,-65.499307,0.5625,0.625,471.25,-0.058018,92.677254,-65.499307
2026-02-25T16:00:21,3,-61.466033,0.625,0.5625,569.75,-0.050496,55.97168,-61.466033
2026-02-25T16:00:34,4,-62.728054,0.75,0.625,451.4375,-0.055951,96.478386,-61.466033
2026-02-25T16:00:48,5,-49.718539,0.75,0.5,511.4375,-0.053151,66.175789,-49.718539
2026-02-25T16:01:01,6,-49.707582,0.9375,0.5625,425.3125,-0.043699,99.72364,-49.707582
2026-02-25T16:01:15,7,-68.692458,0.625,0.6875,487.3125,-0.049518,94.14325,-49.707582
2026-02-25T16:01:28,8,-65.776152,0.8125,0.6875,436.1875,-0.05836,110.666542,-49.707582
2026-02-25T16:01:41,9,-65.696553,0.625,0.6875,460.375,-0.059693,97.877296,-49.707582
2026-02-25T16:01:54,10,-63.872524,0.8125,0.6875,433.3125,-0.059599,114.074051,-49.707582
2026-02-25T16:02:04,11,-64.19947,0.75,0.6875,346.8125,-0.059836,153.41954,-49.707582
2026-02-25T16:02:16,12,-72.530328,0.5625,0.75,425.8125,-0.058094,117.34713,-49.707582
2026-02-25T16:02:29,13,-67.291695,0.5,0.6875,431.0,-0.059983,104.249374,-49.707582
2026-02-25T16:02:43,14,-70.201087,0.875,0.75,462.3125,-0.057583,97.302925,-49.707582
2026-02-25T16:02:55,15,-72.515882,0.4375,0.75,397.6875,-0.056397,123.630013,-49.707582
2026-02-25T16:03:05,16,-61.783444,1.0,0.6875,347.1875,-0.058384,141.331711,-49.707582
2026-02-25T16:03:21,17,-72.397523,0.4375,0.6875,535.625,-0.058595,71.337471,-49.707582
2026-02-25T16:03:33,18,-93.750663,0.375,0.9375,392.125,-0.058498,133.189957,-49.707582
2026-02-25T16:03:43,19,-57.453716,0.875,0.625,371.0625,-0.058897,119.575523,-49.707582
2026-02-25T16:03:56,20,-67.098506,0.6875,0.6875,454.125,-0.059222,95.327866,-49.707582
2026-02-25T16:04:10,21,-84.293008,0.625,0.875,391.125,-0.059343,126.603889,-49.707582
2026-02-25T16:04:21,22,-87.619748,0.4375,0.875,390.75,-0.057329,123.924385,-49.707582
2026-02-25T16:04:38,23,-56.008351,0.8125,0.5625,568.8125,-0.059196,57.119511,-49.707582
2026-02-25T16:04:52,24,-67.355557,0.5625,0.6875,431.0,-0.059429,98.826355,-49.707582
2026-02-25T16:05:07,25,-27.239332,1.375,0.375,531.125,-0.058354,50.741917,-27.239332
2026-02-25T16:05:18,26,-69.561778,0.75,0.75,368.75,-0.059044,131.647751,-27.239332
2026-02-25T16:05:30,27,-85.595902,0.5,0.875,391.4375,-0.059181,135.382233,-27.239332
2026-02-25T16:05:43,28,-75.639709,0.4375,0.75,458.8125,-0.060171,93.324608,-27.239332
2026-02-25T16:05:56,29,-55.364815,0.9375,0.625,409.0,-0.054786,100.251282,-27.239332
2026-02-25T16:06:09,30,-64.430675,0.625,0.6875,460.375,-0.059203,92.5895,-27.239332
2026-02-25T16:06:24,31,-75.173416,0.4375,0.75,464.3125,-0.059115,94.451378,-27.239332
2026-02-25T16:06:37,32,-52.476024,0.625,0.5625,470.0,-0.05898,82.58532,-27.239332
2026-02-25T16:06:50,33,-58.92829,0.625,0.625,412.125,-0.058641,101.524292,-27.239332
2026-02-25T16:07:00,34,-68.936409,0.75,0.75,351.3125,-0.059695,135.733246,-27.239332
2026-02-25T16:07:14,35,-71.362558,0.6875,0.75,477.0,-0.059768,99.329933,-27.239332
2026-02-25T16:07:28,36,-66.877543,0.5625,0.6875,492.375,-0.060138,76.047729,-27.239332
2026-02-25T16:07:41,37,-94.078216,0.375,0.9375,413.9375,-0.060004,120.086441,-27.239332
2026-02-25T16:07:53,38,-61.417212,0.9375,0.6875,414.0,-0.059884,107.432915,-27.239332
2026-02-25T16:08:07,39,-77.278614,0.375,0.75,479.875,-0.058949,84.218277,-27.239332
2026-02-25T16:08:17,40,-66.992997,0.875,0.75,327.125,-0.059123,146.90097,-27.239332
2026-02-25T16:08:30,41,-63.571729,0.75,0.6875,447.8125,-0.060625,93.295486,-27.239332
2026-02-25T16:08:43,42,-47.891411,1.0,0.5625,429.125,-0.059109,88.207474,-27.239332
2026-02-25T16:08:56,43,-55.649621,1.0625,0.625,447.625,-0.057522,88.397758,-27.239332
2026-02-25T16:09:09,44,-65.527573,0.75,0.6875,464.375,-0.060384,88.840408,-27.239332
2026-02-25T16:09:23,45,-57.423212,0.9375,0.625,466.5625,-0.059621,82.875328,-27.239332
2026-02-25T16:09:37,46,-59.511083,0.625,0.625,442.125,-0.059494,90.804115,-27.239332
2026-02-25T16:09:50,47,-74.590635,0.4375,0.75,443.375,-0.059385,103.0158,-27.239332
2026-02-25T16:10:03,48,-67.562565,0.75,0.75,417.3125,-0.059934,115.771606,-27.239332
2026-02-25T16:10:17,49,-68.971527,0.5,0.6875,490.5625,-0.059192,81.941376,-27.239332
2026-02-25T16:10:31,50,-63.799281,0.8125,0.6875,468.1875,-0.058845,90.68029,-27.239332
2026-02-25T16:10:45,51,-79.39448,0.5625,0.8125,443.875,-0.054493,103.05497,-27.239332
2026-02-25T16:10:57,52,-75.500775,0.3125,0.75,377.3125,-0.058722,121.866684,-27.239332
2026-02-25T16:11:10,53,-79.779764,0.5,0.8125,402.625,-0.058122,114.17836,-27.239332
2026-02-25T16:11:23,54,-74.263043,0.4375,0.75,438.125,-0.058343,95.934433,-27.239332
2026-02-25T16:11:40,55,-82.473702,0.4375,0.8125,539.75,-0.060496,67.584831,-27.239332
2026-02-25T16:11:53,56,-59.976838,0.875,0.6875,395.4375,-0.060078,115.493439,-27.239332
2026-02-25T16:12:06,57,-78.307471,0.5625,0.8125,416.8125,-0.06086,110.587425,-27.239332
2026-02-25T16:12:18,58,-70.295295,0.4375,0.75,368.8125,-0.061225,134.481064,-27.239332
2026-02-25T16:12:33,59,-69.022759,0.5625,0.75,488.75,-0.060327,92.562958,-27.239332
2026-02-25T16:12:49,60,-69.230864,0.6875,0.75,479.1875,-0.061252,84.19928,-27.239332
2026-02-25T16:13:02,61,-56.25884,0.6875,0.625,424.9375,-0.057843,88.762352,-27.239332
2026-02-25T16:13:17,62,-48.861656,0.8125,0.5625,483.875,-0.058215,75.641159,-27.239332
2026-02-25T16:13:31,63,-65.273891,0.5,0.6875,417.0625,-0.061358,87.096146,-27.239332
2026-02-25T16:13:43,64,-51.923524,0.9375,0.625,394.9375,-0.059932,108.339684,-27.239332
2026-02-25T16:13:57,65,-78.186418,0.375,0.8125,433.5,-0.06136,105.980453,-27.239332
2026-02-25T16:14:09,66,-67.654598,0.8125,0.75,372.875,-0.060482,126.639076,-27.239332
2026-02-25T16:14:22,67,-74.991988,0.8125,0.8125,442.0625,-0.062045,100.428551,-27.239332
2026-02-25T16:14:36,68,-51.133705,0.75,0.5625,443.0625,-0.058393,79.57946,-27.239332
2026-02-25T16:14:51,69,-50.922791,0.8125,0.5625,499.3125,-0.059687,68.565605,-27.239332
2026-02-25T16:15:08,70,-90.291361,0.25,0.875,504.0625,-0.059814,79.759804,-27.239332
2026-02-25T16:15:21,71,-69.10277,0.6875,0.75,424.25,-0.061726,100.986954,-27.239332
2026-02-25T16:15:34,72,-81.316692,0.1875,0.8125,408.0,-0.042601,102.644493,-27.239332
2026-02-25T16:15:45,73,-69.296272,0.5625,0.75,344.875,-0.059822,135.364975,-27.239332
2026-02-25T16:15:57,74,-82.920539,0.375,0.875,334.125,-0.061241,160.572357,-27.239332
2026-02-25T16:16:10,75,-95.163873,0.1875,0.9375,440.9375,-0.061827,95.03302,-27.239332
2026-02-25T16:16:22,76,-49.993409,1.0,0.5625,426.375,-0.059123,88.357201,-27.239332
2026-02-25T16:16:34,77,-70.181076,0.75,0.75,386.1875,-0.046948,112.0504,-27.239332
2026-02-25T16:16:49,78,-54.279508,0.8125,0.5625,508.0625,-0.050461,64.79557,-27.239332
2026-02-25T16:16:58,79,-74.458724,0.6875,0.8125,266.625,-0.060179,181.424728,-27.239332
2026-02-25T16:17:11,80,-66.394096,0.75,0.6875,421.125,-0.058009,99.093842,-27.239332
2026-02-25T16:17:34,1,-237.180455,0.6875,0.6875,370.375,-0.059464,167.36644,-237.180455
2026-02-25T16:17:46,2,-280.051803,0.4375,0.75,424.375,-0.059627,159.351364,-237.180455
2026-02-25T16:18:00,3,-300.055393,0.75,0.5625,503.1875,-0.038259,134.982758,-237.180455
2026-02-25T16:18:12,4,-244.496991,0.625,0.5,433.4375,-0.055988,167.189148,-237.180455
2026-02-25T16:18:25,5,-302.357012,0.625,0.625,465.5625,-0.040166,154.09166,-237.180455
2026-02-25T16:18:34,6,-166.348986,1.0625,0.75,308.6875,-0.047373,258.459503,-166.348986
2026-02-25T16:18:49,7,-409.988754,0.8125,0.625,523.375,-0.054122,186.389038,-166.348986
2026-02-25T16:19:01,8,-297.316648,0.8125,0.8125,437.0625,0.00028,142.613113,-166.348986
2026-02-25T16:19:13,9,-270.970772,0.5,0.875,382.8125,-0.049125,144.476242,-166.348986
2026-02-25T16:19:25,10,-247.032545,0.9375,0.625,427.1875,-0.016014,184.300873,-166.348986
2026-02-25T16:19:37,11,-249.58679,0.75,0.6875,387.125,-0.05587,195.084,-166.348986
2026-02-25T16:19:49,12,-286.63177,0.5,0.8125,424.1875,-0.055609,130.544189,-166.348986
2026-02-25T16:20:00,13,-220.448285,0.5625,0.75,375.5625,-0.058828,178.524384,-166.348986
2026-02-25T16:20:14,14,-264.205622,1.0,0.625,458.25,-0.044938,148.838501,-166.348986
2026-02-25T16:20:27,15,-279.913489,0.4375,0.6875,432.25,-0.046403,135.142731,-166.348986
2026-02-25T16:20:37,16,-199.359021,0.6875,0.75,320.375,-0.058609,196.908585,-166.348986
2026-02-25T16:20:51,17,-323.205522,0.4375,0.6875,494.375,-0.052376,96.007965,-166.348986
2026-02-25T16:21:05,18,-316.200632,0.3125,0.8125,474.9375,-0.058223,78.956909,-166.348986
2026-02-25T16:21:19,19,-367.527605,0.6875,0.75,445.8125,-0.059467,180.108231,-166.348986
2026-02-25T16:21:34,20,-282.6385,0.9375,0.4375,522.6875,-0.058889,131.804733,-166.348986
2026-02-25T16:21:59,1,-259.603541,0.6875,0.6875,417.8125,-0.056982,132.065552,-259.603541
2026-02-25T16:22:13,2,-334.87751,0.5625,0.625,505.6875,-0.053483,97.323906,-259.603541
2026-02-25T16:22:29,3,-302.43433,0.8125,0.375,541.3125,0.003718,80.933434,-259.603541
2026-02-25T16:22:41,4,-272.171991,0.5625,0.625,430.8125,-0.055786,143.53035,-259.603541
2026-02-25T16:22:54,5,-304.343323,0.625,0.625,465.1875,-0.026927,154.380493,-259.603541
2026-02-25T16:23:04,6,-172.766644,1.0625,0.6875,331.875,-0.061028,222.578247,-172.766644
2026-02-25T16:23:19,7,-384.268577,0.75,0.6875,517.5,-0.059981,162.260025,-172.766644
2026-02-25T16:23:32,8,-299.700226,0.75,0.8125,435.25,-0.058201,137.015839,-172.766644
2026-02-25T16:23:43,9,-271.254653,0.5,0.875,385.1875,-0.062375,136.15097,-172.766644
2026-02-25T16:23:57,10,-289.767772,0.9375,0.5625,488.5,-0.060135,147.033386,-172.766644
2026-02-25T16:24:08,11,-238.474841,0.8125,0.625,384.5,-0.06108,194.839645,-172.766644
2026-02-25T16:24:22,12,-299.527154,0.5,0.6875,458.0,-0.060322,131.1315,-172.766644
2026-02-25T16:24:35,13,-246.093733,0.4375,0.6875,431.5625,-0.060348,133.932098,-172.766644
2026-02-25T16:24:49,14,-280.13955,0.8125,0.625,487.1875,-0.05934,122.878807,-172.766644
2026-02-25T16:25:05,15,-325.489265,0.375,0.6875,521.1875,-0.055159,86.101006,-172.766644
2026-02-25T16:25:17,16,-239.259075,1.125,0.625,436.25,-0.05954,136.369675,-172.766644
2026-02-25T16:25:32,17,-324.618443,0.4375,0.75,481.9375,-0.028837,86.805023,-172.766644
2026-02-25T16:25:44,18,-296.823997,0.25,0.9375,411.0,-0.058506,74.507576,-172.766644
2026-02-25T16:25:58,19,-366.679725,0.8125,0.5625,476.0625,-0.059969,201.688477,-172.766644
2026-02-25T16:26:12,20,-263.774737,0.875,0.4375,503.1875,-0.035622,133.261215,-172.766644
2026-02-25T16:26:24,21,-245.281148,0.6875,0.75,402.125,-0.056065,109.591866,-172.766644
2026-02-25T16:26:37,22,-299.795491,0.6875,0.6875,453.25,-0.058597,97.987785,-172.766644
2026-02-25T16:26:55,23,-387.929836,0.875,0.625,600.0,-0.060154,96.144508,-172.766644
2026-02-25T16:27:08,24,-271.670067,0.6875,0.5625,464.0,-0.051915,106.576683,-172.766644
2026-02-25T16:27:21,25,-241.949086,1.1875,0.5,456.75,-0.044124,114.510094,-172.766644
2026-02-25T16:27:33,26,-243.202693,0.875,0.75,395.0625,-0.059906,100.918884,-172.766644
2026-02-25T16:27:47,27,-310.276203,0.4375,0.75,466.5,-0.059505,83.059822,-172.766644
2026-02-25T16:28:00,28,-306.661216,0.375,0.8125,454.75,-0.061447,69.696411,-172.766644
2026-02-25T16:28:16,29,-299.295228,1.0,0.5,546.0,-0.0587,80.146843,-172.766644
2026-02-25T16:28:29,30,-294.033784,0.5,0.875,428.9375,-0.060035,59.201744,-172.766644
2026-02-25T16:28:44,31,-367.817406,0.5625,0.5625,508.125,0.009632,128.648468,-172.766644
2026-02-25T16:28:58,32,-325.878307,0.5625,0.625,497.125,-0.011133,89.445091,-172.766644
2026-02-25T16:29:13,33,-305.37916,0.6875,0.6875,495.0,0.008036,70.443764,-172.766644
2026-02-25T16:29:27,34,-344.637442,0.875,0.5625,495.0,-0.056636,126.829514,-172.766644
2026-02-25T16:29:43,35,-343.957102,0.6875,0.6875,531.75,-0.057968,58.136646,-172.766644
2026-02-25T16:30:24,1,-19.732926,0.5,0.5625,600.0,-0.042884,3.38713,-19.732926
2026-02-25T16:30:37,2,-23.54258,0.3125,0.6875,600.0,-0.043128,3.191588,-19.732926
2026-02-25T16:30:50,3,-8.21311,1.0625,0.375,600.0,-0.043257,3.427294,-8.21311
2026-02-25T16:31:03,4,-23.314547,0.3125,0.6875,600.0,-0.042885,3.252968,-8.21311
2026-02-25T16:31:17,5,-17.016717,0.625,0.5625,600.0,-0.043533,3.052332,-8.21311
2026-02-25T16:31:35,6,-13.336685,0.75,0.4375,600.0,-0.043343,3.016386,-8.21311
2026-02-25T16:31:49,7,-18.227737,0.625,0.625,600.0,-0.043134,3.508405,-8.21311
2026-02-25T16:32:03,8,-13.244771,0.8125,0.4375,600.0,-0.04332,2.897992,-8.21311
2026-02-25T16:32:16,9,-16.818398,0.625,0.5,600.0,-0.044092,2.759554,-8.21311
2026-02-25T16:32:30,10,-11.891773,0.9375,0.4375,600.0,-0.044278,3.03788,-8.21311
2026-02-25T16:32:44,11,-20.218475,0.5,0.6875,600.0,-0.045309,3.366505,-8.21311
2026-02-25T16:32:58,12,-16.921263,0.5625,0.5625,600.0,-0.042647,3.034957,-8.21311
2026-02-25T16:33:12,13,-22.164297,0.375,0.625,600.0,-0.036848,2.748298,-8.21311
2026-02-25T16:33:27,14,-11.942426,0.9375,0.4375,600.0,-0.044361,3.215542,-8.21311
2026-02-25T16:33:42,15,-19.689697,0.5625,0.5625,600.0,-0.044185,2.677528,-8.21311
2026-02-25T16:33:56,16,-18.001138,0.625,0.5,600.0,-0.044066,2.816485,-8.21311
2026-02-25T16:34:11,17,-17.246138,0.625,0.5625,600.0,-0.043461,3.135082,-8.21311
2026-02-25T16:34:25,18,-9.684936,0.875,0.3125,600.0,-0.043144,2.549382,-8.21311
2026-02-25T16:34:39,19,-10.477079,0.9375,0.3125,600.0,-0.044991,2.691248,-8.21311
2026-02-25T16:34:53,20,-9.160898,1.0,0.4375,600.0,-0.04358,3.530838,-8.21311
2026-02-25T16:35:07,21,-20.926338,0.4375,0.5625,600.0,-0.044047,2.694929,-8.21311
2026-02-25T16:35:21,22,-9.728913,1.0625,0.375,600.0,-0.041554,3.179705,-8.21311
2026-02-25T16:35:35,23,-11.795521,0.75,0.4375,600.0,-0.043363,2.817253,-8.21311
2026-02-25T16:35:49,24,-20.440215,0.5625,0.625,600.0,-0.043837,3.185058,-8.21311
2026-02-25T16:36:03,25,-11.254416,0.75,0.3125,600.0,-0.043965,2.439564,-8.21311
2026-02-25T16:36:17,26,-13.180285,0.875,0.4375,600.0,-0.04462,2.831516,-8.21311
2026-02-25T16:36:31,27,-19.226885,0.625,0.5625,600.0,-0.045518,2.848499,-8.21311
2026-02-25T16:36:45,28,-16.505593,0.6875,0.5,600.0,-0.044683,2.512138,-8.21311
2026-02-25T16:36:58,29,-14.397251,0.8125,0.5,600.0,-0.041527,3.132327,-8.21311
2026-02-25T16:37:13,30,-16.492838,0.625,0.5,600.0,-0.044248,2.955559,-8.21311
2026-02-25T16:37:27,31,-11.662435,1.0,0.4375,600.0,-0.043947,3.166197,-8.21311
2026-02-25T16:37:42,32,-20.358489,0.5625,0.625,600.0,-0.043733,3.271302,-8.21311
2026-02-25T16:37:57,33,-13.692039,0.8125,0.5,600.0,-0.043293,3.122276,-8.21311
2026-02-25T16:38:12,34,-8.743558,1.0,0.375,600.0,-0.045133,2.948288,-8.21311
2026-02-25T16:38:26,35,-16.308796,0.75,0.5625,600.0,-0.040632,3.072314,-8.21311
2026-02-25T16:38:40,36,-12.158759,0.875,0.375,600.0,-0.044224,2.854168,-8.21311
2026-02-25T16:38:54,37,-18.543386,0.5625,0.5625,600.0,-0.039606,2.740795,-8.21311
2026-02-25T16:39:08,38,-5.585891,1.125,0.25,600.0,-0.044006,2.926512,-5.585891
2026-02-25T16:39:22,39,-8.873871,0.9375,0.3125,600.0,-0.0447,2.93449,-5.585891
2026-02-25T16:39:36,40,-23.384603,0.375,0.625,600.0,-0.044353,2.537256,-5.585891
2026-02-25T16:39:50,41,-19.244552,0.5625,0.5625,600.0,-0.043991,2.807615,-5.585891
2026-02-25T16:40:04,42,-15.560761,0.625,0.5,600.0,-0.044155,2.613745,-5.585891
2026-02-25T16:40:18,43,-8.568334,1.0625,0.3125,600.0,-0.045531,2.850191,-5.585891
2026-02-25T16:40:32,44,-2.774489,1.3125,0.125,600.0,-0.044432,2.782509,-2.774489
2026-02-25T16:40:46,45,-15.237955,0.6875,0.5,600.0,-0.044677,2.762951,-2.774489
2026-02-25T16:41:00,46,-17.433391,0.625,0.5625,600.0,-0.044025,2.74976,-2.774489
2026-02-25T16:41:13,47,-15.135001,0.75,0.5,600.0,-0.044576,2.888068,-2.774489
2026-02-25T16:41:27,48,-12.136714,0.9375,0.4375,600.0,-0.044092,3.283126,-2.774489
2026-02-25T16:41:41,49,-15.05617,0.6875,0.4375,600.0,-0.044572,2.692734,-2.774489
2026-02-25T16:41:55,50,-19.936968,0.5625,0.5625,600.0,-0.044735,2.541282,-2.774489
2026-02-25T16:42:10,51,-17.127024,0.8125,0.5625,600.0,-0.044365,3.297263,-2.774489
2026-02-25T16:42:24,52,-23.329122,0.375,0.625,600.0,-0.043525,2.2622,-2.774489
2026-02-25T16:42:37,53,-13.583508,0.8125,0.5,600.0,-0.043955,2.820721,-2.774489
2026-02-25T16:42:51,54,-12.853108,0.75,0.375,600.0,-0.04462,2.339049,-2.774489
2026-02-25T16:43:06,55,-23.456498,0.375,0.6875,600.0,-0.04449,2.582686,-2.774489
2026-02-25T16:43:19,56,-19.722081,0.5,0.5625,600.0,-0.043808,2.260289,-2.774489
2026-02-25T16:43:33,57,-16.252286,0.75,0.5,600.0,-0.042451,2.164747,-2.774489
2026-02-25T16:43:48,58,-24.78372,0.375,0.75,600.0,-0.044161,2.643842,-2.774489
2026-02-25T16:44:02,59,-23.924649,0.4375,0.6875,600.0,-0.044058,2.189101,-2.774489
2026-02-25T16:44:15,60,-12.119603,0.9375,0.375,600.0,-0.044391,2.508756,-2.774489
2026-02-25T16:44:30,61,-15.655385,0.625,0.375,600.0,-0.046722,2.12708,-2.774489
2026-02-25T16:44:44,62,-17.087408,0.625,0.5,600.0,-0.044422,2.469767,-2.774489
2026-02-25T16:44:58,63,-21.439966,0.5,0.625,600.0,-0.045131,2.411299,-2.774489
2026-02-25T16:45:12,64,-20.380057,0.5,0.5625,600.0,-0.044545,2.178715,-2.774489
2026-02-25T16:45:26,65,-24.117195,0.375,0.6875,600.0,-0.046025,2.124552,-2.774489
2026-02-25T16:45:40,66,-18.227011,0.625,0.5,600.0,-0.034852,2.246845,-2.774489
2026-02-25T16:45:54,67,-14.719042,0.75,0.4375,600.0,-0.044066,2.576374,-2.774489
2026-02-25T16:46:08,68,-14.30518,0.75,0.4375,600.0,-0.045016,2.46849,-2.774489
2026-02-25T16:46:23,69,-12.730621,1.0,0.4375,600.0,-0.044143,2.880894,-2.774489
2026-02-25T16:46:38,70,-22.287926,0.5,0.625,600.0,-0.04459,2.427264,-2.774489
2026-02-25T16:46:54,71,-24.582992,0.3125,0.6875,600.0,-0.046615,2.182559,-2.774489
2026-02-25T16:47:08,72,-23.952598,0.375,0.625,600.0,-0.044562,2.122243,-2.774489
2026-02-25T16:47:23,73,-22.610706,0.4375,0.6875,600.0,-0.044402,2.145213,-2.774489
2026-02-25T16:47:39,74,-22.366273,0.4375,0.6875,600.0,-0.044872,2.115418,-2.774489
2026-02-25T16:47:53,75,-24.225662,0.375,0.6875,600.0,-0.045169,2.450852,-2.774489
2026-02-25T16:48:07,76,-17.58844,0.5625,0.5,600.0,-0.046008,2.248406,-2.774489
2026-02-25T16:48:21,77,-12.32348,1.0,0.4375,600.0,-0.045191,2.65656,-2.774489
2026-02-25T16:48:35,78,-23.644153,0.4375,0.6875,600.0,-0.044475,2.258829,-2.774489
2026-02-25T16:48:48,79,-17.149939,0.625,0.4375,600.0,-0.044204,1.987762,-2.774489
2026-02-25T16:49:03,80,-24.913988,0.3125,0.6875,600.0,-0.044745,2.166208,-2.774489
2026-02-25T16:49:17,81,-17.852423,0.625,0.4375,600.0,-0.044468,1.909691,-2.774489
2026-02-25T16:49:30,82,-10.312971,0.875,0.3125,600.0,-0.044534,2.305962,-2.774489
2026-02-25T16:49:44,83,-14.899469,0.9375,0.5625,600.0,-0.045052,3.217541,-2.774489
2026-02-25T16:49:59,84,-20.674072,0.6875,0.625,600.0,-0.045368,2.355014,-2.774489
2026-02-25T16:50:13,85,-19.597081,0.5,0.5,600.0,-0.044916,2.139401,-2.774489
2026-02-25T16:50:28,86,-20.52545,0.4375,0.5625,600.0,-0.04444,1.810751,-2.774489
2026-02-25T16:50:41,87,-14.579462,0.875,0.5,600.0,-0.04467,2.467602,-2.774489
2026-02-25T16:50:56,88,-16.075206,0.6875,0.4375,600.0,-0.044164,2.233526,-2.774489
2026-02-25T16:51:10,89,-17.171774,0.75,0.5,600.0,-0.044785,2.412021,-2.774489
2026-02-25T16:51:24,90,-12.568488,0.8125,0.3125,600.0,-0.046282,2.340801,-2.774489
2026-02-25T16:51:38,91,-10.907908,0.9375,0.375,600.0,-0.044627,2.633004,-2.774489
2026-02-25T16:51:53,92,-24.151538,0.4375,0.6875,600.0,-0.044711,2.238326,-2.774489
2026-02-25T16:52:08,93,-14.65735,0.75,0.375,600.0,-0.045001,2.198652,-2.774489
2026-02-25T16:52:39,1,-283.119751,0.25,0.8125,600.0,-0.045446,19.7367,-283.119751
2026-02-25T16:52:53,2,-322.733431,0.5625,0.5625,600.0,-0.043568,41.310558,-283.119751
2026-02-25T16:53:05,3,-212.255782,0.9375,0.375,600.0,0.003653,37.690693,-212.255782
2026-02-25T16:53:20,4,-299.278566,0.625,0.625,600.0,-0.043214,49.754429,-212.255782
2026-02-25T16:53:34,5,-338.15759,0.5,0.5625,600.0,-0.044065,62.346645,-212.255782
2026-02-25T16:53:47,6,-210.824934,0.5625,0.5625,600.0,-0.043925,39.622318,-210.824934
2026-02-25T16:54:01,7,-386.383744,0.375,0.6875,600.0,-0.04319,80.125916,-210.824934
2026-02-25T16:54:15,8,-317.454731,0.75,0.4375,600.0,-0.04586,61.884472,-210.824934
2026-02-25T16:54:29,9,-370.912549,0.5625,0.625,600.0,-0.044596,123.998726,-210.824934
2026-02-25T16:54:43,10,-254.329856,0.9375,0.3125,600.0,-0.044307,74.591393,-210.824934
2026-02-25T16:54:56,11,-269.603734,1.0,0.375,600.0,-0.044798,66.326126,-210.824934
2026-02-25T16:55:10,12,-317.92482,0.5,0.5625,600.0,-0.043492,77.578987,-210.824934
2026-02-25T16:55:24,13,-256.425456,0.5625,0.6875,600.0,-0.044379,59.275402,-210.824934
2026-02-25T16:55:38,14,-265.828957,0.625,0.4375,600.0,-0.042825,58.542759,-210.824934
2026-02-25T16:55:52,15,-315.67195,0.5,0.5625,600.0,-0.045504,53.351677,-210.824934
2026-02-25T16:56:06,16,-292.584455,0.75,0.375,600.0,-0.044512,76.707771,-210.824934
2026-02-25T16:56:20,17,-309.589233,0.5625,0.6875,600.0,-0.041292,57.003494,-210.824934
2026-02-25T16:56:34,18,-282.999053,0.625,0.5625,600.0,-0.022939,49.814377,-210.824934
2026-02-25T16:56:47,19,-282.688283,0.8125,0.5,600.0,0.001812,80.582939,-210.824934
2026-02-25T16:57:01,20,-281.95582,0.8125,0.4375,600.0,-0.044937,105.795311,-210.824934
2026-02-25T16:57:15,21,-337.56942,0.5625,0.625,600.0,-0.044131,94.154106,-210.824934
2026-02-25T16:57:29,22,-277.769295,0.6875,0.625,600.0,-0.044419,76.308922,-210.824934
2026-02-25T16:57:43,23,-213.717664,0.6875,0.4375,600.0,-0.043368,65.736977,-210.824934
2026-02-25T16:57:57,24,-215.625501,0.6875,0.5,600.0,-0.045189,56.400795,-210.824934
2026-02-25T16:58:11,25,-220.739332,0.8125,0.4375,600.0,-0.041073,53.497887,-210.824934
2026-02-25T16:58:25,26,-254.710919,0.8125,0.4375,600.0,-0.043757,89.923424,-210.824934
2026-02-25T16:58:39,27,-334.515891,0.4375,0.625,600.0,-0.043023,85.446098,-210.824934
2026-02-25T16:58:53,28,-282.357614,0.75,0.5,600.0,-0.044762,78.742676,-210.824934
2026-02-25T16:59:07,29,-188.466643,0.9375,0.3125,600.0,-0.041421,52.491089,-188.466643
2026-02-25T16:59:21,30,-273.256591,0.75,0.375,600.0,-0.04672,46.458691,-188.466643
2026-02-25T16:59:34,31,-271.477621,1.0625,0.5,600.0,-0.041603,56.72263,-188.466643
2026-02-25T16:59:48,32,-295.700615,0.875,0.4375,600.0,-0.025642,105.828514,-188.466643
2026-02-25T17:00:04,33,-195.79992,1.0625,0.375,600.0,-0.045315,53.988335,-188.466643
2026-02-25T17:00:18,34,-290.97643,0.875,0.4375,600.0,-0.043982,65.558754,-188.466643
2026-02-25T17:00:32,35,-248.048135,0.75,0.5,600.0,-0.044416,49.080257,-188.466643
2026-02-25T17:00:46,36,-267.909781,0.875,0.3125,600.0,-0.042652,74.294067,-188.466643
2026-02-25T17:01:00,37,-282.804348,0.375,0.6875,600.0,-0.0443,42.424335,-188.466643
2026-02-25T17:01:15,38,-191.797748,0.75,0.375,600.0,-0.044673,57.141869,-188.466643
2026-02-25T17:01:29,39,-280.764019,0.625,0.5,600.0,-0.044464,44.003113,-188.466643
2026-02-25T17:01:43,40,-212.251224,0.75,0.4375,600.0,-0.045089,57.449097,-188.466643
2026-02-25T17:01:57,41,-236.586147,0.5625,0.6875,600.0,-0.046512,52.467056,-188.466643
2026-02-25T17:02:11,42,-218.434384,0.9375,0.375,600.0,-0.044583,67.467369,-188.466643
2026-02-25T17:02:25,43,-163.868194,0.9375,0.375,600.0,-0.042833,43.356922,-163.868194
2026-02-25T17:02:39,44,-218.826441,1.0625,0.3125,600.0,-0.045257,44.099609,-163.868194
2026-02-25T17:02:53,45,-135.554254,1.125,0.375,600.0,-0.045237,39.217289,-135.554254
2026-02-25T17:03:07,46,-187.684697,0.875,0.4375,600.0,-0.045207,39.861584,-135.554254
2026-02-25T17:03:20,47,-225.154307,0.5625,0.625,600.0,-0.044432,44.784992,-135.554254
2026-02-25T17:03:34,48,-186.419525,0.6875,0.5,600.0,-0.045956,41.160191,-135.554254
2026-02-25T17:03:48,49,-157.814463,0.8125,0.375,600.0,-0.044458,38.046024,-135.554254
2026-02-25T17:04:02,50,-260.607905,0.625,0.5625,600.0,-0.043532,53.498028,-135.554254
2026-02-25T17:04:16,51,-252.673348,0.5,0.5625,600.0,-0.044386,47.758015,-135.554254
2026-02-25T17:04:31,52,-249.098926,0.3125,0.6875,600.0,-0.045731,49.75388,-135.554254
2026-02-25T17:04:44,53,-179.903439,0.6875,0.625,600.0,-0.045401,33.412724,-135.554254
2026-02-25T17:04:58,54,-201.313063,0.5625,0.5625,600.0,-0.045751,41.39082,-135.554254
2026-02-25T17:05:13,55,-255.867085,0.5,0.75,600.0,-0.044242,38.436367,-135.554254
2026-02-25T17:05:27,56,-158.780165,0.8125,0.4375,600.0,-0.045574,34.668983,-135.554254
2026-02-25T17:05:41,57,-209.218656,1.0,0.3125,600.0,-0.04611,50.371029,-135.554254
2026-02-25T17:05:55,58,-100.38315,0.875,0.4375,600.0,-0.044853,34.629494,-100.38315
2026-02-25T17:06:09,59,-191.293424,0.5625,0.5,600.0,-0.045956,41.654129,-100.38315
2026-02-25T17:06:23,60,-148.473456,0.75,0.375,600.0,-0.045954,31.756384,-100.38315
2026-02-25T17:06:37,61,-159.256312,0.5,0.625,600.0,-0.045671,28.195469,-100.38315
2026-02-25T17:06:51,62,-127.756666,0.625,0.5625,600.0,-0.045219,27.610046,-100.38315
2026-02-25T17:07:05,63,-168.034944,1.0,0.375,600.0,-0.044182,48.265045,-100.38315
2026-02-25T17:07:19,64,-78.431094,1.0,0.375,600.0,-0.046416,19.331268,-78.431094
2026-02-25T17:07:33,65,-200.831211,0.8125,0.5,600.0,-0.044323,35.532093,-78.431094
2026-02-25T17:07:47,66,-191.656854,0.625,0.625,600.0,-0.045255,33.268379,-78.431094
2026-02-25T17:08:01,67,-180.832065,0.5,0.6875,600.0,-0.045086,33.375217,-78.431094
2026-02-25T17:08:16,68,-158.307658,1.0625,0.3125,600.0,-0.045588,35.396164,-78.431094
2026-02-25T17:08:30,69,-134.540484,0.375,0.6875,600.0,-0.045404,27.356361,-78.431094
2026-02-25T17:08:44,70,-164.41191,0.625,0.625,600.0,-0.045102,25.260447,-78.431094
2026-02-25T17:08:58,71,-65.304074,0.375,0.6875,600.0,-0.045449,12.271689,-65.304074
2026-02-25T17:09:12,72,-184.942012,0.3125,0.75,600.0,-0.045583,31.31086,-65.304074
2026-02-25T17:09:26,73,-100.62405,0.25,0.75,600.0,-0.046484,19.048786,-65.304074
2026-02-25T17:09:41,74,-45.218556,0.375,0.625,600.0,-0.04613,8.235187,-45.218556
2026-02-25T17:09:55,75,-111.910842,0.4375,0.6875,600.0,-0.046745,22.202694,-45.218556
2026-02-25T17:10:09,76,-76.529975,0.4375,0.6875,600.0,-0.045364,16.559923,-45.218556
2026-02-25T17:10:23,77,-28.650091,0.625,0.5,600.0,-0.046588,5.466728,-28.650091
2026-02-25T17:10:37,78,-64.639163,0.4375,0.5625,600.0,-0.045639,16.318575,-28.650091
2026-02-25T17:10:51,79,-130.968232,0.8125,0.4375,600.0,-0.044948,35.243549,-28.650091
2026-02-25T17:11:05,80,-80.229204,0.3125,0.75,600.0,-0.045963,18.284092,-28.650091
2026-02-25T17:11:19,81,-58.392705,0.4375,0.5625,600.0,-0.046618,10.90472,-28.650091
2026-02-25T17:11:33,82,-62.85212,0.75,0.5,600.0,-0.047465,14.742358,-28.650091
2026-02-25T17:11:47,83,-96.229845,0.5625,0.5625,600.0,-0.045746,18.060766,-28.650091
2026-02-25T17:12:01,84,-117.378396,0.5,0.6875,600.0,-0.046111,27.540123,-28.650091
2026-02-25T17:12:15,85,-78.38831,0.9375,0.4375,600.0,-0.046668,23.061844,-28.650091
2026-02-25T17:12:29,86,-109.060651,0.5,0.6875,600.0,-0.04583,19.948376,-28.650091
2026-02-25T17:12:43,87,-70.201618,0.5625,0.625,600.0,-0.046701,13.66119,-28.650091
2026-02-25T17:12:57,88,-83.893426,0.3125,0.6875,600.0,-0.046636,16.637909,-28.650091
2026-02-25T17:13:12,89,-97.95005,0.5625,0.5625,600.0,-0.046683,19.803043,-28.650091
2026-02-25T17:13:26,90,-91.28501,0.6875,0.5625,600.0,-0.047765,19.175802,-28.650091
2026-02-25T17:13:40,91,-127.924624,0.375,0.6875,600.0,-0.046194,24.479408,-28.650091
2026-02-25T17:13:54,92,-163.174804,0.5625,0.4375,600.0,-0.045427,30.663851,-28.650091
2026-02-25T17:14:08,93,-112.903235,0.9375,0.375,600.0,-0.04758,28.23708,-28.650091
2026-02-25T17:14:22,94,-53.678139,1.125,0.4375,600.0,-0.04706,14.389147,-28.650091
2026-02-25T17:14:36,95,-205.316178,0.625,0.5625,600.0,-0.04659,33.501778,-28.650091
2026-02-25T17:14:50,96,-225.307936,0.75,0.5,600.0,-0.047532,46.884796,-28.650091
2026-02-25T17:15:04,97,-206.517654,0.6875,0.5625,600.0,-0.046992,39.472511,-28.650091
2026-02-25T17:15:18,98,-110.183681,0.5,0.625,600.0,-0.046903,24.241976,-28.650091
2026-02-25T17:15:32,99,-197.183243,0.6875,0.5,600.0,-0.047226,38.215809,-28.650091
2026-02-25T17:15:46,100,-140.627452,0.75,0.5625,600.0,-0.048793,30.441055,-28.650091
2026-02-25T17:15:59,101,-74.461693,1.4375,0.1875,600.0,-0.04742,28.543659,-28.650091
2026-02-25T17:16:13,102,-101.376177,0.875,0.4375,600.0,-0.047852,21.382704,-28.650091
2026-02-25T17:16:27,103,-210.314025,0.625,0.5625,600.0,-0.045348,29.224802,-28.650091
2026-02-25T17:16:41,104,-153.093138,0.625,0.625,600.0,-0.047351,26.26232,-28.650091
2026-02-25T17:16:55,105,-173.512078,0.875,0.5,600.0,-0.046907,28.28447,-28.650091
2026-02-25T17:17:09,106,-152.910763,0.75,0.4375,600.0,-0.047056,30.647512,-28.650091
2026-02-25T17:17:23,107,-192.342331,0.8125,0.3125,600.0,-0.046227,75.244225,-28.650091
2026-02-25T17:17:37,108,-185.957351,0.75,0.5,600.0,-0.046913,35.317421,-28.650091
2026-02-25T17:17:52,109,-222.563841,0.625,0.5625,600.0,-0.048576,36.46814,-28.650091
2026-02-25T17:18:05,110,-199.654782,1.0,0.375,600.0,-0.046334,30.048561,-28.650091
2026-02-25T17:18:19,111,-190.94033,1.0625,0.3125,600.0,-0.046666,35.887619,-28.650091
2026-02-25T17:18:33,112,-89.875137,1.1875,0.1875,600.0,-0.047277,20.488735,-28.650091
2026-02-25T17:18:46,113,-196.102153,1.1875,0.1875,600.0,-0.047845,32.647408,-28.650091
2026-02-25T17:19:00,114,-197.947502,0.6875,0.4375,600.0,-0.04727,30.96599,-28.650091
2026-02-25T17:19:14,115,-211.945416,0.6875,0.5,600.0,-0.046516,29.134771,-28.650091
2026-02-25T17:19:28,116,-259.155878,0.25,0.8125,600.0,-0.046651,28.014442,-28.650091
2026-02-25T17:19:42,117,-122.773192,1.3125,0.1875,600.0,-0.046868,35.021431,-28.650091
2026-02-25T17:19:56,118,-200.132896,0.9375,0.3125,600.0,-0.047096,40.366886,-28.650091
2026-02-25T17:20:10,119,-241.907446,0.625,0.5,600.0,-0.047061,33.988529,-28.650091
2026-02-25T17:20:24,120,-296.756877,0.75,0.5625,600.0,-0.047533,61.436825,-28.650091
2026-02-25T17:20:38,121,-262.909764,0.5625,0.5625,600.0,-0.046932,69.35083,-28.650091
2026-02-25T17:20:52,122,-211.541726,0.6875,0.375,600.0,-0.047701,33.909081,-28.650091
2026-02-25T17:21:05,123,-202.430317,0.875,0.375,600.0,-0.047739,42.969158,-28.650091
2026-02-25T17:21:19,124,-169.14102,1.0,0.25,600.0,-0.046853,38.507957,-28.650091
2026-02-25T17:21:33,125,-252.130668,0.6875,0.5,600.0,-0.047247,50.006222,-28.650091
2026-02-25T17:21:47,126,-238.349539,0.375,0.625,600.0,-0.048628,39.205711,-28.650091
2026-02-25T17:22:02,127,-163.604418,0.4375,0.625,600.0,-0.047034,25.960159,-28.650091
2026-02-25T17:22:16,128,-130.42893,1.1875,0.375,600.0,-0.046788,27.371302,-28.650091
2026-02-25T17:22:30,129,-164.755693,0.5,0.625,600.0,-0.047157,22.959787,-28.650091
2026-02-25T17:22:44,130,-112.021171,0.75,0.4375,600.0,-0.04705,25.540478,-28.650091
2026-02-25T17:22:57,131,-161.758957,1.0,0.375,600.0,-0.047659,40.908878,-28.650091
2026-02-25T17:23:12,132,-119.90865,0.875,0.4375,600.0,-0.047867,28.327864,-28.650091
2026-02-25T17:23:26,133,-98.661153,0.75,0.5625,600.0,-0.047292,23.538536,-28.650091
2026-02-25T17:23:40,134,-68.568309,0.875,0.4375,600.0,-0.0478,17.541872,-28.650091
2026-02-25T17:23:54,135,-162.68026,0.4375,0.625,600.0,-0.048148,23.232786,-28.650091
2026-02-25T17:24:08,136,-83.069391,1.0625,0.375,600.0,-0.047765,17.332769,-28.650091
2026-02-25T17:24:22,137,-74.226431,0.75,0.4375,600.0,-0.048109,11.21916,-28.650091
2026-02-25T17:24:36,138,-70.086835,1.125,0.1875,600.0,-0.04737,14.784977,-28.650091
2026-02-25T17:24:50,139,-124.162899,0.4375,0.6875,600.0,-0.047976,18.765661,-28.650091
2026-02-25T17:25:04,140,-113.015503,1.0625,0.375,600.0,-0.047777,17.655434,-28.650091
2026-02-25T17:25:18,141,-81.539276,0.8125,0.4375,600.0,-0.047631,12.51155,-28.650091
2026-02-25T17:25:32,142,-81.748062,0.875,0.375,600.0,-0.047158,15.9123,-28.650091
2026-02-25T17:25:46,143,-99.514469,0.875,0.3125,600.0,-0.048214,23.759785,-28.650091
2026-02-25T17:26:01,144,-82.710592,0.9375,0.3125,600.0,-0.047847,17.457073,-28.650091
2026-02-25T17:26:14,145,-107.72046,1.0,0.3125,600.0,-0.047933,22.774271,-28.650091
2026-02-25T17:26:28,146,-50.586244,1.0625,0.4375,600.0,-0.047083,12.668052,-28.650091
2026-02-25T17:26:42,147,-68.905339,0.8125,0.4375,600.0,-0.048484,15.616563,-28.650091
2026-02-25T17:26:57,148,-91.689316,0.75,0.375,600.0,-0.047409,20.429342,-28.650091
2026-02-25T17:27:11,149,-77.637157,0.75,0.5,600.0,-0.047452,11.901879,-28.650091
2026-02-25T17:27:25,150,-48.854337,0.9375,0.3125,600.0,-0.048703,12.427267,-28.650091
2026-02-25T17:27:39,151,-106.104937,1.0,0.4375,600.0,-0.048544,25.744629,-28.650091
2026-02-25T17:27:53,152,-78.347604,1.125,0.3125,600.0,-0.048463,16.649956,-28.650091
2026-02-25T17:28:07,153,-84.771316,1.125,0.125,600.0,-0.048302,18.062208,-28.650091
2026-02-25T17:28:21,154,-141.514872,1.0,0.4375,600.0,-0.048408,34.728577,-28.650091
2026-02-25T17:28:35,155,-106.386945,0.8125,0.5,600.0,-0.049404,17.635658,-28.650091
2026-02-25T17:28:49,156,-103.338901,0.875,0.4375,600.0,-0.047779,25.247349,-28.650091
2026-02-25T17:29:03,157,-73.545752,0.875,0.4375,600.0,-0.048171,14.237166,-28.650091
2026-02-25T17:29:17,158,-54.023446,1.0,0.3125,600.0,-0.048808,13.409047,-28.650091
2026-02-25T17:29:31,159,-134.115687,1.1875,0.125,600.0,-0.048093,32.61013,-28.650091
2026-02-25T17:29:45,160,-79.866576,0.5625,0.5625,600.0,-0.047911,12.972748,-28.650091
2026-02-25T17:29:59,161,-107.694324,1.1875,0.25,600.0,-0.048624,22.807638,-28.650091
2026-02-25T17:30:13,162,-76.730398,1.0,0.4375,600.0,-0.048651,14.433758,-28.650091
2026-02-25T17:30:27,163,-63.844376,0.75,0.5,600.0,-0.048056,7.707851,-28.650091
2026-02-25T17:30:41,164,-65.716591,1.0625,0.375,600.0,-0.048125,15.004904,-28.650091
2026-02-25T17:30:55,165,-67.207415,1.0625,0.125,600.0,-0.048728,16.785103,-28.650091
2026-02-25T17:31:09,166,-74.089782,0.875,0.3125,600.0,-0.047832,19.696417,-28.650091
2026-02-25T17:31:23,167,-83.024966,0.6875,0.5,600.0,-0.049527,15.35692,-28.650091
2026-02-25T17:31:37,168,-74.148196,0.875,0.5,600.0,-0.048816,13.967964,-28.650091
2026-02-25T17:31:52,169,-99.652068,0.8125,0.375,600.0,-0.04859,21.153542,-28.650091
2026-02-25T17:32:06,170,-71.967804,1.125,0.1875,600.0,-0.048713,15.939769,-28.650091
2026-02-25T17:32:20,171,-72.399607,0.875,0.375,600.0,-0.049696,12.664761,-28.650091
2026-02-25T17:32:33,172,-50.910048,1.1875,0.1875,600.0,-0.04857,11.854299,-28.650091
2026-02-25T17:32:47,173,-109.846462,0.75,0.5625,600.0,-0.048536,14.90707,-28.650091
2026-02-25T17:33:01,174,-79.419705,0.75,0.3125,600.0,-0.048935,14.614948,-28.650091
2026-02-25T17:33:15,175,-95.838668,1.0625,0.4375,600.0,-0.047704,14.729057,-28.650091
2026-02-25T17:33:29,176,-75.056323,1.0,0.375,600.0,-0.049174,13.313396,-28.650091
2026-02-25T17:33:42,177,-77.134168,1.0625,0.3125,600.0,-0.049161,14.949267,-28.650091
2026-02-25T17:33:56,178,-71.456725,0.9375,0.375,600.0,-0.048251,11.043085,-28.650091
2026-02-25T17:34:12,179,-92.836539,1.25,0.3125,600.0,-0.048523,21.908669,-28.650091
2026-02-25T17:34:25,180,-72.048098,1.0,0.25,600.0,-0.048444,15.487038,-28.650091
2026-02-25T17:34:39,181,-71.686562,1.625,0.3125,600.0,-0.048978,16.165815,-28.650091
2026-02-25T17:34:53,182,-115.811737,0.75,0.3125,600.0,-0.047581,20.179197,-28.650091
2026-02-25T17:35:07,183,-107.533179,1.125,0.3125,600.0,-0.049718,17.143648,-28.650091
2026-02-25T17:35:20,184,-96.658289,1.375,0.3125,600.0,-0.048625,18.120478,-28.650091
2026-02-25T17:35:34,185,-80.577047,1.125,0.25,600.0,-0.049133,19.886127,-28.650091
2026-02-25T17:35:48,186,-196.563266,1.0625,0.3125,600.0,-0.047914,54.091087,-28.650091
2026-02-25T17:36:02,187,-103.4203,0.8125,0.5,600.0,-0.048641,22.061077,-28.650091
2026-02-25T17:36:16,188,-105.354946,1.125,0.25,600.0,-0.049951,22.570663,-28.650091
2026-02-25T17:36:31,189,-58.594695,0.875,0.5625,600.0,-0.047746,12.90918,-28.650091
2026-02-25T17:36:45,190,-99.426513,0.8125,0.5,600.0,-0.049727,18.465597,-28.650091
2026-02-25T17:37:01,191,-83.341308,0.8125,0.5,600.0,-0.050531,12.955009,-28.650091
2026-02-25T17:37:15,192,-69.225098,1.25,0.3125,600.0,-0.049369,13.70389,-28.650091
2026-02-25T17:37:28,193,-82.431745,0.9375,0.4375,600.0,-0.04843,12.081073,-28.650091
2026-02-25T17:37:43,194,-130.067909,1.0625,0.375,600.0,-0.047619,29.121454,-28.650091
2026-02-25T17:37:57,195,-123.025462,0.625,0.5625,600.0,-0.048671,21.392183,-28.650091
2026-02-25T17:38:10,196,-119.017757,0.875,0.375,600.0,-0.048688,27.728516,-28.650091
2026-02-25T17:38:25,197,-81.579642,1.0,0.3125,600.0,-0.048702,24.32305,-28.650091
2026-02-25T17:38:39,198,-105.984601,0.5625,0.4375,600.0,-0.046529,17.94054,-28.650091
2026-02-25T17:38:53,199,-138.624233,0.75,0.4375,600.0,-0.047842,33.989918,-28.650091
2026-02-25T17:39:07,200,-77.19774,0.625,0.625,600.0,-0.050078,10.33978,-28.650091
2026-02-25T17:39:22,201,-71.65313,0.875,0.375,600.0,-0.048834,14.242782,-28.650091
2026-02-25T17:39:38,202,-72.656399,1.25,0.1875,600.0,-0.048203,17.259338,-28.650091
2026-02-25T17:39:51,203,-31.50222,1.0625,0.3125,600.0,-0.048929,8.689785,-28.650091
2026-02-25T17:40:05,204,-42.073282,1.0,0.3125,600.0,-0.049634,9.862948,-28.650091
2026-02-25T17:40:19,205,-89.496919,0.8125,0.4375,600.0,-0.048902,19.680447,-28.650091
2026-02-25T17:40:33,206,-68.639809,0.6875,0.375,600.0,-0.049588,10.836588,-28.650091
2026-02-25T17:40:47,207,-63.256383,0.75,0.5,600.0,-0.048872,9.901248,-28.650091
2026-02-25T17:41:02,208,-65.356952,0.625,0.4375,600.0,-0.049824,16.745995,-28.650091
2026-02-25T17:41:15,209,-65.902494,0.75,0.5625,600.0,-0.048924,10.856826,-28.650091
2026-02-25T17:41:30,210,-81.646073,0.9375,0.3125,600.0,-0.048641,15.035394,-28.650091
2026-02-25T17:41:44,211,-66.419656,1.0625,0.25,600.0,-0.049827,18.189735,-28.650091
2026-02-25T17:41:58,212,-121.9473,0.875,0.4375,600.0,-0.047301,20.845089,-28.650091
2026-02-25T17:42:12,213,-105.409849,0.875,0.4375,600.0,-0.04887,19.16403,-28.650091
2026-02-25T17:42:26,214,-109.431745,1.1875,0.375,600.0,-0.04912,24.038477,-28.650091
2026-02-25T17:42:41,215,-96.36007,0.8125,0.5,600.0,-0.050191,16.95142,-28.650091
2026-02-25T17:42:55,216,-55.260492,1.5,0.1875,600.0,-0.050347,17.94235,-28.650091
2026-02-25T17:43:09,217,-70.257732,0.75,0.5625,600.0,-0.049596,10.755775,-28.650091
2026-02-25T17:43:23,218,-87.300048,1.0,0.25,600.0,-0.049202,21.216005,-28.650091
2026-02-25T17:43:37,219,-106.715283,0.9375,0.25,600.0,-0.049535,20.500677,-28.650091
2026-02-25T17:43:51,220,-151.745321,0.9375,0.25,600.0,-0.048797,30.008591,-28.650091
2026-02-25T17:44:05,221,-139.655214,0.9375,0.4375,600.0,-0.048718,27.40205,-28.650091
2026-02-25T17:44:19,222,-132.429258,0.6875,0.4375,600.0,-0.049037,27.092999,-28.650091
2026-02-25T17:44:34,223,-133.743582,0.5,0.75,600.0,-0.049857,15.443892,-28.650091
2026-02-25T17:44:48,224,-121.719335,0.5625,0.5,600.0,-0.049707,18.186607,-28.650091
2026-02-25T17:45:01,225,-133.280623,0.9375,0.3125,600.0,-0.048583,25.846144,-28.650091
2026-02-25T17:45:15,226,-59.260316,1.125,0.3125,600.0,-0.049705,13.873488,-28.650091
2026-02-25T17:45:30,227,-113.114583,0.6875,0.5625,600.0,-0.049755,16.202698,-28.650091
2026-02-25T17:45:43,228,-91.612289,0.75,0.5,600.0,-0.04947,18.204269,-28.650091
2026-02-25T17:45:57,229,-53.64804,0.875,0.3125,600.0,-0.050014,13.870804,-28.650091
2026-02-25T17:46:11,230,-69.452836,0.875,0.375,600.0,-0.050111,12.245987,-28.650091
2026-02-25T17:46:26,231,-95.610799,0.3125,0.6875,600.0,-0.049068,14.23153,-28.650091
2026-02-25T17:46:40,232,-34.237801,0.8125,0.3125,600.0,-0.048915,10.363435,-28.650091
2026-02-25T17:46:54,233,-70.759955,0.5625,0.6875,600.0,-0.049428,9.284435,-28.650091
2026-02-25T17:47:08,234,-82.443982,0.625,0.5,600.0,-0.050106,10.882421,-28.650091
2026-02-25T17:47:22,235,-52.982032,0.9375,0.3125,600.0,-0.049429,10.855797,-28.650091
2026-02-25T17:47:36,236,-68.403099,0.9375,0.3125,600.0,-0.049387,12.931065,-28.650091
2026-02-25T17:47:50,237,-66.619049,0.5,0.5625,600.0,-0.050398,8.788471,-28.650091
2026-02-25T17:48:04,238,-54.921009,0.875,0.3125,600.0,-0.051135,9.729249,-28.650091
2026-02-25T17:48:18,239,-83.108682,0.875,0.375,600.0,-0.049115,14.201768,-28.650091
2026-02-25T17:48:32,240,-59.778799,0.875,0.4375,600.0,-0.050037,10.779023,-28.650091
2026-02-25T17:48:45,241,-78.248155,1.0,0.375,600.0,-0.04959,14.507889,-28.650091
2026-02-25T17:48:59,242,-85.821773,0.75,0.375,600.0,-0.049371,12.426783,-28.650091
2026-02-25T17:49:14,243,-96.314805,1.25,0.375,600.0,-0.04956,18.135435,-28.650091
2026-02-25T17:49:27,244,-160.56866,1.0625,0.4375,600.0,-0.049735,28.300066,-28.650091
2026-02-25T17:49:41,245,-109.735836,0.75,0.4375,600.0,-0.049538,22.377697,-28.650091
2026-02-25T17:49:55,246,-69.631,1.125,0.5,600.0,-0.04919,15.331058,-28.650091
2026-02-25T17:50:10,247,-87.189495,0.6875,0.5,600.0,-0.050212,16.495838,-28.650091
2026-02-25T17:50:24,248,-87.134031,0.875,0.4375,600.0,-0.048006,16.588346,-28.650091
2026-02-25T17:50:38,249,-78.541904,0.9375,0.375,600.0,-0.050687,13.539987,-28.650091
2026-02-25T17:50:51,250,-76.777756,0.75,0.4375,600.0,-0.04965,15.436316,-28.650091
2026-02-25T17:51:05,251,-125.365199,0.8125,0.4375,600.0,-0.050461,18.466646,-28.650091
2026-02-25T17:51:19,252,-55.387793,1.0,0.3125,600.0,-0.050282,15.371177,-28.650091
2026-02-25T17:51:34,253,-167.027448,0.625,0.5625,600.0,-0.050718,21.17038,-28.650091
2026-02-25T17:51:48,254,-78.125887,1.0,0.3125,600.0,-0.050356,17.871264,-28.650091
2026-02-25T17:52:02,255,-83.629357,0.75,0.375,600.0,-0.049216,15.455327,-28.650091
2026-02-25T17:52:16,256,-60.022659,1.0,0.4375,600.0,-0.049728,10.485196,-28.650091
2026-02-25T17:52:29,257,-70.930814,1.0,0.375,600.0,-0.050509,15.710018,-28.650091
2026-02-25T17:52:43,258,-87.39243,0.875,0.5,600.0,-0.050067,14.1324,-28.650091
2026-02-25T17:52:58,259,-95.272496,0.75,0.5625,600.0,-0.050324,14.70743,-28.650091
2026-02-25T17:53:11,260,-93.434231,0.875,0.25,600.0,-0.050842,15.038851,-28.650091
2026-02-25T17:53:25,261,-72.337235,0.8125,0.375,600.0,-0.050531,13.568662,-28.650091
2026-02-25T17:53:39,262,-71.188465,0.875,0.375,600.0,-0.049898,14.036602,-28.650091
2026-02-25T17:53:53,263,-126.14015,1.0,0.4375,600.0,-0.050191,18.98596,-28.650091
2026-02-25T17:54:07,264,-87.98012,1.0625,0.3125,600.0,-0.050129,16.82266,-28.650091
2026-02-25T17:54:21,265,-68.733262,0.75,0.5625,600.0,-0.050088,11.512163,-28.650091
2026-02-25T17:54:35,266,-60.179127,1.0625,0.375,600.0,-0.049829,12.323092,-28.650091
2026-02-25T17:54:50,267,-54.209389,0.5,0.5,600.0,-0.050228,8.145381,-28.650091
2026-02-25T17:55:04,268,-82.466485,0.5625,0.5625,600.0,-0.050145,11.067994,-28.650091
2026-02-25T17:55:18,269,-47.241464,1.1875,0.3125,600.0,-0.050782,11.816881,-28.650091
2026-02-25T17:55:32,270,-41.562359,0.8125,0.4375,600.0,-0.050572,7.343289,-28.650091
2026-02-25T17:55:46,271,-64.09567,0.625,0.5625,600.0,-0.050514,7.753298,-28.650091
2026-02-25T17:56:02,272,-51.752091,0.6875,0.4375,600.0,-0.049064,16.533556,-28.650091
2026-02-25T17:56:16,273,-42.206119,0.8125,0.375,600.0,-0.050251,8.531275,-28.650091
2026-02-25T17:56:30,274,-71.760098,0.625,0.4375,600.0,-0.050345,11.59246,-28.650091
2026-02-25T17:56:44,275,-31.046739,0.6875,0.625,600.0,-0.051506,4.335567,-28.650091
2026-02-25T17:56:58,276,-73.285856,0.5625,0.5,600.0,-0.050071,15.860441,-28.650091
2026-02-25T17:57:13,277,-48.558506,0.3125,0.6875,600.0,-0.050156,4.993336,-28.650091
2026-02-25T17:57:27,278,-36.977054,0.75,0.375,600.0,-0.051131,6.792959,-28.650091
2026-02-25T17:57:41,279,-32.396909,0.8125,0.375,600.0,-0.050377,7.338007,-28.650091
2026-02-25T17:57:55,280,-41.332165,0.625,0.5,600.0,-0.051436,6.410587,-28.650091
2026-02-25T17:58:09,281,-75.408608,0.8125,0.5,600.0,-0.05139,11.271682,-28.650091
2026-02-25T17:58:23,282,-95.666658,1.25,0.25,600.0,-0.050248,19.858463,-28.650091
2026-02-25T17:58:37,283,-68.392209,0.625,0.5,600.0,-0.051489,11.643668,-28.650091
2026-02-25T17:58:51,284,-82.804383,0.625,0.4375,600.0,-0.04986,10.253991,-28.650091
2026-02-25T17:59:05,285,-67.389621,0.5625,0.5625,600.0,-0.05113,9.161276,-28.650091
2026-02-25T17:59:19,286,-77.556922,0.8125,0.4375,600.0,-0.050337,17.926996,-28.650091
2026-02-25T17:59:33,287,-108.330836,0.875,0.375,600.0,-0.050346,41.965523,-28.650091
2026-02-25T17:59:47,288,-87.546197,0.6875,0.4375,600.0,-0.050412,17.962671,-28.650091
2026-02-25T18:00:01,289,-77.164409,0.75,0.375,600.0,-0.050971,14.325562,-28.650091
2026-02-25T18:00:15,290,-83.7859,0.625,0.4375,600.0,-0.050599,14.183867,-28.650091
2026-02-25T18:00:29,291,-60.64782,0.625,0.5625,600.0,-0.051135,12.118472,-28.650091
2026-02-25T18:00:43,292,-96.082181,0.375,0.6875,600.0,-0.050836,11.69003,-28.650091
2026-02-25T18:00:57,293,-81.431564,0.8125,0.4375,600.0,-0.051566,15.276326,-28.650091
2026-02-25T18:01:12,294,-62.137268,0.9375,0.3125,600.0,-0.050496,13.353553,-28.650091
2026-02-25T18:01:25,295,-64.638801,0.625,0.4375,600.0,-0.050546,10.598873,-28.650091
2026-02-25T18:01:39,296,-65.930415,0.875,0.3125,600.0,-0.052374,12.802011,-28.650091
2026-02-25T18:01:55,297,-66.121609,0.9375,0.3125,600.0,-0.050737,12.583895,-28.650091
2026-02-25T18:02:09,298,-63.622906,0.625,0.5,600.0,-0.052638,10.983831,-28.650091
2026-02-25T18:02:22,299,-74.624686,0.875,0.4375,600.0,-0.050103,13.447093,-28.650091
2026-02-25T18:02:37,300,-105.024393,0.5625,0.5,600.0,-0.052087,18.432068,-28.650091
2026-02-25T18:02:51,301,-75.319166,0.5625,0.5625,600.0,-0.052003,9.101715,-28.650091
2026-02-25T18:03:04,302,-44.641519,1.125,0.375,600.0,-0.050558,11.290801,-28.650091
2026-02-25T18:03:19,303,-48.961943,1.0,0.3125,600.0,-0.051158,11.358908,-28.650091
2026-02-25T18:03:34,304,-60.233689,0.9375,0.4375,600.0,-0.051257,12.105119,-28.650091
2026-02-25T18:03:48,305,-93.171392,0.25,0.75,600.0,-0.050059,12.419599,-28.650091
2026-02-25T18:04:02,306,-71.553538,0.5625,0.5,600.0,-0.0514,13.868107,-28.650091
2026-02-25T18:04:16,307,-76.285105,0.6875,0.5,600.0,-0.051739,14.946745,-28.650091
2026-02-25T18:04:30,308,-37.531225,1.3125,0.25,600.0,-0.050652,8.181234,-28.650091
2026-02-25T18:04:44,309,-52.664758,1.1875,0.1875,600.0,-0.052088,12.020273,-28.650091
2026-02-25T18:04:58,310,-67.199729,0.9375,0.375,600.0,-0.05035,11.181875,-28.650091
2026-02-25T18:05:12,311,-90.916246,0.6875,0.625,600.0,-0.051028,10.94805,-28.650091
2026-02-25T18:05:26,312,-105.465918,0.8125,0.4375,600.0,-0.050053,15.276492,-28.650091
2026-02-25T18:05:40,313,-122.284817,0.8125,0.5,600.0,-0.050724,22.045481,-28.650091
2026-02-25T18:05:54,314,-18.948533,1.375,0.0625,600.0,-0.050867,9.310245,-18.948533
2026-02-25T18:06:08,315,-54.738526,0.75,0.5625,600.0,-0.052946,7.935361,-18.948533
2026-02-25T18:06:21,316,-29.300436,1.375,0.3125,600.0,-0.05067,7.629531,-18.948533
2026-02-25T18:06:35,317,-26.061431,0.8125,0.3125,600.0,-0.052093,6.060765,-18.948533
2026-02-25T18:06:49,318,-37.545133,0.75,0.4375,600.0,-0.051373,7.778224,-18.948533
2026-02-25T18:07:03,319,-57.209236,0.5625,0.5625,600.0,-0.051517,7.607948,-18.948533
2026-02-25T18:07:17,320,-65.562067,1.0,0.3125,600.0,-0.052922,13.404572,-18.948533
2026-02-25T18:07:31,321,-48.751473,1.1875,0.25,600.0,-0.052394,9.502254,-18.948533
2026-02-25T18:07:45,322,-144.917258,0.75,0.5,600.0,-0.050726,26.421268,-18.948533
2026-02-25T18:07:59,323,-77.991417,0.8125,0.4375,600.0,-0.051638,15.121211,-18.948533
2026-02-25T18:08:13,324,-64.481688,1.125,0.25,600.0,-0.050407,13.212877,-18.948533
2026-02-25T18:08:27,325,-65.694625,0.8125,0.375,600.0,-0.052206,9.218513,-18.948533
2026-02-25T18:08:41,326,-45.70815,1.0,0.3125,600.0,-0.051668,9.48014,-18.948533
2026-02-25T18:08:55,327,-33.464781,1.5,0.25,600.0,-0.051489,10.408344,-18.948533
2026-02-25T18:09:10,328,-101.60156,1.125,0.3125,600.0,-0.051105,20.289879,-18.948533
2026-02-25T18:09:24,329,-81.63597,0.875,0.5,600.0,-0.051131,13.285425,-18.948533
2026-02-25T18:09:38,330,-51.123467,1.3125,0.1875,600.0,-0.052192,12.236914,-18.948533
2026-02-25T18:09:52,331,-99.543749,0.9375,0.375,600.0,-0.051738,14.048359,-18.948533
2026-02-25T18:10:06,332,-76.942434,1.1875,0.1875,600.0,-0.051814,18.207117,-18.948533
2026-02-25T18:10:20,333,-88.491193,0.875,0.3125,600.0,-0.051006,13.547236,-18.948533
2026-02-25T18:10:33,334,-74.92737,1.0625,0.375,600.0,-0.051765,14.305151,-18.948533
2026-02-25T18:10:48,335,-109.448867,0.875,0.5,600.0,-0.050755,16.034231,-18.948533
2026-02-25T18:11:01,336,-78.274399,1.0,0.3125,600.0,-0.051664,15.910856,-18.948533
2026-02-25T18:11:16,337,-94.01667,0.6875,0.5,600.0,-0.051565,11.525267,-18.948533
2026-02-25T18:11:30,338,-100.02416,0.9375,0.375,600.0,-0.052868,19.689837,-18.948533
2026-02-25T18:11:44,339,-98.603937,0.6875,0.5625,600.0,-0.051591,13.128538,-18.948533
2026-02-25T18:11:58,340,-104.826642,0.625,0.5625,600.0,-0.051929,14.688984,-18.948533
2026-02-25T18:12:12,341,-54.217175,1.0625,0.375,600.0,-0.052184,12.350554,-18.948533
2026-02-25T18:12:26,342,-69.922094,0.75,0.5,600.0,-0.05201,12.875321,-18.948533
2026-02-25T18:12:40,343,-77.981608,0.8125,0.375,600.0,-0.051725,15.238268,-18.948533
2026-02-25T18:12:54,344,-110.23309,0.8125,0.4375,600.0,-0.051945,16.610609,-18.948533
2026-02-25T18:13:08,345,-85.587916,0.875,0.4375,600.0,-0.052853,15.610244,-18.948533
2026-02-25T18:13:22,346,-115.885716,0.5625,0.5,600.0,-0.05277,18.426378,-18.948533
2026-02-25T18:13:36,347,-83.692686,0.6875,0.4375,600.0,-0.051861,14.516071,-18.948533
2026-02-25T18:13:50,348,-77.689053,0.625,0.5625,600.0,-0.052436,10.003081,-18.948533
2026-02-25T18:14:04,349,-65.343626,0.6875,0.5625,600.0,-0.05176,12.753522,-18.948533
2026-02-25T18:14:18,350,-74.909754,0.4375,0.75,600.0,-0.052322,6.320959,-18.948533
2026-02-25T18:14:32,351,-55.05255,0.6875,0.375,600.0,-0.052224,13.872386,-18.948533
2026-02-25T18:14:46,352,-41.043853,0.5625,0.5625,600.0,-0.051618,5.945722,-18.948533
2026-02-25T18:15:00,353,-38.093746,0.75,0.3125,600.0,-0.053191,7.669869,-18.948533
2026-02-25T18:15:14,354,-42.559254,0.625,0.5625,600.0,-0.053277,6.99498,-18.948533
2026-02-25T18:15:28,355,-22.733048,0.625,0.4375,600.0,-0.052624,4.393318,-18.948533
2026-02-25T18:15:42,356,-58.292705,0.5625,0.625,600.0,-0.050989,8.49446,-18.948533
2026-02-25T18:15:56,357,-31.910141,0.5,0.5,600.0,-0.052041,4.93143,-18.948533
2026-02-25T18:16:11,358,-38.435802,0.5625,0.6875,600.0,-0.05321,4.940337,-18.948533
2026-02-25T18:16:25,359,-31.894068,0.5625,0.5625,600.0,-0.052389,4.358749,-18.948533
2026-02-25T18:16:39,360,-45.081805,0.5,0.5625,600.0,-0.052424,4.977829,-18.948533
2026-02-25T18:16:56,361,-22.038609,0.5625,0.5625,600.0,-0.053679,2.976497,-18.948533
2026-02-25T18:17:11,362,-67.574111,0.8125,0.3125,600.0,-0.053919,9.266827,-18.948533
2026-02-25T18:17:25,363,-60.49521,0.625,0.625,600.0,-0.051725,7.655372,-18.948533
2026-02-25T18:17:41,364,-90.347784,0.375,0.6875,600.0,-0.051605,9.593158,-18.948533
2026-02-25T18:17:55,365,-174.214741,0.75,0.4375,600.0,-0.052185,44.465725,-18.948533
2026-02-25T18:18:10,366,-69.460404,0.4375,0.6875,600.0,-0.053747,8.959244,-18.948533
2026-02-25T18:18:25,367,-34.351841,0.8125,0.4375,600.0,-0.053091,8.849906,-18.948533
2026-02-25T18:18:40,368,-35.727732,0.3125,0.75,600.0,-0.053667,4.149424,-18.948533
2026-02-25T18:18:54,369,-24.785715,0.5,0.625,600.0,-0.056024,2.506768,-18.948533
2026-02-25T18:19:08,370,-41.7953,0.5625,0.5625,600.0,-0.053293,5.234977,-18.948533
2026-02-25T18:19:22,371,-69.892055,0.4375,0.625,600.0,-0.049455,13.395123,-18.948533
2026-02-25T18:19:36,372,-35.34886,0.4375,0.625,600.0,-0.052668,4.781926,-18.948533
2026-02-25T18:19:50,373,-22.284557,0.6875,0.4375,600.0,-0.053345,4.177126,-18.948533
2026-02-25T18:20:04,374,-25.057462,0.9375,0.4375,600.0,-0.052969,4.955837,-18.948533
2026-02-25T18:20:18,375,-25.997528,0.6875,0.4375,600.0,-0.054092,3.764245,-18.948533
2026-02-25T18:20:32,376,-16.582588,0.875,0.375,600.0,-0.052713,3.772859,-16.582588
2026-02-25T18:20:45,377,-39.213892,0.5,0.5625,600.0,-0.05358,5.075841,-16.582588
2026-02-25T18:20:59,378,-56.713789,0.3125,0.6875,600.0,-0.051879,6.577655,-16.582588
2026-02-25T18:21:13,379,-35.312312,0.4375,0.5625,600.0,-0.05294,5.037429,-16.582588
2026-02-25T18:21:28,380,-51.747191,0.5625,0.5,600.0,-0.052791,8.085013,-16.582588
2026-02-25T18:21:42,381,-62.295865,0.625,0.5625,600.0,-0.054303,12.043441,-16.582588
2026-02-25T18:21:56,382,-41.354394,0.625,0.5625,600.0,-0.053225,6.434995,-16.582588
2026-02-25T18:22:10,383,-35.350099,0.75,0.4375,600.0,-0.053663,5.442785,-16.582588
2026-02-25T18:22:24,384,-78.245429,0.875,0.3125,600.0,-0.052803,13.496587,-16.582588
2026-02-25T18:22:38,385,-80.209809,0.9375,0.3125,600.0,-0.052932,13.489934,-16.582588
2026-02-25T18:22:52,386,-77.125284,0.5625,0.5,600.0,-0.053115,11.69248,-16.582588
2026-02-25T18:23:06,387,-49.570727,0.75,0.4375,600.0,-0.053992,6.964057,-16.582588
2026-02-25T18:23:20,388,-80.915896,0.875,0.4375,600.0,-0.05342,11.713681,-16.582588
2026-02-25T18:23:34,389,-63.359444,0.875,0.4375,600.0,-0.053483,9.841877,-16.582588
2026-02-25T18:23:48,390,-61.363361,1.0,0.3125,600.0,-0.053271,13.482132,-16.582588
2026-02-25T18:24:02,391,-112.687651,0.375,0.6875,600.0,-0.053442,13.959105,-16.582588
2026-02-25T18:24:16,392,-66.963949,0.75,0.375,600.0,-0.053611,9.989681,-16.582588
2026-02-25T18:24:30,393,-84.97441,0.75,0.4375,600.0,-0.05446,12.237979,-16.582588
2026-02-25T18:24:44,394,-24.593183,0.875,0.5,600.0,-0.055323,5.882628,-16.582588
2026-02-25T18:24:58,395,-46.428469,0.625,0.5625,600.0,-0.052925,8.768456,-16.582588
2026-02-25T18:25:12,396,-56.176034,0.4375,0.5625,600.0,-0.053557,12.344868,-16.582588
2026-02-25T18:25:26,397,-75.403855,0.4375,0.625,600.0,-0.053508,16.2467,-16.582588
2026-02-25T18:25:40,398,-30.8083,0.6875,0.625,600.0,-0.055509,3.319747,-16.582588
2026-02-25T18:25:54,399,-85.032251,0.4375,0.6875,600.0,-0.050945,22.07144,-16.582588
2026-02-25T18:26:08,400,-141.044659,0.8125,0.375,600.0,-0.054655,52.850624,-16.582588
2026-02-25T18:26:22,401,-38.362851,0.375,0.625,600.0,-0.053439,4.853686,-16.582588
2026-02-25T18:26:36,402,-65.898224,0.5,0.5625,600.0,-0.054026,13.504917,-16.582588
2026-02-25T18:26:50,403,-44.073418,0.375,0.6875,600.0,-0.054009,6.03283,-16.582588
2026-02-25T18:27:04,404,-33.289098,0.5,0.625,600.0,-0.054212,4.683624,-16.582588
2026-02-25T18:27:19,405,-73.867592,0.3125,0.75,600.0,-0.053615,10.521712,-16.582588
2026-02-25T18:27:33,406,-57.529766,0.625,0.5,600.0,-0.05363,10.588593,-16.582588
2026-02-25T18:27:47,407,-113.696687,0.8125,0.4375,600.0,-0.053397,18.73616,-16.582588
2026-02-25T18:28:01,408,-102.671858,0.5625,0.625,600.0,-0.053374,19.810349,-16.582588
2026-02-25T18:28:15,409,-43.730671,0.4375,0.625,600.0,-0.054096,6.446367,-16.582588
2026-02-25T18:28:29,410,-90.436274,0.5,0.5625,600.0,-0.054429,14.883909,-16.582588
2026-02-25T18:28:43,411,-51.553721,0.375,0.625,600.0,-0.053589,10.739895,-16.582588
2026-02-25T18:28:57,412,-23.845119,0.75,0.5625,600.0,-0.053543,5.386956,-16.582588
2026-02-25T18:29:11,413,-52.695297,0.5,0.5625,600.0,-0.054058,8.953753,-16.582588
2026-02-25T18:29:25,414,-44.510829,0.625,0.5,600.0,-0.053874,7.897072,-16.582588
2026-02-25T18:29:39,415,-25.481769,0.4375,0.6875,600.0,-0.055668,3.37167,-16.582588
2026-02-25T18:29:53,416,-45.660371,0.5625,0.5625,600.0,-0.054129,6.31725,-16.582588
2026-02-25T18:30:07,417,-61.441332,0.6875,0.4375,600.0,-0.055346,10.988776,-16.582588
2026-02-25T18:30:21,418,-40.245482,0.5625,0.625,600.0,-0.053997,4.277493,-16.582588
2026-02-25T18:30:35,419,-78.700933,0.6875,0.5,600.0,-0.053531,13.55454,-16.582588
2026-02-25T18:30:50,420,-38.931652,0.3125,0.75,600.0,-0.054497,4.717842,-16.582588
2026-02-25T18:31:04,421,-39.210654,0.8125,0.4375,600.0,-0.05531,6.605288,-16.582588
2026-02-25T18:31:18,422,-45.72365,0.5625,0.5625,600.0,-0.054089,7.576348,-16.582588
2026-02-25T18:31:32,423,-48.834494,0.4375,0.6875,600.0,-0.056674,5.863559,-16.582588
2026-02-25T18:31:46,424,-34.092072,0.6875,0.4375,600.0,-0.053508,6.672179,-16.582588
2026-02-25T18:32:00,425,-75.639255,0.5,0.625,600.0,-0.054097,15.724563,-16.582588
2026-02-25T18:32:14,426,-104.414221,0.25,0.75,600.0,-0.055678,18.248177,-16.582588
2026-02-25T18:32:29,427,-56.0875,0.3125,0.6875,600.0,-0.055391,7.824286,-16.582588
2026-02-25T18:32:43,428,-78.093699,0.375,0.6875,600.0,-0.054872,15.274053,-16.582588
2026-02-25T18:32:57,429,-34.672172,0.4375,0.6875,600.0,-0.054875,5.268769,-16.582588
2026-02-25T18:33:12,430,-36.695952,0.1875,0.8125,600.0,-0.055925,2.82302,-16.582588
2026-02-25T18:33:26,431,-27.2112,0.5,0.5625,600.0,-0.055423,3.764812,-16.582588
2026-02-25T18:33:40,432,-41.687292,0.5625,0.5625,600.0,-0.054858,4.819533,-16.582588
2026-02-25T18:33:54,433,-143.536293,0.25,0.75,600.0,-0.054023,19.862034,-16.582588
2026-02-25T18:34:08,434,-38.866315,0.3125,0.6875,600.0,-0.056114,5.744947,-16.582588
2026-02-25T18:34:22,435,-21.53619,0.4375,0.6875,600.0,-0.054224,1.810924,-16.582588
2026-02-25T18:34:37,436,-68.041649,0.5,0.625,600.0,-0.055999,9.571486,-16.582588
2026-02-25T18:34:51,437,-42.451354,0.4375,0.625,600.0,-0.05526,5.798358,-16.582588
2026-02-25T18:35:05,438,-56.041321,0.5625,0.5625,600.0,-0.054586,8.739645,-16.582588
2026-02-25T18:35:19,439,-70.057842,0.6875,0.4375,600.0,-0.056157,9.361107,-16.582588
2026-02-25T18:35:33,440,-47.516781,0.625,0.4375,600.0,-0.055399,9.602069,-16.582588
2026-02-25T18:35:47,441,-18.780926,0.6875,0.5625,600.0,-0.054347,3.892166,-16.582588
2026-02-25T18:36:01,442,-28.907925,0.5,0.5625,600.0,-0.056093,3.298965,-16.582588
2026-02-25T18:36:15,443,-19.390298,0.5625,0.4375,600.0,-0.055262,3.409192,-16.582588
2026-02-25T18:36:29,444,-35.99729,0.4375,0.6875,600.0,-0.054755,3.531206,-16.582588
2026-02-25T18:36:43,445,-18.955085,0.625,0.5,600.0,-0.05549,2.91765,-16.582588
2026-02-25T18:36:57,446,-39.693575,0.375,0.75,600.0,-0.056661,4.299074,-16.582588
2026-02-25T18:37:12,447,-27.014725,0.4375,0.625,600.0,-0.054397,2.434164,-16.582588
2026-02-25T18:37:26,448,-25.428512,0.625,0.375,600.0,-0.054907,3.919524,-16.582588
2026-02-25T18:37:40,449,-30.477681,0.75,0.375,600.0,-0.055696,4.975914,-16.582588
2026-02-25T18:37:54,450,-36.825882,0.375,0.6875,600.0,-0.056645,3.557959,-16.582588
2026-02-25T18:38:08,451,-19.049818,0.625,0.5,600.0,-0.056086,3.030325,-16.582588
2026-02-25T18:38:22,452,-42.213314,0.25,0.8125,600.0,-0.055624,6.131639,-16.582588
2026-02-25T18:38:38,453,-16.371732,0.5625,0.5625,600.0,-0.057896,1.903872,-16.371732
2026-02-25T18:38:54,454,-32.393611,0.875,0.3125,600.0,-0.053505,7.820481,-16.371732
2026-02-25T18:39:09,455,-14.010362,0.625,0.5,600.0,-0.055325,2.963737,-14.010362
2026-02-25T18:39:24,456,-32.081705,0.4375,0.75,600.0,-0.055339,2.974262,-14.010362
2026-02-25T18:39:39,457,-33.227376,0.5,0.6875,600.0,-0.056052,3.251026,-14.010362
2026-02-25T18:39:53,458,-13.704198,0.625,0.4375,600.0,-0.056719,2.813354,-13.704198
2026-02-25T18:40:07,459,-20.033553,0.625,0.5625,600.0,-0.05658,2.688419,-13.704198
2026-02-25T18:40:21,460,-46.510978,0.8125,0.4375,600.0,-0.056129,10.711273,-13.704198
2026-02-25T18:40:35,461,-47.33774,0.75,0.375,600.0,-0.057609,10.2514,-13.704198
2026-02-25T18:40:50,462,-23.695482,0.625,0.375,600.0,-0.055894,4.821918,-13.704198
2026-02-25T18:41:05,463,-67.112809,0.4375,0.625,600.0,-0.055554,12.659818,-13.704198
2026-02-25T18:41:21,464,-43.605841,0.5625,0.625,600.0,-0.056207,10.622159,-13.704198
2026-02-25T18:41:35,465,-21.211454,0.625,0.5625,600.0,-0.056839,3.372075,-13.704198
2026-02-25T18:41:49,466,-20.750059,0.375,0.625,600.0,-0.055755,2.850012,-13.704198
2026-02-25T18:42:03,467,-55.948668,0.4375,0.6875,600.0,-0.056362,8.744033,-13.704198
2026-02-25T18:42:17,468,-22.824431,0.5,0.625,600.0,-0.056109,2.662619,-13.704198
2026-02-25T18:42:31,469,-33.499256,0.5625,0.5625,600.0,-0.055545,5.512714,-13.704198
2026-02-25T18:42:45,470,-32.2763,0.3125,0.75,600.0,-0.05648,3.498951,-13.704198
2026-02-25T18:43:00,471,-31.540026,0.5,0.5625,600.0,-0.056337,5.801849,-13.704198
2026-02-25T18:43:14,472,-22.56449,0.6875,0.5,600.0,-0.056822,3.637584,-13.704198
2026-02-25T18:43:28,473,-16.293243,0.75,0.375,600.0,-0.058235,3.005053,-13.704198
2026-02-25T18:43:42,474,-51.538553,0.8125,0.3125,600.0,-0.054529,9.768585,-13.704198
2026-02-25T18:43:56,475,-114.055696,0.625,0.4375,600.0,-0.056609,19.204191,-13.704198
2026-02-25T18:44:10,476,-80.644202,0.625,0.5,600.0,-0.057273,14.450232,-13.704198
2026-02-25T18:44:24,477,-41.235956,0.5625,0.5625,600.0,-0.057551,5.943979,-13.704198
2026-02-25T18:44:38,478,-19.157663,0.75,0.4375,600.0,-0.05686,5.097061,-13.704198
2026-02-25T18:44:52,479,-19.313208,0.5625,0.5,600.0,-0.057507,2.475413,-13.704198
2026-02-25T18:45:06,480,-33.294645,0.5625,0.5625,600.0,-0.056417,4.075693,-13.704198
2026-02-25T18:45:20,481,-48.829482,0.9375,0.5,600.0,-0.058275,11.446247,-13.704198
2026-02-25T18:45:34,482,-44.25847,0.5,0.5625,600.0,-0.057534,8.972102,-13.704198
2026-02-25T18:45:48,483,-62.268295,0.5,0.6875,600.0,-0.056697,7.17234,-13.704198
2026-02-25T18:46:02,484,-27.573536,0.5625,0.5625,600.0,-0.057311,3.977669,-13.704198
2026-02-25T18:46:16,485,-24.295634,0.5625,0.5,600.0,-0.057273,2.490833,-13.704198
2026-02-25T18:46:30,486,-28.499244,0.8125,0.4375,600.0,-0.057409,3.659117,-13.704198
2026-02-25T18:46:44,487,-16.561149,0.5625,0.5625,600.0,-0.057513,2.185921,-13.704198
2026-02-25T18:46:58,488,-40.141245,0.75,0.375,600.0,-0.056208,8.787695,-13.704198
2026-02-25T18:47:12,489,-24.569089,0.5625,0.5,600.0,-0.057661,2.908534,-13.704198
2026-02-25T18:47:26,490,-38.670735,0.6875,0.5,600.0,-0.056675,8.269931,-13.704198
2026-02-25T18:47:41,491,-37.403966,0.375,0.75,600.0,-0.057455,3.988943,-13.704198
2026-02-25T18:47:54,492,-19.826916,0.375,0.625,600.0,-0.057302,1.813311,-13.704198
2026-02-25T18:48:08,493,-22.322913,0.75,0.375,600.0,-0.057184,3.014635,-13.704198
2026-02-25T18:48:23,494,-19.09228,0.5,0.6875,600.0,-0.057691,1.977894,-13.704198
2026-02-25T18:48:37,495,-23.284341,0.5625,0.5625,600.0,-0.057709,2.649313,-13.704198
2026-02-25T18:48:51,496,-111.540979,0.6875,0.4375,600.0,-0.055117,31.325855,-13.704198
2026-02-25T18:49:05,497,-63.671782,0.5625,0.5,600.0,-0.057436,15.394831,-13.704198
2026-02-25T18:49:20,498,-75.834313,0.5625,0.5625,600.0,-0.057024,15.096498,-13.704198
2026-02-25T18:49:34,499,-22.065115,0.75,0.5,600.0,-0.057702,4.339269,-13.704198
2026-02-25T18:49:49,500,-41.458811,0.3125,0.75,600.0,-0.058621,3.685027,-13.704198
2026-02-25T18:50:07,501,-36.4871,0.5,0.5625,600.0,-0.056785,7.264031,-13.704198
2026-02-25T18:50:21,502,-27.405743,0.5,0.5625,600.0,-0.05749,3.844372,-13.704198
2026-02-25T18:50:35,503,-11.51265,0.9375,0.375,600.0,-0.058508,3.026339,-11.51265
2026-02-25T18:50:50,504,-22.663624,0.5625,0.5625,600.0,-0.057946,2.654613,-11.51265
2026-02-25T18:51:03,505,-44.377213,0.6875,0.5,600.0,-0.057847,7.118143,-11.51265
2026-02-25T18:51:17,506,-14.027084,0.75,0.4375,600.0,-0.058066,1.847825,-11.51265
2026-02-25T18:51:31,507,-11.676827,0.6875,0.4375,600.0,-0.059619,2.506052,-11.51265
2026-02-25T18:51:45,508,-24.885649,0.5,0.625,600.0,-0.057772,2.754897,-11.51265
2026-02-25T18:52:00,509,-30.031669,0.625,0.625,600.0,-0.056925,3.625478,-11.51265
2026-02-25T18:52:14,510,-61.842485,1.125,0.25,600.0,-0.057348,27.968304,-11.51265
2026-02-25T18:52:27,511,-43.664718,0.5625,0.5,600.0,-0.058609,5.502715,-11.51265
2026-02-25T18:52:42,512,-48.921347,0.5,0.625,600.0,-0.058408,4.854741,-11.51265
2026-02-25T18:52:55,513,-51.041595,0.625,0.4375,600.0,-0.057822,5.772157,-11.51265
2026-02-25T18:53:09,514,-25.943847,0.9375,0.5,600.0,-0.057469,4.055718,-11.51265
2026-02-25T18:53:23,515,-35.997303,0.75,0.5,600.0,-0.057902,6.416377,-11.51265
2026-02-25T18:53:37,516,-13.259132,0.8125,0.5,600.0,-0.057235,2.911193,-11.51265
2026-02-25T18:53:51,517,-65.004781,0.9375,0.375,600.0,-0.058609,14.394398,-11.51265
2026-02-25T18:54:05,518,-9.552235,1.0,0.375,600.0,-0.057391,2.911232,-9.552235
2026-02-25T18:54:19,519,-92.56281,0.875,0.375,600.0,-0.057553,20.033985,-9.552235
2026-02-25T18:54:33,520,-68.482888,0.875,0.5,600.0,-0.058788,10.101561,-9.552235
2026-02-25T18:54:47,521,-34.409296,0.6875,0.5625,600.0,-0.059179,4.08369,-9.552235
2026-02-25T18:55:01,522,-56.910336,0.8125,0.625,600.0,-0.059187,11.212248,-9.552235
2026-02-25T18:55:15,523,-30.280654,0.6875,0.5,600.0,-0.058082,4.716919,-9.552235
2026-02-25T18:55:29,524,-31.053518,0.5,0.625,600.0,-0.059041,3.505803,-9.552235
2026-02-25T18:55:43,525,-27.342741,0.5625,0.5625,600.0,-0.058835,2.673215,-9.552235
2026-02-25T18:55:57,526,-14.271711,0.8125,0.375,600.0,-0.057672,3.388295,-9.552235
2026-02-25T18:56:11,527,-84.914846,0.9375,0.25,600.0,-0.057018,24.826687,-9.552235
2026-02-25T18:56:25,528,-58.252552,0.9375,0.375,600.0,-0.059319,8.939665,-9.552235
2026-02-25T18:56:39,529,-46.810051,0.8125,0.375,600.0,-0.057725,6.632785,-9.552235
2026-02-25T18:56:53,530,-72.649146,1.1875,0.3125,600.0,-0.057373,12.453738,-9.552235
2026-02-25T18:57:07,531,-74.512421,0.8125,0.375,600.0,-0.059624,11.418185,-9.552235
2026-02-25T18:57:21,532,-63.379818,0.8125,0.4375,600.0,-0.05921,10.806076,-9.552235
2026-02-25T18:57:35,533,-20.121128,1.0,0.3125,600.0,-0.05754,5.435383,-9.552235
2026-02-25T18:57:48,534,-103.649766,0.625,0.5,600.0,-0.057115,16.839161,-9.552235
2026-02-25T18:58:02,535,-55.028571,1.5625,0.25,600.0,-0.058823,13.549517,-9.552235
2026-02-25T18:58:16,536,-149.512568,1.0,0.3125,600.0,-0.05988,45.156853,-9.552235
2026-02-25T18:58:30,537,-48.580119,1.125,0.3125,600.0,-0.060344,16.983599,-9.552235
2026-02-25T18:58:44,538,-17.130161,0.8125,0.375,600.0,-0.059258,5.051136,-9.552235
2026-02-25T18:58:59,539,-21.799988,0.4375,0.6875,600.0,-0.060042,2.80319,-9.552235
2026-02-25T18:59:14,540,-27.131574,0.4375,0.625,600.0,-0.060441,3.293769,-9.552235
2026-02-25T18:59:29,541,-22.852787,0.375,0.8125,600.0,-0.059247,2.015918,-9.552235
2026-02-25T18:59:44,542,-15.620018,0.625,0.4375,600.0,-0.060079,2.41922,-9.552235
2026-02-25T18:59:58,543,-101.155729,0.4375,0.8125,600.0,-0.058517,20.7446,-9.552235
2026-02-25T19:00:12,544,-40.568398,0.875,0.4375,600.0,-0.058307,6.229311,-9.552235
2026-02-25T19:00:26,545,-74.731034,0.625,0.5625,600.0,-0.058277,14.459816,-9.552235
2026-02-25T19:00:40,546,-79.423872,0.9375,0.3125,600.0,-0.058688,13.751718,-9.552235
2026-02-25T19:00:54,547,-29.967971,1.1875,0.25,600.0,-0.059004,9.18199,-9.552235
2026-02-25T19:01:08,548,-51.376147,0.75,0.4375,600.0,-0.059139,8.073377,-9.552235
2026-02-25T19:01:22,549,-10.141248,1.25,0.25,600.0,-0.058672,3.785465,-9.552235
2026-02-25T19:01:36,550,-79.910588,0.5,0.5,600.0,-0.057975,12.426408,-9.552235
2026-02-25T19:01:51,551,-43.264333,0.375,0.625,600.0,-0.058967,5.668222,-9.552235
2026-02-25T19:02:05,552,-16.836157,0.75,0.375,600.0,-0.060788,3.19139,-9.552235
2026-02-25T19:02:18,553,-23.065721,0.375,0.6875,600.0,-0.060404,2.195205,-9.552235
2026-02-25T19:02:33,554,-15.85983,0.5625,0.4375,600.0,-0.058433,3.016047,-9.552235
2026-02-25T19:02:47,555,-20.434412,0.75,0.4375,600.0,-0.05868,2.714416,-9.552235
2026-02-25T19:03:01,556,-30.555979,1.0625,0.3125,600.0,-0.058977,3.76441,-9.552235
2026-02-25T19:03:15,557,-40.813278,0.5,0.5625,600.0,-0.060007,3.167004,-9.552235
2026-02-25T19:03:29,558,-22.096113,0.5625,0.5625,600.0,-0.061173,2.011992,-9.552235
2026-02-25T19:03:42,559,-24.794057,0.9375,0.375,600.0,-0.059023,4.518616,-9.552235
2026-02-25T19:03:56,560,-37.14952,0.625,0.5,600.0,-0.059543,4.783737,-9.552235
2026-02-25T19:04:11,561,-11.669536,0.75,0.5,600.0,-0.061019,1.596546,-9.552235
2026-02-25T19:04:24,562,-23.506662,0.5625,0.5,600.0,-0.060266,2.6541,-9.552235
2026-02-25T19:04:38,563,-8.550259,0.9375,0.4375,600.0,-0.059605,2.115163,-8.550259
2026-02-25T19:04:52,564,-11.940162,0.875,0.3125,600.0,-0.060922,2.727694,-8.550259
2026-02-25T19:05:06,565,-9.686561,1.0625,0.3125,600.0,-0.059084,2.925345,-8.550259
2026-02-25T19:05:20,566,-24.630608,0.625,0.4375,600.0,-0.059332,3.632778,-8.550259
2026-02-25T19:05:34,567,-21.609188,1.125,0.3125,600.0,-0.058319,4.933195,-8.550259
2026-02-25T19:05:48,568,-18.336738,0.8125,0.4375,600.0,-0.060096,2.767894,-8.550259
2026-02-25T19:06:01,569,-52.952493,0.9375,0.3125,600.0,-0.059733,11.452128,-8.550259
2026-02-25T19:06:16,570,-16.050032,0.5,0.5625,600.0,-0.059921,2.184757,-8.550259
2026-02-25T19:06:30,571,-20.495209,0.875,0.5,600.0,-0.05986,2.863615,-8.550259
2026-02-25T19:06:45,572,-10.056545,0.9375,0.3125,600.0,-0.060307,3.36899,-8.550259
2026-02-25T19:06:59,573,-24.978102,1.0,0.375,600.0,-0.060398,4.596638,-8.550259
2026-02-25T19:07:13,574,-14.075717,0.9375,0.375,600.0,-0.058573,3.058258,-8.550259
2026-02-25T19:07:27,575,-36.443961,0.75,0.4375,600.0,-0.059047,6.467125,-8.550259
2026-02-25T19:07:42,576,-59.895232,0.9375,0.3125,600.0,-0.060344,10.751492,-8.550259
2026-02-25T19:07:55,577,-35.007072,0.8125,0.3125,600.0,-0.060023,7.099763,-8.550259
2026-02-25T19:08:09,578,-72.096446,0.625,0.5625,600.0,-0.05851,10.136363,-8.550259
2026-02-25T19:08:24,579,-71.724689,0.875,0.4375,600.0,-0.058855,10.08436,-8.550259
2026-02-25T19:08:38,580,-73.795726,0.875,0.5,600.0,-0.059114,15.64572,-8.550259
2026-02-25T19:08:52,581,-88.344453,0.75,0.3125,600.0,-0.059383,15.848368,-8.550259
2026-02-25T19:09:06,582,-42.419345,0.625,0.5,600.0,-0.059105,10.817722,-8.550259
2026-02-25T19:09:20,583,-86.450487,0.4375,0.625,600.0,-0.059738,10.832378,-8.550259
2026-02-25T19:09:35,584,-26.034585,0.875,0.375,600.0,-0.060868,8.030668,-8.550259
2026-02-25T19:09:49,585,-12.304861,0.625,0.375,600.0,-0.060378,3.419237,-8.550259
2026-02-25T19:10:03,586,-7.763393,1.0625,0.3125,600.0,-0.060199,3.149653,-7.763393
2026-02-25T19:10:18,587,-19.215905,0.5,0.6875,600.0,-0.06154,1.913947,-7.763393
2026-02-25T19:10:32,588,-24.196001,0.9375,0.375,600.0,-0.059314,6.205829,-7.763393
2026-02-25T19:10:46,589,-43.136692,0.75,0.4375,600.0,-0.059272,6.633416,-7.763393
2026-02-25T19:11:00,590,-57.84399,0.625,0.4375,600.0,-0.060035,12.113422,-7.763393
2026-02-25T19:11:14,591,-71.432775,0.625,0.5,600.0,-0.060038,11.874299,-7.763393
2026-02-25T19:11:28,592,-32.021258,1.1875,0.125,600.0,-0.060913,9.133257,-7.763393
2026-02-25T19:11:43,593,-33.915466,0.75,0.5,600.0,-0.059563,5.749588,-7.763393
2026-02-25T19:11:57,594,-73.177448,0.6875,0.5625,600.0,-0.059885,12.24374,-7.763393
2026-02-25T19:12:11,595,-24.435878,0.6875,0.4375,600.0,-0.06051,3.535932,-7.763393
2026-02-25T19:12:26,596,-14.914127,0.8125,0.4375,600.0,-0.059442,2.652983,-7.763393
2026-02-25T19:12:40,597,-14.304384,0.625,0.5625,600.0,-0.059977,2.253218,-7.763393
2026-02-25T19:12:56,598,-30.849023,0.25,0.75,600.0,-0.060982,2.079289,-7.763393
2026-02-25T19:13:11,599,-20.924351,0.375,0.6875,600.0,-0.060465,1.986003,-7.763393
2026-02-25T19:13:25,600,-9.12284,0.875,0.375,600.0,-0.06042,1.992234,-7.763393
2026-02-25T19:13:40,601,-11.898866,0.75,0.5,600.0,-0.061005,1.822679,-7.763393
2026-02-25T19:13:54,602,-12.544745,0.6875,0.4375,600.0,-0.060554,1.822519,-7.763393
2026-02-25T19:14:09,603,-15.220095,0.75,0.5,600.0,-0.061351,2.025447,-7.763393
2026-02-25T19:14:23,604,-17.536388,0.625,0.625,600.0,-0.059767,1.663559,-7.763393
2026-02-25T19:14:37,605,-7.82625,0.875,0.375,600.0,-0.06018,1.925625,-7.763393
2026-02-25T19:14:52,606,-15.636948,0.625,0.5625,600.0,-0.060473,1.65733,-7.763393
2026-02-25T19:15:07,607,-30.961799,0.625,0.5625,600.0,-0.060022,4.088007,-7.763393
2026-02-25T19:15:21,608,-25.789444,1.0625,0.375,600.0,-0.060358,5.427693,-7.763393
2026-02-25T19:23:09,1,-0.218995,0.8125,0.4375,600.0,-0.044604,1.649215,-0.218995,20
2026-02-25T19:24:07,2,-2.732323,0.625,0.5,600.0,-0.0442,1.37772,-0.218995,20
2026-02-25T19:25:03,3,-1.50273,0.75,0.5,600.0,-0.042822,1.519844,-0.218995,20
2026-02-25T19:25:59,4,-1.5016,0.8125,0.5625,600.0,-0.043449,1.719555,-0.218995,20
2026-02-25T19:26:55,5,2.253272,1.0,0.375,600.0,-0.043675,1.528017,2.253272,20
2026-02-25T19:27:52,6,-4.616704,0.5,0.5625,600.0,-0.043516,1.172357,2.253272,20
2026-02-25T19:28:48,7,3.490361,1.1875,0.4375,600.0,-0.044735,2.28653,3.490361,20
2026-02-25T19:29:46,8,-6.482216,0.4375,0.6875,600.0,-0.043883,1.226086,3.490361,20
2026-02-25T19:30:43,9,-2.737709,0.5625,0.4375,600.0,-0.044246,1.12939,3.490361,20
2026-02-25T19:31:40,10,0.997446,0.875,0.375,600.0,-0.043997,1.359457,3.490361,20
2026-02-25T19:32:38,11,-2.738746,0.6875,0.5625,600.0,-0.044598,1.487472,3.490361,20
2026-02-25T19:33:37,12,-3.369797,0.5625,0.5,600.0,-0.043529,1.258799,3.490361,20
2026-02-25T19:34:35,13,-7.106425,0.375,0.6875,600.0,-0.043398,1.082487,3.490361,20
2026-02-25T19:35:33,14,-7.743977,0.375,0.75,600.0,-0.045681,1.07085,3.490361,20
2026-02-25T19:36:31,15,-7.732959,0.375,0.75,600.0,-0.04402,0.899355,3.490361,20
2026-02-25T19:37:28,16,0.385991,0.75,0.3125,600.0,-0.045454,1.373213,3.490361,20
2026-02-25T19:38:25,17,-2.112144,0.6875,0.5,600.0,-0.044029,1.481183,3.490361,20
2026-02-25T19:39:22,18,-1.493358,0.75,0.5,600.0,-0.044853,1.390307,3.490361,20
2026-02-25T19:40:19,19,1.004791,0.875,0.375,600.0,-0.045271,1.486946,3.490361,20
2026-02-25T19:41:16,20,-3.98945,0.625,0.625,600.0,-0.043791,1.41825,3.490361,20
2026-02-25T19:42:13,21,0.989911,0.8125,0.3125,600.0,-0.044381,1.419846,3.490361,20
2026-02-25T19:43:10,22,-0.264682,0.8125,0.4375,600.0,-0.043778,1.433769,3.490361,20
2026-02-25T19:44:07,23,-5.252427,0.5,0.625,600.0,-0.044006,0.963397,3.490361,20
2026-02-25T19:45:04,24,-0.263129,0.75,0.375,600.0,-0.043986,1.406347,3.490361,20
2026-02-25T19:46:00,25,2.831154,1.0625,0.375,600.0,-0.044859,1.808764,3.490361,20
2026-02-25T19:46:57,26,-4.026931,0.5625,0.5625,600.0,-0.043582,1.083952,3.490361,20
2026-02-25T19:47:55,27,-7.165562,0.375,0.6875,600.0,-0.045102,0.946881,3.490361,20
2026-02-25T19:48:51,28,2.80462,1.0625,0.375,600.0,-0.044395,1.701445,3.490361,20
2026-02-25T19:49:49,29,-3.411225,0.5625,0.5,600.0,-0.043718,1.115439,3.490361,20
2026-02-25T19:50:45,30,0.321926,0.875,0.4375,600.0,-0.04369,1.640603,3.490361,20
2026-02-25T19:51:43,31,-2.812868,0.625,0.5,600.0,-0.043908,1.165425,3.490361,20
2026-02-25T19:52:40,32,-4.685941,0.5625,0.625,600.0,-0.044294,1.249044,3.490361,20
2026-02-25T19:53:37,33,-2.188461,0.6875,0.5,600.0,-0.043665,1.297992,3.490361,20
2026-02-25T19:54:33,34,2.799435,1.0,0.3125,600.0,-0.044211,1.675573,3.490361,20
2026-02-25T19:55:30,35,-2.821554,0.6875,0.5625,600.0,-0.044946,1.262153,3.490361,20
2026-02-25T19:56:27,36,-2.198042,0.6875,0.5,600.0,-0.043903,1.253371,3.490361,20
2026-02-25T19:58:16,1,65.338871,0.8125,0.4375,600.0,-0.04369,99.529015,65.338871,20
2026-02-25T19:59:12,2,60.280052,0.75,0.375,600.0,-0.044591,81.504425,65.338871,20
2026-02-25T20:00:07,3,77.278928,0.9375,0.375,600.0,-0.044854,98.796967,77.278928,20
2026-02-25T20:01:03,4,53.365321,0.6875,0.5,600.0,-0.043836,80.939743,77.278928,20
2026-02-25T20:01:59,5,76.048995,0.9375,0.5,600.0,-0.04421,103.668144,77.278928,20
2026-02-25T20:02:55,6,23.152751,0.375,0.6875,600.0,-0.043686,32.153687,77.278928,20
2026-02-25T20:03:52,7,28.805186,0.4375,0.6875,600.0,-0.044205,45.361187,77.278928,20
2026-02-25T20:04:48,8,59.653052,0.75,0.4375,600.0,-0.041355,75.705116,77.278928,20
2026-02-25T20:05:44,9,35.72706,0.5,0.5625,600.0,-0.042191,46.528099,77.278928,20
2026-02-25T20:06:39,10,65.942406,0.8125,0.375,600.0,-0.043727,72.462387,77.278928,20
2026-02-25T20:07:35,11,78.519929,0.9375,0.25,600.0,-0.043012,100.017212,78.519929,20
2026-02-25T20:08:31,12,59.613059,0.75,0.4375,600.0,-0.043427,101.265976,78.519929,20
2026-02-25T20:09:28,13,35.072559,0.5,0.625,600.0,-0.043826,51.881149,78.519929,20
2026-02-25T20:10:24,14,35.039727,0.5,0.625,600.0,-0.043365,50.516747,78.519929,20
2026-02-25T20:11:20,15,64.652735,0.8125,0.5,600.0,-0.043932,74.389725,78.519929,20
2026-02-25T20:12:26,16,65.895127,0.8125,0.375,600.0,-0.043833,90.241852,78.519929,20
2026-02-25T20:13:22,17,52.055833,0.6875,0.625,600.0,-0.04452,79.18515,78.519929,20
2026-02-25T20:14:18,18,53.924017,0.6875,0.4375,600.0,-0.044383,62.079102,78.519929,20
2026-02-25T20:15:13,19,82.890225,1.0,0.375,600.0,-0.044046,106.375206,82.890225,20
2026-02-25T20:16:09,20,53.294708,0.6875,0.5,600.0,-0.04478,80.082596,82.890225,20
2026-02-25T20:17:06,21,41.94471,0.5625,0.5,600.0,-0.043976,66.03537,82.890225,20
2026-02-25T20:18:02,22,47.624736,0.625,0.5,600.0,-0.044971,66.998146,82.890225,20
2026-02-25T20:18:57,23,70.923043,0.875,0.4375,600.0,-0.044606,79.254417,82.890225,20
2026-02-25T20:19:54,24,29.988373,0.4375,0.5625,600.0,-0.045255,50.999878,82.890225,20
2026-02-25T20:20:51,25,45.725648,0.625,0.6875,600.0,-0.044364,67.303078,82.890225,20
2026-02-25T20:21:48,26,48.235583,0.625,0.4375,600.0,-0.043567,59.227684,82.890225,20
2026-02-25T20:22:43,27,64.577913,0.8125,0.5,600.0,-0.04443,87.06665,82.890225,20
2026-02-25T20:23:40,28,35.612404,0.5,0.5625,600.0,-0.045057,36.169823,82.890225,20
2026-02-25T20:24:37,29,16.728343,0.3125,0.75,600.0,-0.041551,27.477272,82.890225,20
2026-02-25T20:25:34,30,41.923442,0.5625,0.5,600.0,-0.045558,62.022266,82.890225,20
2026-02-25T20:26:30,31,65.22591,0.8125,0.4375,600.0,-0.044639,86.158806,82.890225,20
2026-02-25T20:27:26,32,47.583346,0.625,0.5,600.0,-0.045077,70.637138,82.890225,20
2026-02-25T20:28:22,33,47.599879,0.625,0.5,600.0,-0.045972,71.049118,82.890225,20
2026-02-25T20:29:19,34,47.58023,0.625,0.5,600.0,-0.044735,70.007652,82.890225,20
2026-02-25T20:31:13,1,74.134152,1.0,0.3125,600.0,-0.045035,130.435074,74.134152,20
2026-02-25T20:32:10,2,10.607707,0.4375,0.625,600.0,-0.044618,58.293282,74.134152,20
2026-02-25T20:33:05,3,43.281482,0.6875,0.375,600.0,-0.044907,70.9263,74.134152,20
2026-02-25T20:34:00,4,60.267417,0.875,0.375,600.0,-0.042063,112.250481,74.134152,20
2026-02-25T20:34:54,5,91.129296,1.1875,0.3125,600.0,-0.044763,129.217987,91.129296,20
2026-02-25T20:35:51,6,26.931534,0.5625,0.5,600.0,-0.045421,62.448185,91.129296,20
2026-02-25T20:36:46,7,52.773175,0.875,0.5625,600.0,-0.04448,107.262321,91.129296,20
2026-02-25T20:37:41,8,68.438078,0.9375,0.3125,600.0,-0.043912,102.114395,91.129296,20
2026-02-25T20:38:38,9,24.41406,0.5625,0.5625,600.0,-0.044234,63.31226,91.129296,20
2026-02-25T20:39:33,10,65.918944,0.9375,0.375,600.0,-0.045535,108.087196,91.129296,20
2026-02-25T20:40:29,11,60.262908,0.875,0.375,600.0,-0.045198,97.089272,91.129296,20
2026-02-25T20:41:26,12,13.717422,0.5,0.6875,600.0,-0.044507,75.899689,91.129296,20
2026-02-25T20:42:22,13,32.566651,0.625,0.5,600.0,-0.045238,84.507591,91.129296,20
2026-02-25T20:43:20,14,21.883984,0.5625,0.625,600.0,-0.044807,70.831352,91.129296,20
2026-02-25T20:44:15,15,55.235167,0.875,0.5,600.0,-0.045074,101.36219,91.129296,20
2026-02-25T20:45:11,16,35.063684,0.625,0.4375,600.0,-0.044686,76.1717,91.129296,20
2026-02-25T20:46:07,17,43.902838,0.75,0.5,600.0,-0.044603,99.508186,91.129296,20
2026-02-25T20:47:02,18,87.247943,1.0625,0.125,600.0,-0.045647,99.572876,91.129296,20
2026-02-25T20:47:57,19,52.082932,0.8125,0.4375,600.0,-0.044451,103.701965,91.129296,20
2026-02-25T20:48:54,20,30.077387,0.625,0.5625,600.0,-0.044455,79.566757,91.129296,20
2026-02-25T20:49:50,21,46.410494,0.75,0.4375,600.0,-0.046971,92.897484,91.129296,20
2026-02-25T20:50:46,22,40.755392,0.6875,0.4375,600.0,-0.044451,81.177803,91.129296,20
2026-02-25T20:51:41,23,49.603121,0.8125,0.5,600.0,-0.044547,81.72934,91.129296,20
2026-02-25T20:52:38,24,24.40251,0.5625,0.5625,600.0,-0.044908,75.041969,91.129296,20
2026-02-25T20:53:34,25,27.566835,0.625,0.625,600.0,-0.045279,78.255753,91.129296,20
2026-02-25T20:54:29,26,70.89964,0.9375,0.25,600.0,-0.045077,99.663162,91.129296,20
2026-02-25T20:55:26,27,43.875235,0.75,0.5,600.0,-0.044573,86.401871,91.129296,20
2026-02-25T20:56:21,28,57.705841,0.875,0.4375,600.0,-0.045418,89.226677,91.129296,20
2026-02-25T20:57:19,29,-5.790926,0.3125,0.75,600.0,-0.045284,41.172649,91.129296,20
2026-02-25T20:58:15,30,21.193747,0.5,0.5,600.0,-0.044869,61.801353,91.129296,20
2026-02-25T20:59:11,31,41.363045,0.75,0.5625,600.0,-0.045599,89.518456,91.129296,20
2026-02-25T21:00:08,32,30.007976,0.625,0.5625,600.0,-0.044682,81.031548,91.129296,20
2026-02-25T21:01:03,33,62.670565,0.875,0.3125,600.0,-0.044921,100.504059,91.129296,20
2026-02-25T21:01:58,34,63.330906,0.9375,0.4375,600.0,-0.044695,111.982422,91.129296,20
2026-02-25T21:02:53,35,76.492181,1.0,0.25,600.0,-0.046019,118.39151,91.129296,20
2026-02-25T21:03:49,36,65.848204,0.9375,0.375,600.0,-0.044585,104.58493,91.129296,20
2026-02-25T21:04:44,37,68.342297,0.9375,0.3125,600.0,-0.045153,100.269196,91.129296,20
2026-02-25T21:05:40,38,35.663587,0.6875,0.5625,600.0,-0.044455,70.009468,91.129296,20
2026-02-25T21:06:36,39,41.339081,0.75,0.5625,600.0,-0.043824,90.813057,91.129296,20
2026-02-25T21:07:33,40,13.660188,0.5,0.6875,600.0,-0.044252,53.969738,91.129296,20
2026-02-25T21:08:29,41,40.671158,0.6875,0.4375,600.0,-0.045127,74.479576,91.129296,20
2026-02-25T21:09:26,42,4.840156,0.375,0.625,600.0,-0.045504,38.621929,91.129296,20
2026-02-25T21:10:22,43,46.343673,0.75,0.4375,600.0,-0.044776,73.40654,91.129296,20
2026-02-25T21:11:17,44,76.536026,1.0,0.25,600.0,-0.046436,111.409439,91.129296,20
2026-02-25T21:12:12,45,60.181966,0.875,0.375,600.0,-0.044658,80.36969,91.129296,20
2026-02-25T21:13:09,46,38.179016,0.6875,0.5,600.0,-0.044267,72.389465,91.129296,20
2026-02-25T21:14:06,47,10.495243,0.4375,0.625,600.0,-0.044641,60.441776,91.129296,20
2026-02-25T21:15:02,48,26.831197,0.5625,0.5,600.0,-0.044958,70.606598,91.129296,20
2026-02-25T21:15:58,49,52.697196,0.875,0.5625,600.0,-0.044896,105.504471,91.129296,20
2026-02-25T21:16:55,50,10.507498,0.4375,0.625,600.0,-0.043903,47.595047,91.129296,20
2026-02-25T21:17:55,51,52.003795,0.8125,0.4375,600.0,-0.045076,92.192909,91.129296,20
2026-02-25T21:18:53,52,-3.371942,0.3125,0.6875,600.0,-0.044533,39.892986,91.129296,20
2026-02-25T21:19:48,53,65.836066,0.9375,0.375,600.0,-0.045747,94.696007,91.129296,20
2026-02-25T21:20:45,54,-0.19136,0.375,0.75,600.0,-0.041647,40.849937,91.129296,20
2026-02-25T21:21:43,55,-5.846626,0.3125,0.75,600.0,-0.042084,45.018955,91.129296,20
2026-02-25T21:22:39,56,35.633389,0.6875,0.5625,600.0,-0.045112,72.074982,91.129296,20
2026-02-25T21:23:32,57,135.674002,1.625,0.1875,600.0,-0.044666,156.046661,135.674002,20
2026-02-25T21:24:30,58,-5.865379,0.3125,0.75,600.0,-0.045614,46.146694,135.674002,20
2026-02-25T21:25:27,59,10.456611,0.4375,0.625,600.0,-0.045275,45.40741,135.674002,20
2026-02-25T21:26:22,60,63.315681,0.9375,0.4375,600.0,-0.044489,126.121246,135.674002,20
2026-02-25T21:27:19,61,29.960767,0.625,0.5625,600.0,-0.045686,68.877068,135.674002,20
2026-02-25T21:28:16,62,46.981882,0.8125,0.5625,600.0,-0.045523,110.509468,135.674002,20
2026-02-25T21:29:13,63,62.655209,0.875,0.3125,600.0,-0.045231,92.110291,135.674002,20
2026-02-25T21:30:09,64,26.791028,0.5625,0.5,600.0,-0.04399,54.758209,135.674002,20
2026-02-25T21:31:06,65,10.456322,0.4375,0.625,600.0,-0.045349,62.409908,135.674002,20
2026-02-25T21:32:03,66,16.122537,0.5,0.625,600.0,-0.044559,61.938671,135.674002,20
2026-02-25T21:32:58,67,63.307902,0.9375,0.4375,600.0,-0.046363,103.4207,135.674002,20
2026-02-25T21:33:54,68,33.146476,0.6875,0.625,600.0,-0.045082,70.64962,135.674002,20
2026-02-25T21:34:49,69,57.695878,0.875,0.4375,600.0,-0.045741,114.701996,135.674002,20
2026-02-25T21:35:45,70,33.16841,0.6875,0.625,600.0,-0.045118,90.618607,135.674002,20
2026-02-25T21:36:41,71,35.680783,0.6875,0.5625,600.0,-0.045065,73.233452,135.674002,20
2026-02-25T21:37:38,72,8.012347,0.4375,0.6875,600.0,-0.046084,59.109165,135.674002,20
2026-02-25T21:38:35,73,10.519102,0.4375,0.625,600.0,-0.045163,45.318207,135.674002,20
2026-02-25T21:39:32,74,18.671498,0.5,0.5625,600.0,-0.045573,62.920033,135.674002,20
2026-02-25T21:40:29,75,24.348076,0.5625,0.5625,600.0,-0.04767,68.841835,135.674002,20
2026-02-25T21:41:26,76,8.015922,0.4375,0.6875,600.0,-0.045709,53.007462,135.674002,20
2026-02-25T21:42:22,77,26.845891,0.5625,0.5,600.0,-0.045084,50.730953,135.674002,20
2026-02-25T21:43:18,78,43.834762,0.75,0.5,600.0,-0.046947,81.835144,135.674002,20
2026-02-25T21:44:16,79,-19.69562,0.1875,0.8125,600.0,-0.045737,19.586803,135.674002,20
2026-02-25T21:45:12,80,38.804607,0.75,0.625,600.0,-0.045008,97.498573,135.674002,20
2026-02-25T21:46:09,81,40.628201,0.6875,0.4375,600.0,-0.047577,55.218029,135.674002,20
2026-02-25T21:47:04,82,38.136087,0.6875,0.5,600.0,-0.047125,69.131302,135.674002,20
2026-02-25T21:48:01,83,21.793521,0.5625,0.625,600.0,-0.045601,66.650185,135.674002,20
2026-02-25T21:48:57,84,41.319497,0.75,0.5625,600.0,-0.045833,86.849136,135.674002,20
2026-02-25T21:49:52,85,60.154688,0.875,0.375,600.0,-0.045249,99.75309,135.674002,20
2026-02-25T21:50:50,86,-0.20571,0.375,0.75,600.0,-0.045239,42.835228,135.674002,20
2026-02-25T21:51:46,87,27.477171,0.625,0.625,600.0,-0.046756,75.755974,135.674002,20
2026-02-25T21:52:44,88,-5.869327,0.3125,0.75,600.0,-0.046648,42.125919,135.674002,20
2026-02-25T21:53:41,89,12.963669,0.4375,0.5625,600.0,-0.046901,54.074318,135.674002,20
2026-02-25T21:54:38,90,29.310316,0.5625,0.4375,600.0,-0.046079,60.35519,135.674002,20
2026-02-25T21:55:34,91,57.646904,0.875,0.4375,600.0,-0.045219,94.262993,135.674002,20
2026-02-25T21:56:31,92,10.472224,0.4375,0.625,600.0,-0.045465,58.579681,135.674002,20
2026-02-25T21:57:26,93,71.479567,1.0,0.375,600.0,-0.045143,103.250038,135.674002,20
2026-02-25T21:58:22,94,49.471204,0.8125,0.5,600.0,-0.04591,102.131371,135.674002,20
2026-02-25T21:59:19,95,24.301448,0.5625,0.5625,600.0,-0.045828,71.984604,135.674002,20
2026-02-25T22:00:15,96,21.122811,0.5,0.5,600.0,-0.045428,63.647766,135.674002,20
2026-02-25T22:01:10,97,77.155957,1.0625,0.375,600.0,-0.045675,118.43483,135.674002,20
2026-02-25T22:02:06,98,35.640848,0.6875,0.5625,600.0,-0.044108,75.471222,135.674002,20
2026-02-25T22:03:03,99,33.124743,0.6875,0.625,600.0,-0.044421,85.334785,135.674002,20
2026-02-25T22:03:59,100,16.096381,0.5,0.625,600.0,-0.045947,74.211258,135.674002,20
2026-02-25T22:04:56,101,4.775069,0.375,0.625,600.0,-0.045608,49.857307,135.674002,20
2026-02-25T22:05:52,102,56.942003,0.8125,0.3125,600.0,-0.047024,88.36731,135.674002,20
2026-02-25T22:06:47,103,49.438122,0.8125,0.5,600.0,-0.046106,88.403763,135.674002,20
2026-02-25T22:07:43,104,40.602425,0.6875,0.4375,600.0,-0.045204,85.89283,135.674002,20
2026-02-25T22:08:40,105,2.258373,0.375,0.6875,600.0,-0.046291,49.604778,135.674002,20
2026-02-25T22:09:36,106,54.452618,0.8125,0.375,600.0,-0.046202,93.460205,135.674002,20
2026-02-25T22:10:32,107,49.438012,0.8125,0.5,600.0,-0.045267,94.058487,135.674002,20
2026-02-25T22:11:28,108,29.924202,0.625,0.5625,600.0,-0.04518,66.277321,135.674002,20
2026-02-25T22:12:25,109,38.095671,0.6875,0.5,600.0,-0.046332,73.160767,135.674002,20
2026-02-25T22:13:22,110,18.584159,0.5,0.5625,600.0,-0.045386,56.072643,135.674002,20
2026-02-25T22:14:16,111,93.430034,1.1875,0.25,600.0,-0.045505,128.279602,135.674002,20
2026-02-25T22:15:10,112,96.591356,1.25,0.3125,600.0,-0.046444,125.534622,135.674002,20
2026-02-25T22:16:08,113,34.892444,0.625,0.4375,600.0,-0.046458,55.57431,135.674002,20
2026-02-25T22:17:04,114,27.394153,0.625,0.625,600.0,-0.046574,72.732834,135.674002,20
2026-02-25T22:17:58,115,68.25161,0.9375,0.3125,600.0,-0.045407,86.686378,135.674002,20
2026-02-25T22:18:56,116,10.393716,0.4375,0.625,600.0,-0.045787,51.694099,135.674002,20
2026-02-25T22:19:52,117,24.221986,0.5625,0.5625,600.0,-0.045876,83.889305,135.674002,20
2026-02-25T22:20:49,118,16.049387,0.5,0.625,600.0,-0.047586,62.101978,135.674002,20
2026-02-25T22:21:46,119,-2.818575,0.375,0.8125,600.0,-0.045786,55.847023,135.674002,20
2026-02-25T22:22:43,120,-5.966273,0.3125,0.75,600.0,-0.046322,37.361721,135.674002,20
2026-02-25T22:23:39,121,46.199652,0.75,0.4375,600.0,-0.042011,95.352715,135.674002,20
2026-02-25T22:24:34,122,46.862716,0.8125,0.5625,600.0,-0.046067,99.349266,135.674002,20
2026-02-25T22:25:31,123,46.189517,0.75,0.4375,600.0,-0.04671,73.737923,135.674002,20
2026-02-25T22:26:26,124,57.526478,0.875,0.4375,600.0,-0.045184,98.65522,135.674002,20
2026-02-25T22:27:22,125,29.850007,0.625,0.5625,600.0,-0.045968,76.813766,135.674002,20
2026-02-25T22:28:18,126,29.870161,0.625,0.5625,600.0,-0.046251,68.512451,135.674002,20
2026-02-25T22:29:15,127,16.027694,0.5,0.625,600.0,-0.045506,58.803986,135.674002,20
2026-02-25T22:30:11,128,38.020421,0.6875,0.5,600.0,-0.045408,85.894432,135.674002,20
2026-02-25T22:31:07,129,35.528755,0.6875,0.5625,600.0,-0.045955,71.455322,135.674002,20
2026-02-25T22:32:04,130,7.853398,0.4375,0.6875,600.0,-0.045787,57.485359,135.674002,20
2026-02-25T22:33:00,131,34.879603,0.625,0.4375,600.0,-0.046244,53.076752,135.674002,20
2026-02-25T22:33:56,132,32.3817,0.625,0.5,600.0,-0.04653,70.317001,135.674002,20
2026-02-25T22:34:51,133,68.912188,1.0,0.4375,600.0,-0.046766,95.51152,135.674002,20
2026-02-25T22:35:48,134,32.412312,0.625,0.5,600.0,-0.046345,72.350838,135.674002,20
2026-02-25T22:36:45,135,4.726875,0.375,0.625,600.0,-0.047191,40.714153,135.674002,20
2026-02-25T22:37:40,136,57.565083,0.875,0.4375,600.0,-0.045779,88.881561,135.674002,20
2026-02-25T22:38:37,137,-0.285145,0.375,0.75,600.0,-0.045789,52.526234,135.674002,20
2026-02-25T22:39:33,138,46.217242,0.75,0.4375,600.0,-0.046352,72.855003,135.674002,20
2026-02-25T22:40:31,139,-3.452448,0.3125,0.6875,600.0,-0.046608,48.437832,135.674002,20
2026-02-25T22:41:26,140,60.054833,0.875,0.375,600.0,-0.046266,79.139641,135.674002,20
2026-02-25T22:42:23,141,2.205273,0.375,0.6875,600.0,-0.046702,41.053169,135.674002,20
2026-02-25T22:43:18,142,55.061583,0.875,0.5,600.0,-0.045741,94.70182,135.674002,20
2026-02-25T22:44:14,143,35.543366,0.6875,0.5625,600.0,-0.045867,65.914177,135.674002,20
2026-02-25T22:45:11,144,21.046018,0.5,0.5,600.0,-0.047857,61.815273,135.674002,20
2026-02-25T22:46:07,145,18.546685,0.5,0.5625,600.0,-0.047169,53.842056,135.674002,20
2026-02-25T22:47:02,146,55.065876,0.875,0.5,600.0,-0.047379,83.679367,135.674002,20
2026-02-25T22:47:58,147,32.417897,0.625,0.5,600.0,-0.046357,61.577225,135.674002,20
2026-02-25T22:48:55,148,16.068107,0.5,0.625,600.0,-0.045297,67.160225,135.674002,20
2026-02-25T22:49:50,149,82.067124,1.0625,0.25,600.0,-0.046486,113.003448,135.674002,20
2026-02-25T22:50:46,150,16.060836,0.5,0.625,600.0,-0.047404,57.622578,135.674002,20
2026-02-25T22:51:43,151,43.75213,0.75,0.5,600.0,-0.046672,79.311516,135.674002,20
2026-02-25T22:52:40,152,21.738798,0.5625,0.625,600.0,-0.047354,64.392822,135.674002,20
2026-02-25T22:53:36,153,29.905331,0.625,0.5625,600.0,-0.047362,67.223457,135.674002,20
2026-02-25T22:54:32,154,38.061838,0.6875,0.5,600.0,-0.046835,81.395668,135.674002,20
2026-02-25T22:55:27,155,60.07093,0.875,0.375,600.0,-0.047195,80.093597,135.674002,20
2026-02-25T22:56:25,156,-14.130526,0.25,0.8125,600.0,-0.047902,41.150608,135.674002,20
2026-02-25T22:57:22,157,10.355836,0.4375,0.625,600.0,-0.046723,56.908684,135.674002,20
2026-02-25T22:58:18,158,29.866493,0.625,0.5625,600.0,-0.046675,70.68438,135.674002,20
2026-02-25T22:59:14,159,55.017979,0.875,0.5,600.0,-0.047067,85.444359,135.674002,20
2026-02-25T23:00:09,160,46.173058,0.75,0.4375,600.0,-0.046757,81.498962,135.674002,20
2026-02-25T23:01:05,161,40.487283,0.6875,0.4375,600.0,-0.047195,76.204964,135.674002,20
2026-02-25T23:02:01,162,34.815927,0.625,0.4375,600.0,-0.047691,61.238125,135.674002,20
2026-02-25T23:02:58,163,24.162133,0.5625,0.5625,600.0,-0.046568,49.118065,135.674002,20
2026-02-25T23:03:54,164,41.157981,0.75,0.5625,600.0,-0.046975,80.580986,135.674002,20
2026-02-25T23:04:51,165,7.818044,0.4375,0.6875,600.0,-0.047411,46.253334,135.674002,20
2026-02-25T23:05:47,166,53.658554,0.75,0.25,600.0,-0.045712,71.713554,135.674002,20
2026-02-25T23:06:42,167,43.653375,0.75,0.5,600.0,-0.046983,94.64917,135.674002,20
2026-02-25T23:07:39,168,29.838772,0.625,0.5625,600.0,-0.048582,59.595604,135.674002,20
2026-02-25T23:08:34,169,70.641048,0.9375,0.25,600.0,-0.04697,100.10656,135.674002,20
2026-02-25T23:09:31,170,5.294878,0.4375,0.75,600.0,-0.046821,50.003498,135.674002,20
2026-02-25T23:10:27,171,40.458136,0.6875,0.4375,600.0,-0.047878,68.061554,135.674002,20
2026-02-25T23:11:23,172,37.944645,0.6875,0.5,600.0,-0.047456,75.992653,135.674002,20
2026-02-25T23:12:21,173,-19.909774,0.1875,0.8125,600.0,-0.047793,28.64296,135.674002,20
2026-02-25T23:13:17,174,29.775555,0.625,0.5625,600.0,-0.047032,68.44178,135.674002,20
2026-02-25T23:14:13,175,34.797373,0.625,0.4375,600.0,-0.045939,52.818295,135.674002,20
2026-02-25T23:15:10,176,7.774476,0.4375,0.6875,600.0,-0.047381,52.936005,135.674002,20
2026-02-25T23:16:06,177,35.474898,0.6875,0.5625,600.0,-0.046785,74.050537,135.674002,20
2026-02-25T23:17:04,178,-6.022444,0.3125,0.75,600.0,-0.047569,38.792179,135.674002,20
2026-02-25T23:17:59,179,37.975502,0.6875,0.5,600.0,-0.046541,72.433739,135.674002,20
2026-02-25T23:18:55,180,37.971194,0.6875,0.5,600.0,-0.046558,64.282089,135.674002,20
2026-02-25T23:19:50,181,57.484993,0.875,0.4375,600.0,-0.048148,82.946724,135.674002,20
2026-02-25T23:20:46,182,35.496037,0.6875,0.5625,600.0,-0.047271,67.679085,135.674002,20
2026-02-25T23:21:41,183,51.834559,0.8125,0.4375,600.0,-0.048088,72.445686,135.674002,20
2026-02-25T23:22:35,184,74.500523,1.0625,0.4375,600.0,-0.046527,115.606941,135.674002,20
2026-02-25T23:23:32,185,24.168402,0.5625,0.5625,600.0,-0.048628,72.118294,135.674002,20
2026-02-25T23:24:28,186,21.659485,0.5625,0.625,600.0,-0.04664,70.902344,135.674002,20
2026-02-25T23:25:25,187,29.830315,0.625,0.5625,600.0,-0.047243,69.139442,135.674002,20
2026-02-25T23:26:19,188,82.006434,1.0625,0.25,600.0,-0.047747,103.162407,135.674002,20
2026-02-25T23:27:16,189,10.316072,0.4375,0.625,600.0,-0.046498,53.664783,135.674002,20
2026-02-25T23:28:12,190,40.478236,0.6875,0.4375,600.0,-0.047115,80.884911,135.674002,20
2026-02-25T23:29:08,191,24.143369,0.5625,0.5625,600.0,-0.048015,63.429531,135.674002,20
2026-02-25T23:30:03,192,81.999404,1.0625,0.25,600.0,-0.046821,115.814934,135.674002,20
2026-02-25T23:31:00,193,52.491499,0.875,0.5625,600.0,-0.045909,92.385895,135.674002,20
2026-02-25T23:31:55,194,46.158954,0.75,0.4375,600.0,-0.047357,92.721504,135.674002,20
2026-02-25T23:32:53,195,2.159588,0.375,0.6875,600.0,-0.046953,38.918751,135.674002,20
2026-02-25T23:33:51,196,-28.010061,0.125,0.875,600.0,-0.047108,22.458143,135.674002,20
2026-02-25T23:34:49,197,29.839133,0.625,0.5625,600.0,-0.048105,63.319454,135.674002,20
2026-02-25T23:35:46,198,13.483398,0.5,0.6875,600.0,-0.048286,59.749557,135.674002,20
2026-02-25T23:36:43,199,18.493791,0.5,0.5625,600.0,-0.047396,51.142315,135.674002,20
2026-02-25T23:37:39,200,35.5115,0.6875,0.5625,600.0,-0.04741,65.305466,135.674002,20
2026-02-25T23:38:35,201,51.853766,0.8125,0.4375,600.0,-0.04788,79.271805,135.674002,20
2026-02-25T23:39:31,202,40.489533,0.6875,0.4375,600.0,-0.047428,69.358139,135.674002,20
2026-02-25T23:40:28,203,7.81338,0.4375,0.6875,600.0,-0.047237,51.223999,135.674002,20
2026-02-25T23:41:24,204,24.131995,0.5625,0.5625,600.0,-0.047862,62.072449,135.674002,20
2026-02-25T23:42:20,205,24.784671,0.625,0.6875,600.0,-0.047454,64.006927,135.674002,20
2026-02-25T23:43:15,206,54.964515,0.875,0.5,600.0,-0.047824,96.44072,135.674002,20
2026-02-25T23:44:12,207,-0.402892,0.375,0.75,600.0,-0.04787,47.265339,135.674002,20
2026-02-25T23:45:09,208,21.594153,0.5625,0.625,600.0,-0.048974,62.128475,135.674002,20
2026-02-25T23:46:04,209,73.777124,1.0,0.3125,600.0,-0.047664,101.418839,135.674002,20
2026-02-25T23:47:00,210,27.282756,0.625,0.625,600.0,-0.047639,81.544785,135.674002,20
2026-02-25T23:47:56,211,51.757489,0.8125,0.4375,600.0,-0.049298,77.024338,135.674002,20
2026-02-25T23:48:53,212,2.073512,0.375,0.6875,600.0,-0.047281,43.04221,135.674002,20
2026-02-25T23:49:49,213,7.741002,0.4375,0.6875,600.0,-0.048762,57.954311,135.674002,20
2026-02-25T23:50:46,214,32.263263,0.625,0.5,600.0,-0.048263,71.922882,135.674002,20
2026-02-25T23:51:43,215,2.090628,0.375,0.6875,600.0,-0.047835,41.873714,135.674002,20
2026-02-25T23:52:38,216,48.590365,0.75,0.375,600.0,-0.047359,72.515953,135.674002,20
2026-02-25T23:53:34,217,43.575532,0.75,0.5,600.0,-0.048538,57.501583,135.674002,20
2026-02-25T23:54:29,218,71.933996,1.0625,0.5,600.0,-0.047285,153.457306,135.674002,20
2026-02-25T23:55:25,219,46.09926,0.75,0.4375,600.0,-0.048247,78.719635,135.674002,20
2026-02-25T23:56:21,220,43.595937,0.75,0.5,600.0,-0.048098,77.336342,135.674002,20
2026-02-25T23:57:17,221,19.077556,0.5625,0.6875,600.0,-0.047723,64.073883,135.674002,20
2026-02-25T23:58:14,222,10.258609,0.4375,0.625,600.0,-0.048059,51.106033,135.674002,20
2026-02-25T23:59:10,223,51.779293,0.8125,0.4375,600.0,-0.048973,84.306313,135.674002,20
2026-02-26T00:00:06,224,35.422593,0.6875,0.5625,600.0,-0.048803,79.986671,135.674002,20
2026-02-26T00:01:02,225,24.059298,0.5625,0.5625,600.0,-0.048189,63.713436,135.674002,20
2026-02-26T00:01:59,226,-3.619173,0.3125,0.6875,600.0,-0.047681,32.713417,135.674002,20
2026-02-26T00:02:55,227,35.393635,0.6875,0.5625,600.0,-0.048327,67.828857,135.674002,20
2026-02-26T00:03:50,228,57.39907,0.875,0.4375,600.0,-0.048487,91.508583,135.674002,20
2026-02-26T00:04:46,229,21.539542,0.5625,0.625,600.0,-0.047886,67.935303,135.674002,20
2026-02-26T00:05:41,230,59.884629,0.875,0.375,600.0,-0.04744,77.124046,135.674002,20
2026-02-26T00:06:38,231,13.36902,0.5,0.6875,600.0,-0.047664,59.444798,135.674002,20
2026-02-26T00:07:33,232,51.725605,0.8125,0.4375,600.0,-0.048977,86.586945,135.674002,20
2026-02-26T00:08:30,233,10.217982,0.4375,0.625,600.0,-0.04912,44.209671,135.674002,20
2026-02-26T00:09:25,234,63.053946,0.9375,0.4375,600.0,-0.047272,89.958092,135.674002,20
2026-02-26T00:10:22,235,29.705532,0.625,0.5625,600.0,-0.048946,69.282684,135.674002,20
2026-02-26T00:11:18,236,26.528447,0.5625,0.5,600.0,-0.049815,55.10371,135.674002,20
2026-02-26T00:12:13,237,41.044919,0.75,0.5625,600.0,-0.047961,101.541969,135.674002,20
2026-02-26T00:13:09,238,59.890729,0.875,0.375,600.0,-0.048638,80.662354,135.674002,20
2026-02-26T00:14:03,239,76.899886,1.0625,0.375,600.0,-0.04759,112.890778,135.674002,20
2026-02-26T00:14:59,240,48.559473,0.75,0.375,600.0,-0.049535,80.185272,135.674002,20
2026-02-26T00:15:55,241,29.732191,0.625,0.5625,600.0,-0.048226,58.210663,135.674002,20
2026-02-26T00:16:50,242,49.252342,0.8125,0.5,600.0,-0.048842,73.478622,135.674002,20
2026-02-26T00:17:46,243,32.233648,0.625,0.5,600.0,-0.047037,71.538948,135.674002,20
2026-02-26T00:18:43,244,10.218233,0.4375,0.625,600.0,-0.04778,56.079773,135.674002,20
2026-02-26T00:19:42,245,32.213008,0.625,0.5,600.0,-0.048263,69.791245,135.674002,20
2026-02-26T00:20:38,246,24.06475,0.5625,0.5625,600.0,-0.048606,57.722305,135.674002,20
2026-02-26T00:21:34,247,46.052234,0.75,0.4375,600.0,-0.048549,80.42598,135.674002,20
2026-02-26T00:22:28,248,80.042797,1.125,0.4375,600.0,-0.048992,111.77462,135.674002,20
2026-02-26T00:23:24,249,40.357435,0.6875,0.4375,600.0,-0.049083,69.580658,135.674002,20
2026-02-26T00:24:20,250,21.509321,0.5625,0.625,600.0,-0.047646,62.295223,135.674002,20
2026-02-26T00:25:17,251,-0.488366,0.375,0.75,600.0,-0.049791,46.255901,135.674002,20
2026-02-26T00:26:13,252,48.529949,0.75,0.375,600.0,-0.050484,62.831154,135.674002,20
2026-02-26T00:27:10,253,10.186585,0.4375,0.625,600.0,-0.048718,45.930935,135.674002,20
2026-02-26T00:28:07,254,13.364134,0.5,0.6875,600.0,-0.048542,52.988136,135.674002,20
2026-02-26T00:29:02,255,76.203218,1.0,0.25,600.0,-0.048645,109.449104,135.674002,20
2026-02-26T00:29:58,256,19.019093,0.5625,0.6875,600.0,-0.048648,53.263309,135.674002,20
2026-02-26T00:30:55,257,15.848941,0.5,0.625,600.0,-0.04875,48.023003,135.674002,20
2026-02-26T00:31:51,258,48.533135,0.75,0.375,600.0,-0.049129,78.252197,135.674002,20
2026-02-26T00:32:46,259,54.879045,0.875,0.5,600.0,-0.048992,96.432541,135.674002,20
2026-02-26T00:33:43,260,10.191983,0.4375,0.625,600.0,-0.047026,42.411827,135.674002,20
2026-02-26T00:34:37,261,68.717799,1.0,0.4375,600.0,-0.049744,84.776924,135.674002,20
2026-02-26T00:35:33,262,41.039891,0.75,0.5625,600.0,-0.048961,84.753136,135.674002,20
2026-02-26T00:36:30,263,2.021055,0.375,0.6875,600.0,-0.048821,49.461277,135.674002,20
2026-02-26T00:37:27,264,32.191135,0.625,0.5,600.0,-0.049323,62.490879,135.674002,20
2026-02-26T00:38:22,265,51.708125,0.8125,0.4375,600.0,-0.049498,76.895805,135.674002,20
2026-02-26T00:39:17,266,43.532646,0.75,0.5,600.0,-0.048924,79.149124,135.674002,20
2026-02-26T00:40:14,267,13.366797,0.5,0.6875,600.0,-0.048743,53.711597,135.674002,20
2026-02-26T00:41:11,268,13.371971,0.5,0.6875,600.0,-0.048807,52.374588,135.674002,20
2026-02-26T00:42:07,269,34.693084,0.625,0.4375,600.0,-0.049848,55.706577,135.674002,20
2026-02-26T00:43:03,270,32.174649,0.625,0.5,600.0,-0.049858,58.239895,135.674002,20
2026-02-26T00:43:59,271,48.512343,0.75,0.375,600.0,-0.048331,69.900406,135.674002,20
2026-02-26T00:44:54,272,59.847418,0.875,0.375,600.0,-0.048948,77.819305,135.674002,20
2026-02-26T00:45:51,273,12.670186,0.4375,0.5625,600.0,-0.049525,53.729679,135.674002,20
2026-02-26T00:46:46,274,59.846017,0.875,0.375,600.0,-0.049412,73.930717,135.674002,20
2026-02-26T00:47:43,275,18.325034,0.5,0.5625,600.0,-0.048918,44.942097,135.674002,20
2026-02-26T00:48:39,276,24.007512,0.5625,0.5625,600.0,-0.0505,62.135197,135.674002,20
2026-02-26T00:49:36,277,12.676393,0.4375,0.5625,600.0,-0.050378,37.268997,135.674002,20
2026-02-26T00:50:31,278,56.70242,0.8125,0.3125,600.0,-0.048672,72.84655,135.674002,20
2026-02-26T00:51:27,279,15.83482,0.5,0.625,600.0,-0.049948,49.134933,135.674002,20
2026-02-26T00:52:23,280,34.676548,0.625,0.4375,600.0,-0.049072,49.112694,135.674002,20
2026-02-26T00:53:21,281,-11.819214,0.25,0.75,600.0,-0.05124,32.949669,135.674002,20
2026-02-26T00:54:17,282,29.709424,0.625,0.5625,600.0,-0.050604,66.613243,135.674002,20
2026-02-26T00:55:14,283,46.055571,0.75,0.4375,600.0,-0.050617,62.813248,135.674002,20
2026-02-26T00:56:10,284,42.878294,0.6875,0.375,600.0,-0.048371,64.911438,135.674002,20
2026-02-26T00:57:05,285,59.873239,0.875,0.375,600.0,-0.049685,88.780495,135.674002,20
2026-02-26T00:58:00,286,54.875038,0.875,0.5,600.0,-0.049029,73.234718,135.674002,20
2026-02-26T00:58:58,287,24.018297,0.5625,0.5625,600.0,-0.049211,50.049927,135.674002,20
2026-02-26T00:59:54,288,27.177857,0.625,0.625,600.0,-0.049607,74.414696,135.674002,20
2026-02-26T01:00:50,289,43.524168,0.75,0.5,600.0,-0.049559,71.576637,135.674002,20
2026-02-26T01:01:46,290,29.696469,0.625,0.5625,600.0,-0.049694,60.4827,135.674002,20
2026-02-26T01:02:44,291,-20.011323,0.1875,0.8125,600.0,-0.050382,29.995781,135.674002,20
2026-02-26T01:03:40,292,41.021299,0.75,0.5625,600.0,-0.04898,83.900131,135.674002,20
2026-02-26T01:04:37,293,7.670952,0.4375,0.6875,600.0,-0.05088,54.822578,135.674002,20
2026-02-26T01:05:32,294,66.195667,1.0,0.5,600.0,-0.049195,95.142281,135.674002,20
2026-02-26T01:06:28,295,24.025571,0.5625,0.5625,600.0,-0.050354,51.005325,135.674002,20
2026-02-26T01:07:24,296,54.176189,0.8125,0.375,600.0,-0.050055,81.844513,135.674002,20
2026-02-26T01:08:20,297,35.323309,0.6875,0.5625,600.0,-0.04921,64.152847,135.674002,20
2026-02-26T01:09:16,298,10.832223,0.5,0.75,600.0,-0.050079,51.139805,135.674002,20
2026-02-26T01:10:11,299,76.188862,1.0,0.25,600.0,-0.050397,86.013893,135.674002,20
2026-02-26T01:11:06,300,63.00745,0.9375,0.4375,600.0,-0.049575,89.803139,135.674002,20
2026-02-26T01:12:02,301,21.498904,0.5625,0.625,600.0,-0.050435,54.532341,135.674002,20
2026-02-26T01:12:58,302,28.982653,0.5625,0.4375,600.0,-0.051167,54.357445,135.674002,20
2026-02-26T01:13:55,303,23.954484,0.5625,0.5625,600.0,-0.051611,56.836407,135.674002,20
2026-02-26T01:14:51,304,5.133409,0.4375,0.75,600.0,-0.04911,38.547134,135.674002,20
2026-02-26T01:15:48,305,7.629416,0.4375,0.6875,600.0,-0.049697,53.910244,135.674002,20
2026-02-26T01:16:45,306,26.465085,0.5625,0.5,600.0,-0.05103,51.500454,135.674002,20
2026-02-26T01:17:41,307,15.778636,0.5,0.625,600.0,-0.051689,41.350071,135.674002,20
2026-02-26T01:18:39,308,-6.228042,0.3125,0.75,600.0,-0.051011,29.533812,135.674002,20
2026-02-26T01:19:36,309,10.098823,0.4375,0.625,600.0,-0.050052,45.30278,135.674002,20
2026-02-26T01:20:30,310,79.272951,1.0625,0.3125,600.0,-0.050322,101.775497,135.674002,20
2026-02-26T01:21:26,311,21.417288,0.5625,0.625,600.0,-0.051124,54.055481,135.674002,20
2026-02-26T01:22:22,312,29.581624,0.625,0.5625,600.0,-0.05045,65.385033,135.674002,20
2026-02-26T01:23:16,313,84.951408,1.125,0.3125,600.0,-0.050578,88.593491,135.674002,20
2026-02-26T01:24:12,314,54.777284,0.875,0.5,600.0,-0.050873,83.977837,135.674002,20
2026-02-26T01:25:06,315,73.611774,1.0,0.3125,600.0,-0.050879,85.485352,135.674002,20
2026-02-26T01:26:02,316,28.898016,0.5625,0.4375,600.0,-0.049914,56.251953,135.674002,20
2026-02-26T01:26:59,317,18.239692,0.5,0.5625,600.0,-0.050186,52.61731,135.674002,20
2026-02-26T01:27:55,318,54.08121,0.8125,0.375,600.0,-0.050256,74.474907,135.674002,20
2026-02-26T01:28:51,319,10.081662,0.4375,0.625,600.0,-0.051021,34.410461,135.674002,20
2026-02-26T01:29:49,320,-11.933439,0.25,0.75,600.0,-0.05233,32.131893,135.674002,20
2026-02-26T01:30:44,321,51.5838,0.8125,0.4375,600.0,-0.051048,67.459412,135.674002,20
2026-02-26T01:31:40,322,45.914501,0.75,0.4375,600.0,-0.049976,68.776199,135.674002,20
2026-02-26T01:32:36,323,40.232876,0.6875,0.4375,600.0,-0.050541,68.40551,135.674002,20
2026-02-26T01:33:32,324,27.067927,0.625,0.625,600.0,-0.051082,45.398163,135.674002,20
2026-02-26T01:34:27,325,57.251443,0.875,0.4375,600.0,-0.050859,85.210785,135.674002,20
2026-02-26T01:35:24,326,12.566983,0.4375,0.5625,600.0,-0.050363,48.58194,135.674002,20
2026-02-26T01:36:20,327,32.080521,0.625,0.5,600.0,-0.050124,61.35603,135.674002,20
2026-02-26T01:37:17,328,1.904355,0.375,0.6875,600.0,-0.050777,35.726402,135.674002,20
2026-02-26T01:38:14,329,-11.925585,0.25,0.75,600.0,-0.051165,30.170338,135.674002,20
2026-02-26T01:39:11,330,15.73233,0.5,0.625,600.0,-0.050855,51.088573,135.674002,20
2026-02-26T01:40:07,331,20.747295,0.5,0.5,600.0,-0.051699,44.337143,135.674002,20
2026-02-26T01:41:01,332,98.786795,1.25,0.25,600.0,-0.051356,106.653069,135.674002,20
2026-02-26T01:41:56,333,51.598753,0.8125,0.4375,600.0,-0.049436,64.808487,135.674002,20
2026-02-26T01:42:51,334,46.581311,0.8125,0.5625,600.0,-0.051788,90.72657,135.674002,20
2026-02-26T01:43:49,335,-28.267871,0.125,0.875,600.0,-0.050389,21.497829,135.674002,20
2026-02-26T01:44:45,336,15.754111,0.5,0.625,600.0,-0.050093,46.313557,135.674002,20
2026-02-26T01:45:41,337,52.253503,0.875,0.5625,600.0,-0.050282,77.893753,135.674002,20
2026-02-26T01:46:36,338,60.437452,0.9375,0.5,600.0,-0.051649,87.183998,135.674002,20
2026-02-26T01:47:32,339,29.572015,0.625,0.5625,600.0,-0.051112,50.389778,135.674002,20
2026-02-26T01:48:28,340,26.403195,0.5625,0.5,600.0,-0.051411,52.120571,135.674002,20
2026-02-26T01:49:23,341,45.935399,0.75,0.4375,600.0,-0.052604,71.848572,135.674002,20
2026-02-26T01:50:20,342,-0.581238,0.375,0.75,600.0,-0.051105,43.412586,135.674002,20
2026-02-26T01:51:16,343,48.42959,0.75,0.375,600.0,-0.051141,67.701752,135.674002,20
2026-02-26T01:52:12,344,50.945081,0.75,0.3125,600.0,-0.052758,67.222992,135.674002,20
2026-02-26T01:53:10,345,18.91632,0.5625,0.6875,600.0,-0.052693,53.680939,135.674002,20
2026-02-26T01:54:07,346,-3.756543,0.3125,0.6875,600.0,-0.051434,31.952208,135.674002,20
2026-02-26T01:55:03,347,29.585945,0.625,0.5625,600.0,-0.052136,53.00024,135.674002,20
2026-02-26T01:56:00,348,5.073637,0.4375,0.75,600.0,-0.05244,54.179276,135.674002,20
2026-02-26T01:56:55,349,57.260554,0.875,0.4375,600.0,-0.050576,82.751144,135.674002,20
2026-02-26T01:57:51,350,32.744992,0.6875,0.625,600.0,-0.051396,57.514107,135.674002,20
2026-02-26T01:58:45,351,98.778036,1.25,0.25,600.0,-0.052023,116.084999,135.674002,20
2026-02-26T01:59:43,352,40.267631,0.6875,0.4375,600.0,-0.05128,57.41901,135.674002,20
2026-02-26T02:00:38,353,35.254034,0.6875,0.5625,600.0,-0.051936,50.489609,135.674002,20
2026-02-26T02:01:35,354,13.247343,0.5,0.6875,600.0,-0.052012,50.076992,135.674002,20
2026-02-26T02:02:31,355,45.919456,0.75,0.4375,600.0,-0.051849,70.969337,135.674002,20
2026-02-26T02:03:25,356,60.412491,0.9375,0.5,600.0,-0.052191,86.572876,135.674002,20
2026-02-26T02:04:20,357,57.240973,0.875,0.4375,600.0,-0.050735,74.639519,135.674002,20
2026-02-26T02:05:17,358,10.058961,0.4375,0.625,600.0,-0.052174,42.048798,135.674002,20
2026-02-26T02:06:14,359,15.726282,0.5,0.625,600.0,-0.051952,53.138126,135.674002,20
2026-02-26T02:07:14,360,24.57122,0.625,0.6875,600.0,-0.051718,63.983047,135.674002,20
2026-02-26T02:08:10,361,32.069783,0.625,0.5,600.0,-0.051465,61.169979,135.674002,20
2026-02-26T02:09:05,362,62.242902,0.875,0.3125,600.0,-0.051635,57.228783,135.674002,20
2026-02-26T02:10:00,363,60.414701,0.9375,0.5,600.0,-0.051793,85.091362,135.674002,20
2026-02-26T02:10:55,364,59.758207,0.875,0.375,600.0,-0.052041,83.718781,135.674002,20
2026-02-26T02:12:05,365,29.578737,0.625,0.5625,600.0,-0.052069,59.983952,135.674002,20
2026-02-26T02:13:01,366,57.260113,0.875,0.4375,600.0,-0.051773,82.789474,135.674002,20
2026-02-26T02:13:57,367,18.250422,0.5,0.5625,600.0,-0.05156,37.995861,135.674002,20
2026-02-26T02:14:54,368,23.927472,0.5625,0.5625,600.0,-0.051454,56.459389,135.674002,20
2026-02-26T02:15:49,369,45.947544,0.75,0.4375,600.0,-0.051499,59.360695,135.674002,20
2026-02-26T02:16:45,370,23.910753,0.5625,0.5625,600.0,-0.053513,57.970371,135.674002,20
2026-02-26T02:17:41,371,16.403862,0.5625,0.75,600.0,-0.052175,50.712112,135.674002,20
2026-02-26T02:18:38,372,15.735787,0.5,0.625,600.0,-0.05264,45.264252,135.674002,20
2026-02-26T02:19:34,373,23.891381,0.5625,0.5625,600.0,-0.051701,60.615078,135.674002,20
2026-02-26T02:20:31,374,10.052733,0.4375,0.625,600.0,-0.053359,42.446442,135.674002,20
2026-02-26T02:21:27,375,37.728611,0.6875,0.5,600.0,-0.051755,45.80743,135.674002,20
2026-02-26T02:22:22,376,59.729874,0.875,0.375,600.0,-0.05265,69.315498,135.674002,20
2026-02-26T02:23:17,377,62.902303,0.9375,0.4375,600.0,-0.05278,85.397537,135.674002,20
2026-02-26T02:24:13,378,35.231076,0.6875,0.5625,600.0,-0.052699,72.831932,135.674002,20
2026-02-26T02:25:09,379,37.734471,0.6875,0.5,600.0,-0.051535,70.966606,135.674002,20
2026-02-26T02:26:05,380,45.906269,0.75,0.4375,600.0,-0.053312,81.242813,135.674002,20
2026-02-26T02:27:01,381,34.562006,0.625,0.4375,600.0,-0.053266,62.768471,135.674002,20
2026-02-26T02:27:58,382,23.882234,0.5625,0.5625,600.0,-0.052099,51.787899,135.674002,20
2026-02-26T02:28:54,383,23.878703,0.5625,0.5625,600.0,-0.052189,59.63356,135.674002,20
2026-02-26T02:29:50,384,23.880373,0.5625,0.5625,600.0,-0.052943,51.7146,135.674002,20
2026-02-26T02:30:48,385,4.379866,0.375,0.625,600.0,-0.052707,37.842342,135.674002,20
2026-02-26T02:31:42,386,62.918051,0.9375,0.4375,600.0,-0.052471,84.109856,135.674002,20
2026-02-26T02:32:38,387,51.569496,0.8125,0.4375,600.0,-0.052195,77.07164,135.674002,20
2026-02-26T02:33:32,388,68.589236,1.0,0.4375,600.0,-0.05339,89.561783,135.674002,20
2026-02-26T02:34:27,389,60.428975,0.9375,0.5,600.0,-0.051885,95.732605,135.674002,20
2026-02-26T02:35:22,390,65.431225,0.9375,0.375,600.0,-0.052558,82.835495,135.674002,20
2026-02-26T02:36:20,391,1.895586,0.375,0.6875,600.0,-0.052019,38.257175,135.674002,20
2026-02-26T02:37:14,392,60.419831,0.9375,0.5,600.0,-0.052059,103.714203,135.674002,20
2026-02-26T02:38:11,393,10.063951,0.4375,0.625,600.0,-0.052122,37.927872,135.674002,20
2026-02-26T02:39:09,394,-11.942244,0.25,0.75,600.0,-0.052555,37.178024,135.674002,20
2026-02-26T02:40:05,395,65.417498,0.9375,0.375,600.0,-0.052434,93.9179,135.674002,20
2026-02-26T02:41:01,396,27.076037,0.625,0.625,600.0,-0.052483,50.946854,135.674002,20
2026-02-26T02:41:59,397,1.894736,0.375,0.6875,600.0,-0.051822,38.580338,135.674002,20
2026-02-26T02:42:54,398,51.60131,0.8125,0.4375,600.0,-0.052312,66.364288,135.674002,20
2026-02-26T02:43:48,399,79.935824,1.125,0.4375,600.0,-0.052385,141.482468,135.674002,20
2026-02-26T02:44:45,400,24.574362,0.625,0.6875,600.0,-0.052306,74.514969,135.674002,20
2026-02-26T02:45:42,401,10.04956,0.4375,0.625,600.0,-0.052315,45.63797,135.674002,20
2026-02-26T02:46:37,402,59.743042,0.875,0.375,600.0,-0.052913,70.358154,135.674002,20
2026-02-26T02:47:34,403,12.556623,0.4375,0.5625,600.0,-0.053442,45.872086,135.674002,20
2026-02-26T02:48:29,404,54.077216,0.8125,0.375,600.0,-0.052216,71.119072,135.674002,20
2026-02-26T02:49:26,405,23.896554,0.5625,0.5625,600.0,-0.054177,58.62714,135.674002,20
2026-02-26T02:50:23,406,-6.275798,0.3125,0.75,600.0,-0.052914,36.213062,135.674002,20
2026-02-26T02:51:20,407,7.569236,0.4375,0.6875,600.0,-0.052388,58.140965,135.674002,20
2026-02-26T02:52:16,408,45.93259,0.75,0.4375,600.0,-0.053519,65.066208,135.674002,20
2026-02-26T02:53:12,409,10.747871,0.5,0.75,600.0,-0.053398,59.544922,135.674002,20
2026-02-26T02:54:08,410,57.250008,0.875,0.4375,600.0,-0.052675,83.35453,135.674002,20
2026-02-26T02:55:05,411,4.40989,0.375,0.625,600.0,-0.052446,41.891354,135.674002,20
2026-02-26T02:56:01,412,23.91802,0.5625,0.5625,600.0,-0.052842,62.890125,135.674002,20
2026-02-26T02:56:57,413,21.41577,0.5625,0.625,600.0,-0.053463,53.074162,135.674002,20
2026-02-26T02:57:54,414,-8.756672,0.3125,0.8125,600.0,-0.052929,26.354492,135.674002,20
2026-02-26T02:58:52,415,23.923993,0.5625,0.5625,600.0,-0.052873,48.709251,135.674002,20
2026-02-26T02:59:49,416,18.270048,0.5,0.5625,600.0,-0.053265,59.109558,135.674002,20
2026-02-26T03:00:45,417,35.283547,0.6875,0.5625,600.0,-0.052202,74.227043,135.674002,20
2026-02-26T03:01:42,418,5.096056,0.4375,0.75,600.0,-0.052715,43.981293,135.674002,20
2026-02-26T03:02:38,419,42.761209,0.6875,0.375,600.0,-0.053082,66.233047,135.674002,20
2026-02-26T03:03:34,420,13.25015,0.5,0.6875,600.0,-0.052897,49.17168,135.674002,20
2026-02-26T03:04:30,421,29.590052,0.625,0.5625,600.0,-0.052698,58.738823,135.674002,20
2026-02-26T03:05:29,422,-6.255092,0.3125,0.75,600.0,-0.052918,41.786484,135.674002,20
2026-02-26T03:06:24,423,54.761743,0.875,0.5,600.0,-0.053107,80.42305,135.674002,20
2026-02-26T03:07:20,424,15.776081,0.5,0.625,600.0,-0.052799,45.894558,135.674002,20
2026-02-26T03:08:17,425,10.088491,0.4375,0.625,600.0,-0.053437,43.92881,135.674002,20
2026-02-26T03:09:13,426,54.107252,0.8125,0.375,600.0,-0.053017,75.119293,135.674002,20
2026-02-26T03:10:09,427,15.74954,0.5,0.625,600.0,-0.052945,42.941032,135.674002,20
2026-02-26T03:11:05,428,37.760578,0.6875,0.5,600.0,-0.052838,60.260181,135.674002,20
2026-02-26T03:12:02,429,1.921811,0.375,0.6875,600.0,-0.054299,43.235924,135.674002,20
2026-02-26T03:12:59,430,7.579592,0.4375,0.6875,600.0,-0.053337,50.887135,135.674002,20
2026-02-26T03:13:53,431,62.91864,0.9375,0.4375,600.0,-0.052956,80.77433,135.674002,20
2026-02-26T03:14:49,432,32.071759,0.625,0.5,600.0,-0.054259,52.599556,135.674002,20
2026-02-26T03:15:47,433,4.39379,0.375,0.625,600.0,-0.053428,38.561871,135.674002,20
2026-02-26T03:16:43,434,29.584628,0.625,0.5625,600.0,-0.053514,68.029602,135.674002,20
2026-02-26T03:17:40,435,32.084964,0.625,0.5,600.0,-0.053776,64.507034,135.674002,20
2026-02-26T03:18:35,436,42.782556,0.6875,0.375,600.0,-0.053137,60.68726,135.674002,20
2026-02-26T03:19:33,437,-11.905446,0.25,0.75,600.0,-0.052628,33.267834,135.674002,20
2026-02-26T03:20:28,438,43.446071,0.75,0.5,600.0,-0.05368,56.474682,135.674002,20
2026-02-26T03:21:25,439,23.938619,0.5625,0.5625,600.0,-0.053333,55.698868,135.674002,20
2026-02-26T03:22:21,440,15.773599,0.5,0.625,600.0,-0.052955,51.888142,135.674002,20
2026-02-26T03:23:18,441,15.772255,0.5,0.625,600.0,-0.053554,49.155029,135.674002,20
2026-02-26T03:24:15,442,1.935204,0.375,0.6875,600.0,-0.052886,37.276993,135.674002,20
2026-02-26T03:25:12,443,21.455587,0.5625,0.625,600.0,-0.053302,65.981918,135.674002,20
2026-02-26T03:26:09,444,23.940085,0.5625,0.5625,600.0,-0.054466,58.056717,135.674002,20
2026-02-26T03:27:06,445,20.773323,0.5,0.5,600.0,-0.053318,43.746212,135.674002,20
2026-02-26T03:28:01,446,62.956082,0.9375,0.4375,600.0,-0.053945,96.727196,135.674002,20
2026-02-26T03:28:56,447,62.951011,0.9375,0.4375,600.0,-0.053038,94.754189,135.674002,20
2026-02-26T03:29:54,448,-22.571567,0.1875,0.875,600.0,-0.053297,19.448593,135.674002,20
2026-02-26T03:30:50,449,27.112645,0.625,0.625,600.0,-0.05352,56.412708,135.674002,20
2026-02-26T03:31:46,450,21.442829,0.5625,0.625,600.0,-0.053043,55.242729,135.674002,20
2026-02-26T03:32:43,451,7.615602,0.4375,0.6875,600.0,-0.053264,41.674988,135.674002,20
2026-02-26T03:33:39,452,23.937564,0.5625,0.5625,600.0,-0.053153,61.082207,135.674002,20
2026-02-26T03:34:36,453,18.271661,0.5,0.5625,600.0,-0.053754,46.550323,135.674002,20
2026-02-26T03:35:32,454,45.946123,0.75,0.4375,600.0,-0.054184,76.459831,135.674002,20
2026-02-26T03:36:28,455,40.268239,0.6875,0.4375,600.0,-0.054176,67.314842,135.674002,20
2026-02-26T03:37:25,456,10.106738,0.4375,0.625,600.0,-0.05364,41.716129,135.674002,20
2026-02-26T03:38:20,457,59.781174,0.875,0.375,600.0,-0.053652,76.79287,135.674002,20
2026-02-26T03:39:17,458,-0.568976,0.375,0.75,600.0,-0.053723,39.708015,135.674002,20
2026-02-26T03:40:13,459,40.273379,0.6875,0.4375,600.0,-0.053913,63.939167,135.674002,20
2026-02-26T03:41:09,460,32.096089,0.625,0.5,600.0,-0.054261,58.446686,135.674002,20
2026-02-26T03:42:04,461,49.085706,0.8125,0.5,600.0,-0.053872,71.422073,135.674002,20
2026-02-26T03:43:01,462,28.916182,0.5625,0.4375,600.0,-0.053016,52.013237,135.674002,20
2026-02-26T03:43:56,463,32.745013,0.6875,0.625,600.0,-0.053734,62.18129,135.674002,20
2026-02-26T03:44:53,464,18.24815,0.5,0.5625,600.0,-0.053449,44.030308,135.674002,20
2026-02-26T03:45:49,465,13.251786,0.5,0.6875,600.0,-0.053583,50.742714,135.674002,20
2026-02-26T03:46:45,466,27.089918,0.625,0.625,600.0,-0.053413,52.986317,135.674002,20
2026-02-26T03:47:40,467,68.603884,1.0,0.4375,600.0,-0.054159,94.059059,135.674002,20
2026-02-26T03:48:36,468,20.754698,0.5,0.5,600.0,-0.054028,47.036785,135.674002,20
2026-02-26T03:49:32,469,43.434359,0.75,0.5,600.0,-0.05366,61.555893,135.674002,20
2026-02-26T03:50:29,470,18.253272,0.5,0.5625,600.0,-0.054194,55.346577,135.674002,20
2026-02-26T03:51:26,471,4.422062,0.375,0.625,600.0,-0.053754,28.776543,135.674002,20
2026-02-26T03:52:25,472,-6.240868,0.3125,0.75,600.0,-0.054015,23.941702,135.674002,20
2026-02-26T03:53:21,473,26.442871,0.5625,0.5,600.0,-0.054339,49.909328,135.674002,20
2026-02-26T03:54:18,474,15.782488,0.5,0.625,600.0,-0.054146,57.977421,135.674002,20
2026-02-26T03:55:13,475,51.603228,0.8125,0.4375,600.0,-0.05411,73.386589,135.674002,20
2026-02-26T03:56:11,476,1.922534,0.375,0.6875,600.0,-0.053921,38.403847,135.674002,20
2026-02-26T03:57:06,477,51.598238,0.8125,0.4375,600.0,-0.049978,71.267197,135.674002,20
2026-02-26T03:58:03,478,21.431318,0.5625,0.625,600.0,-0.054218,69.233681,135.674002,20
2026-02-26T03:59:00,479,-0.594393,0.375,0.75,600.0,-0.053581,59.814369,135.674002,20
2026-02-26T03:59:57,480,7.568777,0.4375,0.6875,600.0,-0.05372,40.157131,135.674002,20
2026-02-26T04:00:53,481,43.4051,0.75,0.5,600.0,-0.054243,82.243057,135.674002,20
2026-02-26T04:01:49,482,27.075773,0.625,0.625,600.0,-0.054313,68.694427,135.674002,20
2026-02-26T04:02:45,483,34.574528,0.625,0.4375,600.0,-0.052754,58.059433,135.674002,20
2026-02-26T04:03:41,484,54.088381,0.8125,0.375,600.0,-0.0548,76.97699,135.674002,20
2026-02-26T04:04:36,485,45.936125,0.75,0.4375,600.0,-0.054441,73.731216,135.674002,20
2026-02-26T04:05:33,486,23.921697,0.5625,0.5625,600.0,-0.049511,59.757778,135.674002,20
2026-02-26T04:06:29,487,12.582639,0.4375,0.5625,600.0,-0.054003,35.81815,135.674002,20
2026-02-26T04:07:25,488,45.928873,0.75,0.4375,600.0,-0.053975,58.798222,135.674002,20
2026-02-26T04:08:22,489,-3.758819,0.3125,0.6875,600.0,-0.054436,28.84181,135.674002,20
2026-02-26T04:09:17,490,49.098646,0.8125,0.5,600.0,-0.054526,79.222733,135.674002,20
2026-02-26T04:10:14,491,-6.246095,0.3125,0.75,600.0,-0.054809,32.045731,135.674002,20
2026-02-26T04:11:12,492,1.909636,0.375,0.6875,600.0,-0.054672,39.958763,135.674002,20
2026-02-26T04:12:08,493,26.408011,0.5625,0.5,600.0,-0.054258,51.699554,135.674002,20
2026-02-26T04:13:04,494,51.57931,0.8125,0.4375,600.0,-0.054065,82.202324,135.674002,20
2026-02-26T04:13:58,495,62.913488,0.9375,0.4375,600.0,-0.054411,73.168579,135.674002,20
2026-02-26T04:14:54,496,54.071841,0.8125,0.375,600.0,-0.054893,68.73925,135.674002,20
2026-02-26T04:15:50,497,18.222327,0.5,0.5625,600.0,-0.054631,48.421673,135.674002,20
2026-02-26T04:16:47,498,18.213717,0.5,0.5625,600.0,-0.054427,49.874878,135.674002,20
2026-02-26T04:17:42,499,68.585993,1.0,0.4375,600.0,-0.054578,129.773163,135.674002,20
2026-02-26T04:18:39,500,-3.786163,0.3125,0.6875,600.0,-0.054558,36.633694,135.674002,20
2026-02-26T04:19:36,501,18.214858,0.5,0.5625,600.0,-0.054917,48.061954,135.674002,20
2026-02-26T04:20:32,502,40.895345,0.75,0.5625,600.0,-0.055139,69.087685,135.674002,20
2026-02-26T04:21:27,503,43.394632,0.75,0.5,600.0,-0.054021,59.579708,135.674002,20
2026-02-26T04:22:23,504,42.72666,0.6875,0.375,600.0,-0.053805,57.741405,135.674002,20
2026-02-26T04:23:18,505,52.229806,0.875,0.5625,600.0,-0.055287,66.422394,135.674002,20
2026-02-26T04:24:14,506,21.389638,0.5625,0.625,600.0,-0.054852,49.299747,135.674002,20
2026-02-26T04:25:10,507,27.05599,0.625,0.625,600.0,-0.055414,66.188835,135.674002,20
2026-02-26T04:26:06,508,35.2309,0.6875,0.5625,600.0,-0.053258,72.213516,135.674002,20
2026-02-26T04:27:04,509,-11.952278,0.25,0.75,600.0,-0.054407,24.253412,135.674002,20
2026-02-26T04:28:00,510,54.063713,0.8125,0.375,600.0,-0.054461,75.248543,135.674002,20
2026-02-26T04:28:56,511,37.728661,0.6875,0.5,600.0,-0.055321,70.362518,135.674002,20
2026-02-26T04:29:51,512,35.225718,0.6875,0.5625,600.0,-0.054553,86.978775,135.674002,20
2026-02-26T04:30:48,513,23.8954,0.5625,0.5625,600.0,-0.054214,61.357285,135.674002,20
2026-02-26T04:31:44,514,45.899121,0.75,0.4375,600.0,-0.054733,62.877792,135.674002,20
2026-02-26T04:32:39,515,51.574268,0.8125,0.4375,600.0,-0.055389,64.405785,135.674002,20
2026-02-26T04:33:36,516,10.067941,0.4375,0.625,600.0,-0.054662,45.663006,135.674002,20
2026-02-26T04:34:33,517,10.066815,0.4375,0.625,600.0,-0.054392,51.615677,135.674002,20
2026-02-26T04:35:29,518,48.408138,0.75,0.375,600.0,-0.055162,60.285774,135.674002,20
2026-02-26T04:36:26,519,35.231055,0.6875,0.5625,600.0,-0.054763,67.428421,135.674002,20
2026-02-26T04:37:22,520,18.892184,0.5625,0.6875,600.0,-0.054462,47.964088,135.674002,20
2026-02-26T04:38:18,521,35.23275,0.6875,0.5625,600.0,-0.056145,65.184723,135.674002,20
2026-02-26T04:39:13,522,60.415647,0.9375,0.5,600.0,-0.055326,90.430527,135.674002,20
2026-02-26T04:40:09,523,18.224569,0.5,0.5625,600.0,-0.05368,53.948997,135.674002,20
2026-02-26T04:41:06,524,12.560435,0.4375,0.5625,600.0,-0.054241,34.994862,135.674002,20
2026-02-26T04:42:03,525,12.568765,0.4375,0.5625,600.0,-0.055895,43.039211,135.674002,20
2026-02-26T04:42:59,526,18.236809,0.5,0.5625,600.0,-0.05441,44.284828,135.674002,20
2026-02-26T04:43:56,527,23.909532,0.5625,0.5625,600.0,-0.055073,51.689163,135.674002,20
2026-02-26T04:44:52,528,7.570174,0.4375,0.6875,600.0,-0.054722,40.02029,135.674002,20
2026-02-26T04:45:49,529,18.238238,0.5,0.5625,600.0,-0.054739,42.877163,135.674002,20
2026-02-26T04:46:45,530,49.065585,0.8125,0.5,600.0,-0.055696,81.949982,135.674002,20
2026-02-26T04:47:41,531,27.084128,0.625,0.625,600.0,-0.055188,55.189682,135.674002,20
2026-02-26T04:48:39,532,-20.10194,0.1875,0.8125,600.0,-0.054963,21.055614,135.674002,20
2026-02-26T04:49:34,533,34.579244,0.625,0.4375,600.0,-0.054897,51.991066,135.674002,20
2026-02-26T04:50:29,534,73.593425,1.0,0.3125,600.0,-0.054711,81.01696,135.674002,20
2026-02-26T04:51:25,535,40.906949,0.75,0.5625,600.0,-0.054959,76.556061,135.674002,20
2026-02-26T04:52:20,536,74.266746,1.0625,0.4375,600.0,-0.054582,96.83345,135.674002,20
2026-02-26T04:53:16,537,45.908973,0.75,0.4375,600.0,-0.056341,66.373978,135.674002,20
2026-02-26T04:54:12,538,37.75455,0.6875,0.5,600.0,-0.055292,65.200432,135.674002,20
2026-02-26T04:55:08,539,20.749201,0.5,0.5,600.0,-0.054786,45.805851,135.674002,20
2026-02-26T04:56:05,540,7.57478,0.4375,0.6875,600.0,-0.054765,41.075111,135.674002,20
2026-02-26T04:56:59,541,76.091611,1.0,0.25,600.0,-0.056024,111.294334,135.674002,20
2026-02-26T04:57:54,542,57.935401,0.9375,0.5625,600.0,-0.054578,79.682571,135.674002,20
2026-02-26T04:58:50,543,45.929365,0.75,0.4375,600.0,-0.054766,73.671005,135.674002,20
2026-02-26T04:59:46,544,43.42537,0.75,0.5,600.0,-0.05468,77.98983,135.674002,20
2026-02-26T05:00:41,545,54.092794,0.8125,0.375,600.0,-0.05511,70.326538,135.674002,20
2026-02-26T05:01:37,546,54.771877,0.875,0.5,600.0,-0.054271,89.004906,135.674002,20
2026-02-26T05:02:34,547,18.240996,0.5,0.5625,600.0,-0.054687,48.104076,135.674002,20
2026-02-26T05:03:30,548,27.097951,0.625,0.625,600.0,-0.055677,61.417793,135.674002,20
2026-02-26T05:04:25,549,57.259521,0.875,0.4375,600.0,-0.05523,72.200851,135.674002,20
2026-02-26T05:05:21,550,32.079134,0.625,0.5,600.0,-0.055488,60.115906,135.674002,20
2026-02-26T05:06:17,551,28.902912,0.5625,0.4375,600.0,-0.055278,54.455559,135.674002,20
2026-02-26T05:07:14,552,20.733192,0.5,0.5,600.0,-0.054639,43.611969,135.674002,20
2026-02-26T05:08:09,553,60.412673,0.9375,0.5,600.0,-0.055102,97.532303,135.674002,20
2026-02-26T05:09:05,554,34.573612,0.625,0.4375,600.0,-0.055115,51.333508,135.674002,20
2026-02-26T05:10:02,555,-0.601381,0.375,0.75,600.0,-0.054612,40.33828,135.674002,20
2026-02-26T05:10:58,556,26.400897,0.5625,0.5,600.0,-0.05512,39.626793,135.674002,20
2026-02-26T05:11:56,557,-3.775396,0.3125,0.6875,600.0,-0.055068,32.770733,135.674002,20
2026-02-26T05:12:53,558,-6.266852,0.3125,0.75,600.0,-0.055085,38.289955,135.674002,20
2026-02-26T05:13:50,559,7.567001,0.4375,0.6875,600.0,-0.054093,41.889271,135.674002,20
2026-02-26T05:14:45,560,51.582591,0.8125,0.4375,600.0,-0.055143,79.566498,135.674002,20
2026-02-26T05:15:42,561,4.407544,0.375,0.625,600.0,-0.055069,34.24437,135.674002,20
2026-02-26T05:16:38,562,37.762002,0.6875,0.5,600.0,-0.055927,59.310383,135.674002,20
2026-02-26T05:17:33,563,57.260715,0.875,0.4375,600.0,-0.054826,81.557831,135.674002,20
2026-02-26T05:18:30,564,-6.265479,0.3125,0.75,600.0,-0.054527,41.181595,135.674002,20
2026-02-26T05:19:26,565,51.592521,0.8125,0.4375,600.0,-0.055062,76.130974,135.674002,20
2026-02-26T05:20:24,566,-20.105642,0.1875,0.8125,600.0,-0.054916,20.975557,135.674002,20
2026-02-26T05:21:19,567,78.593107,1.0,0.1875,600.0,-0.055168,77.208237,135.674002,20
2026-02-26T05:22:14,568,38.434793,0.75,0.625,600.0,-0.05508,66.890999,135.674002,20
2026-02-26T05:23:10,569,32.102132,0.625,0.5,600.0,-0.05519,60.173019,135.674002,20
2026-02-26T05:24:06,570,29.60269,0.625,0.5625,600.0,-0.053101,59.951492,135.674002,20
2026-02-26T05:25:02,571,35.293015,0.6875,0.5625,600.0,-0.055113,62.433189,135.674002,20
2026-02-26T05:25:59,572,18.267726,0.5,0.5625,600.0,-0.054899,50.607002,135.674002,20
2026-02-26T05:26:55,573,37.778482,0.6875,0.5,600.0,-0.05713,59.618633,135.674002,20
2026-02-26T05:27:50,574,57.285974,0.875,0.4375,600.0,-0.056166,83.582512,135.674002,20
2026-02-26T05:28:44,575,77.462571,1.125,0.5,600.0,-0.055575,140.205246,135.674002,20
2026-02-26T05:29:41,576,15.768234,0.5,0.625,600.0,-0.055406,53.575706,135.674002,20
2026-02-26T05:30:37,577,32.096611,0.625,0.5,600.0,-0.055221,65.69812,135.674002,20
2026-02-26T05:31:33,578,29.589729,0.625,0.5625,600.0,-0.055147,64.085701,135.674002,20
2026-02-26T05:32:28,579,43.431975,0.75,0.5,600.0,-0.05539,62.965305,135.674002,20
2026-02-26T05:33:25,580,7.591739,0.4375,0.6875,600.0,-0.054929,45.708607,135.674002,20
2026-02-26T05:34:21,581,34.597832,0.625,0.4375,600.0,-0.056343,57.307026,135.674002,20
2026-02-26T05:35:18,582,7.590771,0.4375,0.6875,600.0,-0.055683,33.709042,135.674002,20
2026-02-26T05:36:16,583,-8.737724,0.3125,0.8125,600.0,-0.054921,36.184361,135.674002,20
2026-02-26T05:37:12,584,23.938063,0.5625,0.5625,600.0,-0.053879,54.531635,135.674002,20
2026-02-26T05:38:07,585,49.120513,0.8125,0.5,600.0,-0.056235,85.436943,135.674002,20
2026-02-26T05:39:02,586,49.118197,0.8125,0.5,600.0,-0.055586,73.584587,135.674002,20
2026-02-26T05:39:58,587,40.275156,0.6875,0.4375,600.0,-0.055634,54.718086,135.674002,20
2026-02-26T05:40:54,588,20.769032,0.5,0.5,600.0,-0.055404,39.576229,135.674002,20
2026-02-26T05:41:49,589,60.450922,0.9375,0.5,600.0,-0.055569,76.441826,135.674002,20
2026-02-26T05:42:45,590,27.104016,0.625,0.625,600.0,-0.055846,67.396408,135.674002,20
2026-02-26T05:43:41,591,42.774025,0.6875,0.375,600.0,-0.055393,60.337368,135.674002,20
2026-02-26T05:44:37,592,54.108594,0.8125,0.375,600.0,-0.056059,74.061966,135.674002,20
2026-02-26T05:45:33,593,13.251389,0.5,0.6875,600.0,-0.055301,46.752193,135.674002,20
2026-02-26T05:46:31,594,15.754388,0.5,0.625,600.0,-0.055393,56.521633,135.674002,20
2026-02-26T05:47:27,595,23.913146,0.5625,0.5625,600.0,-0.055613,57.991302,135.674002,20
2026-02-26T05:48:22,596,40.932739,0.75,0.5625,600.0,-0.055091,68.511253,135.674002,20
2026-02-26T05:49:18,597,40.251249,0.6875,0.4375,600.0,-0.055978,60.920116,135.674002,20
2026-02-26T05:50:14,598,43.422238,0.75,0.5,600.0,-0.055504,86.838036,135.674002,20
2026-02-26T05:51:10,599,51.600991,0.8125,0.4375,600.0,-0.055527,68.855797,135.674002,20
2026-02-26T05:52:06,600,12.583104,0.4375,0.5625,600.0,-0.055595,42.567146,135.674002,20
2026-02-26T05:53:03,601,10.739774,0.5,0.75,600.0,-0.055701,53.702579,135.674002,20
2026-02-26T05:54:03,602,7.582328,0.4375,0.6875,600.0,-0.05663,36.304863,135.674002,20
2026-02-26T05:54:58,603,56.57825,0.8125,0.3125,600.0,-0.056344,64.926437,135.674002,20
2026-02-26T05:55:55,604,-3.772635,0.3125,0.6875,600.0,-0.054131,31.535391,135.674002,20
2026-02-26T05:56:52,605,21.412552,0.5625,0.625,600.0,-0.056204,55.261555,135.674002,20
2026-02-26T05:57:47,606,67.935933,0.9375,0.3125,600.0,-0.056383,75.931496,135.674002,20
2026-02-26T05:58:44,607,-8.749294,0.3125,0.8125,600.0,-0.055594,32.811035,135.674002,20
2026-02-26T05:59:40,608,32.093636,0.625,0.5,600.0,-0.055798,55.180481,135.674002,20
2026-02-26T06:00:37,609,15.752354,0.5,0.625,600.0,-0.055287,58.298229,135.674002,20
2026-02-26T06:01:32,610,35.25523,0.6875,0.5625,600.0,-0.056081,68.030739,135.674002,20
2026-02-26T06:02:30,611,4.4099,0.375,0.625,600.0,-0.054923,41.114376,135.674002,20
2026-02-26T06:03:27,612,-6.262691,0.3125,0.75,600.0,-0.056338,30.34667,135.674002,20
2026-02-26T06:04:24,613,-0.587898,0.375,0.75,600.0,-0.056612,33.832932,135.674002,20
2026-02-26T06:05:21,614,7.574507,0.4375,0.6875,600.0,-0.056186,44.646053,135.674002,20
2026-02-26T06:06:16,615,65.431661,0.9375,0.375,600.0,-0.056812,72.099808,135.674002,20
2026-02-26T06:07:10,616,76.77913,1.0625,0.375,600.0,-0.056758,94.00251,135.674002,20
2026-02-26T06:08:06,617,23.920416,0.5625,0.5625,600.0,-0.055569,54.865345,135.674002,20
2026-02-26T06:09:03,618,23.920731,0.5625,0.5625,600.0,-0.056083,61.5275,135.674002,20
2026-02-26T06:09:59,619,32.088104,0.625,0.5,600.0,-0.056027,62.017323,135.674002,20
2026-02-26T06:10:56,620,-3.755886,0.3125,0.6875,600.0,-0.055926,35.128418,135.674002,20
2026-02-26T06:11:53,621,21.408915,0.5625,0.625,600.0,-0.056448,51.124702,135.674002,20
2026-02-26T06:12:48,622,43.424638,0.75,0.5,600.0,-0.057267,64.802292,135.674002,20
2026-02-26T06:13:45,623,28.928946,0.5625,0.4375,600.0,-0.056498,53.859688,135.674002,20
2026-02-26T06:14:41,624,18.255415,0.5,0.5625,600.0,-0.055738,38.806042,135.674002,20
2026-02-26T06:15:37,625,71.113714,1.0,0.375,600.0,-0.056307,118.229897,135.674002,20
2026-02-26T06:16:32,626,65.431891,0.9375,0.375,600.0,-0.055717,80.426384,135.674002,20
2026-02-26T06:17:28,627,32.091713,0.625,0.5,600.0,-0.056029,57.933033,135.674002,20
2026-02-26T06:18:24,628,32.085964,0.625,0.5,600.0,-0.054442,55.835457,135.674002,20
2026-02-26T06:19:21,629,-0.592968,0.375,0.75,600.0,-0.056858,54.523716,135.674002,20
2026-02-26T06:20:17,630,40.2482,0.6875,0.4375,600.0,-0.056298,60.211933,135.674002,20
2026-02-26T06:21:14,631,18.245006,0.5,0.5625,600.0,-0.056656,48.623234,135.674002,20
2026-02-26T06:22:11,632,1.901717,0.375,0.6875,600.0,-0.05578,33.798817,135.674002,20
2026-02-26T06:23:06,633,54.761955,0.875,0.5,600.0,-0.056654,85.421761,135.674002,20
2026-02-26T06:24:02,634,26.41346,0.5625,0.5,600.0,-0.056781,55.989799,135.674002,20
2026-02-26T06:24:58,635,43.424046,0.75,0.5,600.0,-0.057876,62.378696,135.674002,20
2026-02-26T06:25:55,636,-3.75034,0.3125,0.6875,600.0,-0.055594,48.14674,135.674002,20
2026-02-26T06:26:52,637,13.264499,0.5,0.6875,600.0,-0.055537,56.211239,135.674002,20
2026-02-26T06:27:47,638,40.941607,0.75,0.5625,600.0,-0.057169,64.539703,135.674002,20
2026-02-26T06:28:43,639,59.121243,0.8125,0.25,600.0,-0.057116,72.794464,135.674002,20
2026-02-26T06:29:40,640,-3.732189,0.3125,0.6875,600.0,-0.056628,34.008884,135.674002,20
2026-02-26T06:30:37,641,10.790039,0.5,0.75,600.0,-0.055822,59.944595,135.674002,20
2026-02-26T06:31:33,642,43.461636,0.75,0.5,600.0,-0.056577,76.927299,135.674002,20
2026-02-26T06:32:29,643,4.434596,0.375,0.625,600.0,-0.056881,32.254436,135.674002,20
2026-02-26T06:33:26,644,15.768722,0.5,0.625,600.0,-0.056394,49.60936,135.674002,20
2026-02-26T06:34:19,645,93.788625,1.25,0.375,600.0,-0.055088,114.095947,135.674002,20
2026-02-26T06:35:16,646,28.938365,0.5625,0.4375,600.0,-0.056462,48.834076,135.674002,20
2026-02-26T06:36:12,647,10.104514,0.4375,0.625,600.0,-0.056747,37.967075,135.674002,20
2026-02-26T06:37:10,648,-3.734558,0.3125,0.6875,600.0,-0.056967,27.886032,135.674002,20
2026-02-26T06:38:05,649,59.798524,0.875,0.375,600.0,-0.056603,63.579895,135.674002,20
2026-02-26T06:39:00,650,59.801417,0.875,0.375,600.0,-0.057387,87.833763,135.674002,20
2026-02-26T06:39:57,651,15.783367,0.5,0.625,600.0,-0.056801,47.369663,135.674002,20
2026-02-26T06:40:54,652,-0.546854,0.375,0.75,600.0,-0.057054,35.093807,135.674002,20
2026-02-26T06:41:49,653,54.119064,0.8125,0.375,600.0,-0.056933,98.135628,135.674002,20
2026-02-26T06:42:44,654,79.282443,1.0625,0.3125,600.0,-0.057162,86.883392,135.674002,20
2026-02-26T06:43:39,655,51.617343,0.8125,0.4375,600.0,-0.056573,91.968948,135.674002,20
2026-02-26T06:44:35,656,37.782064,0.6875,0.5,600.0,-0.056851,67.383347,135.674002,20
2026-02-26T06:45:37,657,65.449813,0.9375,0.375,600.0,-0.057971,72.570168,135.674002,20
2026-02-26T06:46:32,658,40.951859,0.75,0.5625,600.0,-0.056684,95.934814,135.674002,20
2026-02-26T06:47:28,659,54.115973,0.8125,0.375,600.0,-0.057379,65.320709,135.674002,20
2026-02-26T06:48:22,660,79.298674,1.0625,0.3125,600.0,-0.055918,112.611015,135.674002,20
2026-02-26T06:49:18,661,62.294026,0.875,0.3125,600.0,-0.056956,69.618362,135.674002,20
2026-02-26T06:50:12,662,74.310818,1.0625,0.4375,600.0,-0.057032,94.098999,135.674002,20
2026-02-26T06:51:08,663,51.650181,0.8125,0.4375,600.0,-0.05718,76.828865,135.674002,20
2026-02-26T06:52:02,664,63.660189,1.0,0.5625,600.0,-0.057109,84.913216,135.674002,20
2026-02-26T06:52:57,665,62.991797,0.9375,0.4375,600.0,-0.057428,72.822716,135.674002,20
2026-02-26T06:53:52,666,57.321621,0.875,0.4375,600.0,-0.056938,81.935623,135.674002,20
2026-02-26T06:54:50,667,10.136879,0.4375,0.625,600.0,-0.057314,50.010132,135.674002,20
2026-02-26T06:55:46,668,23.976003,0.5625,0.5625,600.0,-0.057012,47.390892,135.674002,20
2026-02-26T06:56:42,669,32.14587,0.625,0.5,600.0,-0.056468,68.696327,135.674002,20
2026-02-26T06:57:37,670,63.005248,0.9375,0.4375,600.0,-0.057534,79.524788,135.674002,20
2026-02-26T06:58:35,671,4.472209,0.375,0.625,600.0,-0.058433,36.94619,135.674002,20
2026-02-26T06:59:31,672,15.807378,0.5,0.625,600.0,-0.057453,49.726864,135.674002,20
2026-02-26T07:00:27,673,46.67088,0.8125,0.5625,600.0,-0.057492,85.629791,135.674002,20
2026-02-26T07:01:22,674,74.357714,1.0625,0.4375,600.0,-0.056579,99.176308,135.674002,20
2026-02-26T07:02:18,675,62.336249,0.875,0.3125,600.0,-0.057781,85.384232,135.674002,20
2026-02-26T07:03:12,676,79.356134,1.0625,0.3125,600.0,-0.05778,96.977104,135.674002,20
2026-02-26T07:04:07,677,68.693522,1.0,0.4375,600.0,-0.057675,85.505798,135.674002,20
2026-02-26T07:05:02,678,68.682948,1.0,0.4375,600.0,-0.057886,97.346306,135.674002,20
2026-02-26T07:05:58,679,59.86028,0.875,0.375,600.0,-0.057144,86.235619,135.674002,20
2026-02-26T07:06:53,680,62.360231,0.875,0.3125,600.0,-0.057753,86.553963,135.674002,20
2026-02-26T07:07:49,681,48.517923,0.75,0.375,600.0,-0.057321,59.737083,135.674002,20
2026-02-26T07:08:45,682,21.514928,0.5625,0.625,600.0,-0.05843,48.492268,135.674002,20
2026-02-26T07:09:42,683,49.20064,0.8125,0.5,600.0,-0.057872,75.544418,135.674002,20
2026-02-26T07:10:39,684,35.350199,0.6875,0.5625,600.0,-0.057515,64.698128,135.674002,20
2026-02-26T07:11:34,685,54.20503,0.8125,0.375,600.0,-0.057908,80.329742,135.674002,20
2026-02-26T07:12:31,686,7.703593,0.4375,0.6875,600.0,-0.058276,48.415234,135.674002,20
2026-02-26T07:13:28,687,12.724078,0.4375,0.5625,600.0,-0.058128,43.837502,135.674002,20
2026-02-26T07:14:24,688,43.562186,0.75,0.5,600.0,-0.05846,61.36964,135.674002,20
2026-02-26T07:15:18,689,74.388286,1.0625,0.4375,600.0,-0.057437,89.663063,135.674002,20
2026-02-26T07:16:13,690,65.548849,0.9375,0.375,600.0,-0.057985,91.092766,135.674002,20
2026-02-26T07:17:10,691,40.365433,0.6875,0.4375,600.0,-0.059128,68.836571,135.674002,20
2026-02-26T07:18:07,692,21.525948,0.5625,0.625,600.0,-0.057111,55.57996,135.674002,20
2026-02-26T07:19:03,693,37.851691,0.6875,0.5,600.0,-0.058757,79.326149,135.674002,20
2026-02-26T07:19:59,694,32.195858,0.625,0.5,600.0,-0.058478,59.719273,135.674002,20
2026-02-26T07:20:54,695,68.027667,0.9375,0.3125,600.0,-0.058118,85.510406,135.674002,20
2026-02-26T07:21:51,696,27.157532,0.625,0.625,600.0,-0.058286,64.458939,135.674002,20
2026-02-26T07:22:47,697,29.675675,0.625,0.5625,600.0,-0.058684,62.855652,135.674002,20
2026-02-26T07:23:41,698,81.831981,1.0625,0.25,600.0,-0.057546,92.016716,135.674002,20
2026-02-26T07:24:38,699,5.140781,0.4375,0.75,600.0,-0.058129,34.768597,135.674002,20
2026-02-26T07:25:35,700,7.626387,0.4375,0.6875,600.0,-0.057469,38.469963,135.674002,20
2026-02-26T07:26:31,701,35.307549,0.6875,0.5625,600.0,-0.057672,65.854614,135.674002,20
2026-02-26T07:27:26,702,65.476514,0.9375,0.375,600.0,-0.058516,84.717621,135.674002,20
2026-02-26T07:28:22,703,45.959557,0.75,0.4375,600.0,-0.059643,65.031128,135.674002,20
2026-02-26T07:29:18,704,23.966614,0.5625,0.5625,600.0,-0.0579,46.96368,135.674002,20
2026-02-26T07:30:14,705,40.292719,0.6875,0.4375,600.0,-0.057669,60.537228,135.674002,20
2026-02-26T07:31:09,706,74.312961,1.0625,0.4375,600.0,-0.05714,119.669586,135.674002,20
2026-02-26T07:32:05,707,48.459017,0.75,0.375,600.0,-0.057922,73.914665,135.674002,20
2026-02-26T07:33:01,708,15.786998,0.5,0.625,600.0,-0.058131,44.580345,135.674002,20
2026-02-26T07:33:58,709,18.963391,0.5625,0.6875,600.0,-0.05797,53.223866,135.674002,20
2026-02-26T07:34:53,710,43.471179,0.75,0.5,600.0,-0.058867,71.371277,135.674002,20
2026-02-26T07:35:50,711,10.138932,0.4375,0.625,600.0,-0.057621,48.5103,135.674002,20
2026-02-26T07:36:47,712,-6.202348,0.3125,0.75,600.0,-0.057435,43.596836,135.674002,20
2026-02-26T07:37:42,713,67.985822,0.9375,0.3125,600.0,-0.058633,81.702789,135.674002,20
2026-02-26T07:38:39,714,32.1455,0.625,0.5,600.0,-0.057926,46.645935,135.674002,20
2026-02-26T07:39:35,715,37.81165,0.6875,0.5,600.0,-0.058763,61.767254,135.674002,20
2026-02-26T07:40:31,716,37.817143,0.6875,0.5,600.0,-0.058593,59.829193,135.674002,20
2026-02-26T07:41:28,717,-11.856114,0.25,0.75,600.0,-0.058883,31.146746,135.674002,20
2026-02-26T07:42:25,718,27.142809,0.625,0.625,600.0,-0.058261,66.674507,135.674002,20
2026-02-26T07:43:22,719,1.972982,0.375,0.6875,600.0,-0.058489,35.878155,135.674002,20
2026-02-26T07:44:19,720,26.474791,0.5625,0.5,600.0,-0.058215,49.967701,135.674002,20
2026-02-26T07:45:15,721,49.155053,0.8125,0.5,600.0,-0.059679,78.394264,135.674002,20
2026-02-26T07:46:12,722,-3.705073,0.3125,0.6875,600.0,-0.058613,33.028992,135.674002,20
2026-02-26T07:47:08,723,23.966733,0.5625,0.5625,600.0,-0.058884,54.560658,135.674002,20
2026-02-26T07:48:04,724,57.3202,0.875,0.4375,600.0,-0.05904,83.688461,135.674002,20
2026-02-26T07:49:01,725,-3.685512,0.3125,0.6875,600.0,-0.058275,32.343143,135.674002,20
2026-02-26T07:49:57,726,56.654455,0.8125,0.3125,600.0,-0.059161,73.943436,135.674002,20
2026-02-26T07:50:53,727,32.140883,0.625,0.5,600.0,-0.059521,54.79073,135.674002,20
2026-02-26T07:51:50,728,32.16296,0.625,0.5,600.0,-0.058677,59.006413,135.674002,20
2026-02-26T07:52:45,729,59.844987,0.875,0.375,600.0,-0.059284,72.130081,135.674002,20
2026-02-26T07:53:42,730,7.675741,0.4375,0.6875,600.0,-0.058942,48.061016,135.674002,20
2026-02-26T07:54:39,731,1.990829,0.375,0.6875,600.0,-0.05941,34.355343,135.674002,20
2026-02-26T07:55:35,732,23.991184,0.5625,0.5625,600.0,-0.059624,53.028843,135.674002,20
2026-02-26T07:56:32,733,10.186033,0.4375,0.625,600.0,-0.059531,42.596382,135.674002,20
2026-02-26T07:57:29,734,15.853916,0.5,0.625,600.0,-0.059548,48.634792,135.674002,20
2026-02-26T07:58:25,735,54.206898,0.8125,0.375,600.0,-0.058525,80.993729,135.674002,20
2026-02-26T07:59:21,736,32.870253,0.6875,0.625,600.0,-0.06027,75.732292,135.674002,20
2026-02-26T08:00:18,737,29.055765,0.5625,0.4375,600.0,-0.059049,52.260647,135.674002,20
2026-02-26T08:01:14,738,51.705948,0.8125,0.4375,600.0,-0.05896,70.780876,135.674002,20
2026-02-26T08:02:09,739,76.200884,1.0,0.25,600.0,-0.059082,93.615311,135.674002,20
2026-02-26T08:03:04,740,84.35258,1.0625,0.1875,600.0,-0.058771,87.436111,135.674002,20
2026-02-26T08:04:00,741,18.328908,0.5,0.5625,600.0,-0.059754,52.711166,135.674002,20
2026-02-26T08:04:57,742,32.188475,0.625,0.5,600.0,-0.058722,47.845669,135.674002,20
2026-02-26T08:05:52,743,43.532135,0.75,0.5,600.0,-0.060123,64.054825,135.674002,20
2026-02-26T08:06:48,744,43.53735,0.75,0.5,600.0,-0.059675,71.431038,135.674002,20
2026-02-26T08:07:45,745,40.34383,0.6875,0.4375,600.0,-0.059013,60.556393,135.674002,20
2026-02-26T08:08:40,746,48.509636,0.75,0.375,600.0,-0.059253,69.693253,135.674002,20
2026-02-26T08:09:36,747,48.526864,0.75,0.375,600.0,-0.058775,47.473217,135.674002,20
2026-02-26T08:10:33,748,29.682539,0.625,0.5625,600.0,-0.058976,69.023964,135.674002,20
2026-02-26T08:11:29,749,29.679566,0.625,0.5625,600.0,-0.05923,68.788597,135.674002,20
2026-02-26T08:12:25,750,49.19498,0.8125,0.5,600.0,-0.058944,73.972824,135.674002,20
2026-02-26T08:13:21,751,51.005425,0.75,0.3125,600.0,-0.060517,68.097862,135.674002,20
2026-02-26T08:14:18,752,15.833594,0.5,0.625,600.0,-0.059285,42.210045,135.674002,20
2026-02-26T08:15:12,753,85.025325,1.125,0.3125,600.0,-0.05894,114.967888,135.674002,20
2026-02-26T08:16:08,754,51.680702,0.8125,0.4375,600.0,-0.059301,70.001541,135.674002,20
2026-02-26T08:17:03,755,51.68162,0.8125,0.4375,600.0,-0.059883,63.390209,135.674002,20
2026-02-26T08:17:58,756,76.886262,1.0625,0.375,600.0,-0.060556,86.059799,135.674002,20
2026-02-26T08:18:53,757,54.880194,0.875,0.5,600.0,-0.058538,80.439041,135.674002,20
2026-02-26T08:19:49,758,65.547894,0.9375,0.375,600.0,-0.058572,90.866669,135.674002,20
2026-02-26T08:20:44,759,49.199033,0.8125,0.5,600.0,-0.060722,81.68293,135.674002,20
2026-02-26T08:21:37,760,135.386254,1.625,0.1875,600.0,-0.05941,142.967621,135.674002,20
2026-02-26T08:22:33,761,18.341971,0.5,0.5625,600.0,-0.058722,50.11805,135.674002,20
2026-02-26T08:23:29,762,29.685585,0.625,0.5625,600.0,-0.059917,48.400661,135.674002,20
2026-02-26T08:24:25,763,29.682604,0.625,0.5625,600.0,-0.059362,56.087856,135.674002,20
2026-02-26T08:25:22,764,34.680086,0.625,0.4375,600.0,-0.059335,63.878742,135.674002,20
2026-02-26T08:26:17,765,57.364792,0.875,0.4375,600.0,-0.059191,75.414619,135.674002,20
2026-02-26T08:27:13,766,32.186568,0.625,0.5,600.0,-0.059351,50.429565,135.674002,20
2026-02-26T08:28:09,767,49.174407,0.8125,0.5,600.0,-0.060873,78.230247,135.674002,20
2026-02-26T08:29:04,768,43.496332,0.75,0.5,600.0,-0.059264,81.089409,135.674002,20
2026-02-26T08:29:59,769,79.347577,1.0625,0.3125,600.0,-0.06036,84.67067,135.674002,20
2026-02-26T08:30:57,770,-11.84384,0.25,0.75,600.0,-0.058925,33.147556,135.674002,20
2026-02-26T08:31:53,771,32.158823,0.625,0.5,600.0,-0.059438,71.123886,135.674002,20
2026-02-26T08:32:48,772,59.84414,0.875,0.375,600.0,-0.059123,86.531288,135.674002,20
2026-02-26T08:33:43,773,57.330416,0.875,0.4375,600.0,-0.059556,71.469498,135.674002,20
2026-02-26T08:34:39,774,46.001539,0.75,0.4375,600.0,-0.059935,64.531723,135.674002,20
2026-02-26T08:35:35,775,51.663894,0.8125,0.4375,600.0,-0.059193,71.65123,135.674002,20
2026-02-26T08:36:31,776,43.481782,0.75,0.5,600.0,-0.059488,70.259514,135.674002,20
2026-02-26T08:37:26,777,51.655438,0.8125,0.4375,600.0,-0.060248,67.310387,135.674002,20
2026-02-26T08:38:21,778,59.83253,0.875,0.375,600.0,-0.0591,76.029694,135.674002,20
2026-02-26T08:39:16,779,43.49249,0.75,0.5,600.0,-0.059197,67.575317,135.674002,20
2026-02-26T08:40:13,780,32.162389,0.625,0.5,600.0,-0.060008,56.480129,135.674002,20
2026-02-26T11:21:22,1,52.273153,0.8125,0.4375,600.0,0.024273,104.423065,52.273153,20
2026-02-26T11:22:20,2,38.337609,0.6875,0.5,600.0,-0.035611,85.150337,52.273153,20
2026-02-26T11:23:17,3,52.157728,0.8125,0.4375,600.0,0.008005,99.087868,52.273153,20
2026-02-26T11:24:14,4,62.845965,0.875,0.3125,600.0,-0.03453,122.675758,62.845965,20
2026-02-26T11:25:12,5,30.127709,0.625,0.5625,600.0,-0.042866,65.654411,62.845965,20
2026-02-26T11:26:19,6,18.772519,0.5,0.5625,600.0,-0.040618,59.020229,62.845965,20
2026-02-26T11:27:25,7,49.596585,0.8125,0.5,600.0,-0.041989,103.339417,62.845965,20
2026-02-26T11:28:23,8,49.637994,0.8125,0.5,600.0,-0.018365,94.596878,62.845965,20
2026-02-26T11:29:21,9,24.379191,0.5625,0.5625,600.0,-0.036278,63.415184,62.845965,20
2026-02-26T11:30:23,10,79.666821,1.0625,0.3125,600.0,-0.044065,106.675522,79.666821,20
2026-02-26T11:32:04,11,43.167383,0.6875,0.375,600.0,-0.043118,77.756508,79.666821,20
2026-02-26T11:33:48,12,54.483897,0.8125,0.375,600.0,-0.043244,103.212868,79.666821,20
2026-02-26T11:35:23,13,10.475169,0.4375,0.625,600.0,-0.043191,52.783237,79.666821,20
2026-02-26T11:36:20,14,60.158019,0.875,0.375,600.0,-0.037807,108.03244,79.666821,20
2026-02-26T11:37:17,15,38.769766,0.75,0.625,600.0,-0.034339,79.489189,79.666821,20
2026-02-26T11:38:18,16,63.375842,0.9375,0.4375,600.0,-0.01863,125.463623,79.666821,20
2026-02-26T11:39:52,17,60.118593,0.875,0.375,600.0,-0.043279,112.382462,79.666821,20
2026-02-26T11:40:51,18,68.298472,0.9375,0.3125,600.0,-0.043244,91.659706,79.666821,20
2026-02-26T11:41:50,19,38.137723,0.6875,0.5,600.0,-0.042837,77.704361,79.666821,20
2026-02-26T11:42:48,20,21.795082,0.5625,0.625,600.0,-0.043471,71.650887,79.666821,20
2026-02-26T11:45:38,21,29.95123,0.625,0.5625,600.0,-0.015275,76.987373,79.666821,20
2026-02-26T11:46:39,22,38.067256,0.6875,0.5,600.0,-0.042015,79.643295,79.666821,20
2026-02-26T11:47:40,23,111.084479,1.4375,0.375,600.0,-0.043838,169.515244,111.084479,20
2026-02-26T11:48:39,24,32.394892,0.625,0.5,600.0,-0.043441,87.30603,111.084479,20
2026-02-26T11:49:42,25,56.909731,0.8125,0.3125,600.0,-0.030207,90.784599,111.084479,20
2026-02-26T11:50:42,26,60.099736,0.875,0.375,600.0,0.036784,102.518814,111.084479,20
2026-02-26T11:51:42,27,-3.227635,0.3125,0.6875,600.0,-0.038371,40.363808,111.084479,20
2026-02-26T11:52:40,28,40.793107,0.6875,0.4375,600.0,-0.038303,67.094872,111.084479,20
2026-02-26T11:53:41,29,18.818914,0.5,0.5625,600.0,-0.042099,54.67741,111.084479,20
2026-02-26T11:54:43,30,46.490374,0.75,0.4375,600.0,0.019537,90.757965,111.084479,20
2026-02-26T11:56:26,31,24.599321,0.5625,0.5625,600.0,0.063416,67.054695,111.084479,20
2026-02-26T11:57:25,32,-2.550431,0.375,0.8125,600.0,-0.005487,75.30394,111.084479,20
2026-02-26T11:58:29,33,30.070127,0.625,0.5625,600.0,-0.043018,78.770226,111.084479,20
2026-02-26T11:59:28,34,38.204073,0.6875,0.5,600.0,-0.043535,81.949692,111.084479,20
2026-02-26T12:00:26,35,35.043132,0.625,0.4375,600.0,-0.043769,65.803017,111.084479,20
2026-02-26T12:01:35,36,55.210269,0.875,0.5,600.0,-0.044102,116.937111,111.084479,20
2026-02-26T12:02:35,37,43.892635,0.75,0.5,600.0,-0.045613,89.651894,111.084479,20
2026-02-26T12:03:32,38,101.729743,1.25,0.1875,600.0,-0.042831,139.005798,111.084479,20
2026-02-26T12:04:36,39,76.556626,1.0,0.25,600.0,-0.043479,114.621979,111.084479,20
2026-02-26T12:05:36,40,18.701193,0.5,0.5625,600.0,-0.04362,55.019188,111.084479,20
2026-02-26T12:06:39,41,-5.789692,0.3125,0.75,600.0,-0.04375,39.235806,111.084479,20
2026-02-26T12:07:37,42,24.407845,0.5625,0.5625,600.0,-0.043947,61.066971,111.084479,20
2026-02-26T12:08:35,43,52.072923,0.8125,0.4375,600.0,-0.043959,82.750931,111.084479,20
2026-02-26T12:09:47,44,54.553904,0.8125,0.375,600.0,-0.045397,89.16404,111.084479,20
2026-02-26T12:10:44,45,52.076813,0.8125,0.4375,600.0,-0.045824,88.981438,111.084479,20
2026-02-26T12:11:43,46,70.923068,0.9375,0.25,600.0,-0.043813,106.815643,111.084479,20
2026-02-26T12:12:45,47,77.260052,1.0625,0.375,600.0,-0.043596,127.352913,111.084479,20
2026-02-26T12:13:44,48,38.278338,0.6875,0.5,600.0,-0.044121,89.639694,111.084479,20
2026-02-26T12:14:43,49,35.788944,0.6875,0.5625,600.0,-0.045131,80.492043,111.084479,20
2026-02-26T12:15:47,50,41.456423,0.75,0.5625,600.0,-0.044709,90.365845,111.084479,20
2026-02-26T12:17:06,51,30.097333,0.625,0.5625,600.0,-0.044471,77.673119,111.084479,20
2026-02-26T12:18:10,52,2.427057,0.375,0.6875,600.0,-0.044723,47.87912,111.084479,20
2026-02-26T12:19:18,53,30.09117,0.625,0.5625,600.0,-0.044193,89.581169,111.084479,20
2026-02-26T12:20:21,54,46.421925,0.75,0.4375,600.0,-0.045202,78.699821,111.084479,20
2026-02-26T12:21:22,55,21.915056,0.5625,0.625,600.0,-0.044804,77.073708,111.084479,20
2026-02-26T12:22:21,56,40.768941,0.6875,0.4375,600.0,-0.0442,64.605377,111.084479,20
2026-02-26T12:23:19,57,54.604257,0.8125,0.375,600.0,-0.04488,68.607262,111.084479,20
2026-02-26T12:24:21,58,5.612191,0.4375,0.75,600.0,-0.043673,70.075935,111.084479,20
2026-02-26T12:25:20,59,18.76764,0.5,0.5625,600.0,-0.044289,53.069347,111.084479,20
2026-02-26T12:26:20,60,57.762653,0.875,0.4375,600.0,-0.044116,93.613266,111.084479,20
2026-02-26T12:27:19,61,52.771878,0.875,0.5625,600.0,-0.045335,95.856377,111.084479,20
2026-02-26T12:28:17,62,46.431027,0.75,0.4375,600.0,-0.045948,100.218658,111.084479,20
2026-02-26T12:29:16,63,32.608128,0.625,0.5,600.0,-0.044114,72.317017,111.084479,20
2026-02-26T12:30:17,64,40.785036,0.6875,0.4375,600.0,-0.044648,74.858612,111.084479,20
2026-02-26T12:31:17,65,-13.909783,0.25,0.8125,600.0,-0.044334,32.266823,111.084479,20
2026-02-26T12:32:15,66,49.597745,0.8125,0.5,600.0,-0.044162,86.694267,111.084479,20
2026-02-26T12:33:25,67,57.743043,0.875,0.4375,600.0,-0.044482,110.349808,111.084479,20
2026-02-26T12:34:22,68,65.90256,0.9375,0.375,600.0,-0.045127,102.748695,111.084479,20
2026-02-26T12:35:21,69,32.554317,0.625,0.5,600.0,-0.044675,66.918518,111.084479,20
2026-02-26T12:36:20,70,21.884164,0.5625,0.625,600.0,-0.035616,77.795052,111.084479,20
2026-02-26T12:37:17,71,52.117698,0.8125,0.4375,600.0,-0.044398,102.092728,111.084479,20
2026-02-26T12:38:18,72,4.903919,0.375,0.625,600.0,-0.044671,49.342312,111.084479,20
2026-02-26T12:39:22,73,40.75509,0.6875,0.4375,600.0,-0.044606,69.798882,111.084479,20
2026-02-26T12:40:28,74,-0.114696,0.375,0.75,600.0,-0.044665,48.660366,111.084479,20
2026-02-26T12:41:30,75,10.546098,0.4375,0.625,600.0,-0.045096,62.395214,111.084479,20
2026-02-26T12:42:31,76,48.868926,0.75,0.375,600.0,-0.042384,81.717163,111.084479,20
2026-02-26T12:43:48,77,55.234482,0.875,0.5,600.0,-0.044468,89.519073,111.084479,20
2026-02-26T12:44:47,78,38.210295,0.6875,0.5,600.0,-0.043887,73.64521,111.084479,20
2026-02-26T12:45:48,79,18.709575,0.5,0.5625,600.0,-0.045187,54.299416,111.084479,20
2026-02-26T12:46:48,80,-13.977799,0.25,0.8125,600.0,-0.045751,40.6049,111.084479,20
2026-02-26T12:47:46,81,29.354364,0.5625,0.4375,600.0,-0.045971,33.810425,111.084479,20
2026-02-26T12:48:44,82,60.212677,0.875,0.375,600.0,-0.044854,92.097176,111.084479,20
2026-02-26T12:49:45,83,38.883587,0.75,0.625,600.0,-0.044443,100.556198,111.084479,20
2026-02-26T12:50:43,84,30.016304,0.625,0.5625,600.0,-0.045686,71.110367,111.084479,20
2026-02-26T12:51:51,85,-3.34988,0.3125,0.6875,600.0,-0.044872,45.916557,111.084479,20
2026-02-26T12:53:08,86,46.306319,0.75,0.4375,600.0,-0.044645,76.847076,111.084479,20
2026-02-26T12:54:13,87,38.155534,0.6875,0.5,600.0,-0.045096,72.945824,111.084479,20
2026-02-26T12:55:11,88,18.655679,0.5,0.5625,600.0,-0.044639,64.937668,111.084479,20
2026-02-26T12:56:14,89,18.669335,0.5,0.5625,600.0,-0.045829,59.835339,111.084479,20
2026-02-26T12:57:11,90,51.333381,0.75,0.3125,600.0,-0.04461,77.319656,111.084479,20
2026-02-26T12:58:17,91,32.513889,0.625,0.5,600.0,-0.045,75.211212,111.084479,20
2026-02-26T12:59:17,92,-5.846807,0.3125,0.75,600.0,-0.045531,47.343956,111.084479,20
2026-02-26T13:00:18,93,35.013705,0.625,0.4375,600.0,-0.045157,61.46159,111.084479,20
2026-02-26T13:01:27,94,8.011933,0.4375,0.6875,600.0,-0.044267,56.674465,111.084479,20
2026-02-26T13:02:26,95,16.168183,0.5,0.625,600.0,-0.045033,65.692177,111.084479,20
2026-02-26T13:03:24,96,52.675453,0.875,0.5625,600.0,-0.020746,126.576248,111.084479,20
2026-02-26T13:04:22,97,19.413903,0.5625,0.6875,600.0,-0.044353,77.111671,111.084479,20
2026-02-26T13:05:24,98,57.746382,0.875,0.4375,600.0,-0.044407,95.945999,111.084479,20
2026-02-26T13:06:23,99,24.401196,0.5625,0.5625,600.0,-0.04481,66.482391,111.084479,20
2026-02-26T13:07:24,100,18.717344,0.5,0.5625,600.0,-0.047098,59.725197,111.084479,20
2026-02-26T13:08:26,101,65.92343,0.9375,0.375,600.0,-0.043779,102.974068,111.084479,20
2026-02-26T13:09:25,102,49.613166,0.8125,0.5,600.0,-0.045223,91.727364,111.084479,20
2026-02-26T13:10:22,103,35.106177,0.625,0.4375,600.0,-0.04533,71.819809,111.084479,20
2026-02-26T13:11:24,104,24.457989,0.5625,0.5625,600.0,-0.04439,76.33461,111.084479,20
2026-02-26T13:12:25,105,24.468762,0.5625,0.5625,600.0,-0.045412,70.53978,111.084479,20
2026-02-26T13:13:26,106,46.449446,0.75,0.4375,600.0,-0.045137,94.941032,111.084479,20
2026-02-26T13:14:26,107,10.584611,0.4375,0.625,600.0,-0.045123,46.400158,111.084479,20
2026-02-26T13:15:24,108,35.749217,0.6875,0.5625,600.0,-0.045297,80.800575,111.084479,20
2026-02-26T13:16:30,109,52.112395,0.8125,0.4375,600.0,-0.046541,94.936432,111.084479,20
2026-02-26T13:17:28,110,38.253793,0.6875,0.5,600.0,-0.044665,74.236023,111.084479,20
2026-02-26T13:18:31,111,48.897919,0.75,0.375,600.0,-0.045562,75.040741,111.084479,20
2026-02-26T13:19:29,112,30.070425,0.625,0.5625,600.0,-0.045075,60.696877,111.084479,20
2026-02-26T13:20:33,113,35.734415,0.6875,0.5625,600.0,-0.046453,55.114719,111.084479,20
2026-02-26T13:21:36,114,41.402973,0.75,0.5625,600.0,-0.046187,86.754082,111.084479,20
2026-02-26T13:22:33,115,69.098586,1.0,0.4375,600.0,-0.04458,97.485641,111.084479,20
2026-02-26T13:23:33,116,10.575433,0.4375,0.625,600.0,-0.04496,50.771317,111.084479,20
2026-02-26T13:24:35,117,2.386667,0.375,0.6875,600.0,-0.044613,50.139206,111.084479,20
2026-02-26T13:25:39,118,38.211151,0.6875,0.5,600.0,-0.044754,69.080879,111.084479,20
2026-02-26T13:26:38,119,21.879108,0.5625,0.625,600.0,-0.045828,60.361908,111.084479,20
2026-02-26T13:27:40,120,32.550702,0.625,0.5,600.0,-0.045639,82.043716,111.084479,20
2026-02-26T13:28:40,121,24.369325,0.5625,0.5625,600.0,-0.045342,63.356022,111.084479,20
2026-02-26T13:29:40,122,96.027714,1.1875,0.1875,600.0,-0.044006,135.68399,111.084479,20
2026-02-26T13:30:40,123,57.693323,0.875,0.4375,600.0,-0.046509,93.657242,111.084479,20
2026-02-26T13:31:43,124,69.019221,1.0,0.4375,600.0,-0.043983,132.271255,111.084479,20
2026-02-26T13:32:41,125,27.483761,0.625,0.625,600.0,-0.045132,66.733086,111.084479,20
2026-02-26T13:33:40,126,32.484455,0.625,0.5,600.0,-0.044801,79.451431,111.084479,20
2026-02-26T13:34:38,127,47.010214,0.8125,0.5625,600.0,-0.044978,87.1493,111.084479,20
2026-02-26T13:35:40,128,16.13972,0.5,0.625,600.0,-0.044288,58.097591,111.084479,20
2026-02-26T13:36:38,129,24.302144,0.5625,0.5625,600.0,-0.045899,73.603104,111.084479,20
2026-02-26T13:37:38,130,24.29202,0.5625,0.5625,600.0,-0.044302,61.345959,111.084479,20
2026-02-26T13:38:46,131,43.794415,0.75,0.5,600.0,-0.04481,85.454544,111.084479,20
2026-02-26T13:39:44,132,40.600184,0.6875,0.4375,600.0,-0.038312,83.443291,111.084479,20
2026-02-26T13:40:42,133,32.399988,0.625,0.5,600.0,-0.045945,75.484894,111.084479,20
2026-02-26T13:41:46,134,48.740168,0.75,0.375,600.0,-0.045792,74.400673,111.084479,20
2026-02-26T13:42:45,135,13.56454,0.5,0.6875,600.0,-0.03872,53.712669,111.084479,20
2026-02-26T13:43:47,136,24.262993,0.5625,0.5625,600.0,-0.040594,67.690422,111.084479,20
2026-02-26T13:44:49,137,43.725665,0.75,0.5,600.0,-0.044523,89.134689,111.084479,20
2026-02-26T13:45:48,138,29.897648,0.625,0.5625,600.0,-0.044873,65.237511,111.084479,20
2026-02-26T13:46:47,139,16.033534,0.5,0.625,600.0,-0.044837,63.822662,111.084479,20
2026-02-26T13:47:44,140,56.864996,0.8125,0.3125,600.0,-0.045575,63.574902,111.084479,20
2026-02-26T13:48:42,141,46.168475,0.75,0.4375,600.0,-0.046863,71.873093,111.084479,20
2026-02-26T13:49:49,142,7.845546,0.4375,0.6875,600.0,-0.045422,64.226418,111.084479,20
2026-02-26T13:50:47,143,43.71607,0.75,0.5,600.0,-0.045113,69.403999,111.084479,20
2026-02-26T13:51:49,144,-3.488912,0.3125,0.6875,600.0,-0.046099,40.504265,111.084479,20
2026-02-26T13:52:51,145,33.027541,0.6875,0.625,600.0,-0.045723,64.207932,111.084479,20
2026-02-26T13:53:52,146,51.862623,0.8125,0.4375,600.0,-0.045356,75.984001,111.084479,20
2026-02-26T13:54:50,147,32.350507,0.625,0.5,600.0,-0.046793,74.395218,111.084479,20
2026-02-26T13:55:51,148,24.189653,0.5625,0.5625,600.0,-0.044585,64.864624,111.084479,20
2026-02-26T13:56:49,149,38.021562,0.6875,0.5,600.0,-0.045328,71.63118,111.084479,20
2026-02-26T13:57:48,150,4.685705,0.375,0.625,600.0,-0.045502,48.195873,111.084479,20
2026-02-26T13:58:47,151,5.343733,0.4375,0.75,600.0,-0.046218,47.185532,111.084479,20
2026-02-26T14:00:03,152,13.51608,0.5,0.6875,600.0,-0.04544,54.916965,111.084479,20
2026-02-26T14:01:01,153,34.850501,0.625,0.4375,600.0,-0.044282,63.633385,111.084479,20
2026-02-26T14:02:06,154,-3.527373,0.3125,0.6875,600.0,-0.045885,38.40794,111.084479,20
2026-02-26T14:03:18,155,29.817628,0.625,0.5625,600.0,-0.045979,59.513138,111.084479,20
2026-02-26T14:04:20,156,71.341749,1.0,0.375,600.0,-0.04486,116.538826,111.084479,20
2026-02-26T14:05:19,157,29.151597,0.5625,0.4375,600.0,-0.046344,55.245052,111.084479,20
2026-02-26T14:06:19,158,49.325964,0.8125,0.5,600.0,-0.04556,91.482353,111.084479,20
2026-02-26T14:07:23,159,46.152004,0.75,0.4375,600.0,-0.046383,62.34296,111.084479,20
2026-02-26T14:08:24,160,24.142309,0.5625,0.5625,600.0,-0.045165,63.505295,111.084479,20
2026-02-26T14:09:25,161,18.491054,0.5,0.5625,600.0,-0.046087,49.510078,111.084479,20
2026-02-26T14:10:24,162,15.967967,0.5,0.625,600.0,-0.047127,65.851952,111.084479,20
2026-02-26T14:11:22,163,35.485572,0.6875,0.5625,600.0,-0.046701,66.111176,111.084479,20
2026-02-26T14:12:20,164,49.305248,0.8125,0.5,600.0,-0.045148,77.573181,111.084479,20
2026-02-26T14:13:19,165,51.795094,0.8125,0.4375,600.0,-0.045875,101.609505,111.084479,20
2026-02-26T14:14:19,166,24.11921,0.5625,0.5625,600.0,-0.045736,56.278015,111.084479,20
2026-02-26T14:15:17,167,32.288341,0.625,0.5,600.0,-0.04596,66.778656,111.084479,20
2026-02-26T14:16:13,168,80.162905,1.125,0.4375,600.0,-0.046323,110.12471,111.084479,20
2026-02-26T14:17:11,169,51.774624,0.8125,0.4375,600.0,-0.046907,73.346474,111.084479,20
2026-02-26T14:18:11,170,62.446392,0.875,0.3125,600.0,-0.04598,84.049881,111.084479,20
2026-02-26T14:19:19,171,18.420838,0.5,0.5625,600.0,-0.046539,55.846935,111.084479,20
2026-02-26T14:20:25,172,42.941789,0.6875,0.375,600.0,-0.046869,67.319313,111.084479,20
2026-02-26T14:21:23,173,26.584426,0.5625,0.5,600.0,-0.047646,56.275223,111.084479,20
2026-02-26T14:22:25,174,15.904137,0.5,0.625,600.0,-0.046046,62.816841,111.084479,20
2026-02-26T14:23:23,175,32.261602,0.625,0.5,600.0,-0.047544,65.479637,111.084479,20
2026-02-26T14:24:21,176,43.582504,0.75,0.5,600.0,-0.047048,69.860023,111.084479,20
2026-02-26T14:25:24,177,29.74893,0.625,0.5625,600.0,-0.046608,64.98558,111.084479,20
2026-02-26T14:26:26,178,4.564954,0.375,0.625,600.0,-0.046598,43.270878,111.084479,20
2026-02-26T14:27:29,179,4.559638,0.375,0.625,600.0,-0.046165,40.446033,111.084479,20
2026-02-26T14:28:36,180,29.743699,0.625,0.5625,600.0,-0.045716,54.257492,111.084479,20
2026-02-26T14:29:35,181,74.399569,1.0625,0.4375,600.0,-0.045461,102.4673,111.084479,20
2026-02-26T14:30:34,182,73.737391,1.0,0.3125,600.0,-0.045975,87.308174,111.084479,20
2026-02-26T14:31:37,183,10.879316,0.5,0.75,600.0,-0.047515,56.243835,111.084479,20
2026-02-26T14:32:33,184,79.385589,1.0625,0.3125,600.0,-0.045589,95.837799,111.084479,20
2026-02-26T14:33:33,185,-6.121641,0.3125,0.75,600.0,-0.046551,37.568184,111.084479,20
2026-02-26T14:34:37,186,24.053595,0.5625,0.5625,600.0,-0.044205,52.913197,111.084479,20
2026-02-26T14:35:36,187,24.0294,0.5625,0.5625,600.0,-0.045951,54.420166,111.084479,20
2026-02-26T14:36:34,188,32.876681,0.6875,0.625,600.0,-0.045252,78.082794,111.084479,20
2026-02-26T14:37:38,189,-3.613017,0.3125,0.6875,600.0,-0.045871,38.091564,111.084479,20
2026-02-26T14:38:37,190,10.222125,0.4375,0.625,600.0,-0.047332,41.854088,111.084479,20
2026-02-26T14:39:35,191,32.204525,0.625,0.5,600.0,-0.046546,62.303822,111.084479,20
2026-02-26T14:40:39,192,54.883863,0.875,0.5,600.0,-0.047483,79.70121,111.084479,20
2026-02-26T14:41:37,193,48.53271,0.75,0.375,600.0,-0.045961,54.482327,111.084479,20
2026-02-26T14:42:33,194,63.042194,0.9375,0.4375,600.0,-0.047275,72.959473,111.084479,20
2026-02-26T14:43:31,195,46.020374,0.75,0.4375,600.0,-0.04705,79.465347,111.084479,20
2026-02-26T14:44:29,196,49.20713,0.8125,0.5,600.0,-0.046027,78.501938,111.084479,20
2026-02-26T14:45:30,197,15.867717,0.5,0.625,600.0,-0.046706,45.679127,111.084479,20
2026-02-26T14:46:45,198,21.530461,0.5625,0.625,600.0,-0.047295,51.9268,111.084479,20
2026-02-26T14:47:49,199,46.021567,0.75,0.4375,600.0,-0.046695,65.800385,111.084479,20
2026-02-26T14:48:49,200,32.838274,0.6875,0.625,600.0,-0.047751,66.433037,111.084479,20
2026-02-26T14:49:48,201,29.67781,0.625,0.5625,600.0,-0.04618,46.960148,111.084479,20
2026-02-26T14:50:47,202,66.177826,1.0,0.5,600.0,-0.046541,88.998131,111.084479,20
2026-02-26T14:51:46,203,15.849598,0.5,0.625,600.0,-0.047683,50.136795,111.084479,20
2026-02-26T14:52:43,204,37.865544,0.6875,0.5,600.0,-0.045781,64.783272,111.084479,20
2026-02-26T14:53:43,205,7.696639,0.4375,0.6875,600.0,-0.048429,56.916908,111.084479,20
2026-02-26T14:54:44,206,24.053658,0.5625,0.5625,600.0,-0.047323,55.518177,111.084479,20
2026-02-26T14:55:42,207,40.37851,0.6875,0.4375,600.0,-0.04599,77.168945,111.084479,20
2026-02-26T14:56:40,208,37.870782,0.6875,0.5,600.0,-0.046897,71.788498,111.084479,20
2026-02-26T14:57:38,209,35.348356,0.6875,0.5625,600.0,-0.046636,75.660416,111.084479,20
2026-02-26T14:58:38,210,57.348292,0.875,0.4375,600.0,-0.046378,85.139809,111.084479,20
2026-02-26T14:59:35,211,59.835817,0.875,0.375,600.0,-0.0473,90.521698,111.084479,20
2026-02-26T15:00:36,212,32.816242,0.6875,0.625,600.0,-0.046453,79.317734,111.084479,20
2026-02-26T15:01:38,213,40.334238,0.6875,0.4375,600.0,-0.046486,67.271378,111.084479,20
2026-02-26T15:02:37,214,4.480406,0.375,0.625,600.0,-0.047467,50.125763,111.084479,20
2026-02-26T15:03:36,215,32.143849,0.625,0.5,600.0,-0.047867,58.348431,111.084479,20
2026-02-26T15:04:34,216,18.324377,0.5,0.5625,600.0,-0.047082,52.432774,111.084479,20
2026-02-26T15:05:34,217,4.488231,0.375,0.625,600.0,-0.046848,28.145323,111.084479,20
2026-02-26T15:06:37,218,-11.84295,0.25,0.75,600.0,-0.046148,31.338406,111.084479,20
2026-02-26T15:07:38,219,-14.34808,0.25,0.8125,600.0,-0.047298,37.324253,111.084479,20
2026-02-26T15:08:37,220,1.993049,0.375,0.6875,600.0,-0.047924,38.326088,111.084479,20
2026-02-26T15:09:37,221,24.659446,0.625,0.6875,600.0,-0.046162,65.130196,111.084479,20
2026-02-26T15:10:42,222,32.149751,0.625,0.5,600.0,-0.047484,60.295242,111.084479,20
2026-02-26T15:11:48,223,29.646196,0.625,0.5625,600.0,-0.047355,71.082191,111.084479,20
2026-02-26T15:12:46,224,23.960252,0.5625,0.5625,600.0,-0.04707,52.700306,111.084479,20
2026-02-26T15:13:44,225,59.138576,0.8125,0.25,600.0,-0.0481,65.634529,111.084479,20
2026-02-26T15:14:42,226,65.47646,0.9375,0.375,600.0,-0.047193,95.761055,111.084479,20
2026-02-26T15:15:43,227,7.62683,0.4375,0.6875,600.0,-0.047845,37.062477,111.084479,20
2026-02-26T15:16:41,228,38.468265,0.75,0.625,600.0,-0.046615,67.051117,111.084479,20
2026-02-26T15:17:39,229,23.975493,0.5625,0.5625,600.0,-0.04791,66.542473,111.084479,20
2026-02-26T15:18:38,230,7.640641,0.4375,0.6875,600.0,-0.047614,41.155151,111.084479,20
2026-02-26T15:19:37,231,32.150952,0.625,0.5,600.0,-0.047382,73.693436,111.084479,20
2026-02-26T15:20:43,232,7.639553,0.4375,0.6875,600.0,-0.046669,40.937202,111.084479,20
2026-02-26T15:36:26,233,37.807901,0.6875,0.5,600.0,-0.046181,64.492577,111.084479,20
2026-02-26T15:37:39,234,23.958831,0.5625,0.5625,600.0,-0.047635,55.133465,111.084479,20
2026-02-26T15:40:41,1,-20.56065,0.625,0.5625,600.0,0.027356,15.164516,-20.56065,20
2026-02-26T15:41:39,2,-14.925769,0.6875,0.4375,600.0,0.087699,9.316436,-14.925769,20
2026-02-26T15:42:37,3,-12.505777,0.9375,0.4375,600.0,-0.003257,8.501029,-12.505777,20
2026-02-26T15:43:34,4,-9.38038,0.75,0.3125,600.0,0.018248,6.527645,-9.38038,20
2026-02-26T15:44:32,5,-15.537262,0.625,0.4375,600.0,-0.013737,7.75613,-9.38038,20
2026-02-26T15:45:42,6,-16.79777,0.75,0.5,600.0,-0.014839,8.739983,-9.38038,20
2026-02-26T15:46:41,7,-26.78567,0.5,0.6875,600.0,0.006479,10.525049,-9.38038,20
2026-02-26T15:47:38,8,-13.696757,1.0625,0.5,600.0,-0.039909,8.976737,-9.38038,20
2026-02-26T15:48:41,9,-18.093246,0.625,0.5,600.0,-0.032361,8.202342,-9.38038,20
2026-02-26T15:49:44,10,-7.499104,0.9375,0.3125,600.0,0.004204,6.275606,-7.499104,20
2026-02-26T15:50:45,11,-13.110272,0.625,0.375,600.0,-0.04087,6.716778,-7.499104,20
2026-02-26T15:51:43,12,-11.881382,0.75,0.375,600.0,-0.042448,7.050464,-7.499104,20
2026-02-26T15:52:42,13,-24.361479,0.5,0.625,600.0,0.008389,9.517827,-7.499104,20
2026-02-26T15:53:40,14,-10.635549,0.875,0.375,600.0,-0.017883,7.174387,-7.499104,20
2026-02-26T15:54:41,15,-20.039404,0.6875,0.5625,600.0,-0.035543,8.926324,-7.499104,20
2026-02-26T15:55:42,16,-19.428287,0.75,0.5625,600.0,-0.021951,9.055513,-7.499104,20
2026-02-26T15:56:40,17,-15.075092,0.6875,0.4375,600.0,-0.039654,7.488383,-7.499104,20
2026-02-26T15:57:38,18,-5.090803,0.9375,0.25,600.0,-0.044767,5.445837,-5.090803,20
2026-02-26T15:58:39,19,-15.080985,0.6875,0.4375,600.0,-0.04414,7.589504,-5.090803,20
2026-02-26T15:59:39,20,-18.206831,0.625,0.5,600.0,-0.041563,8.044864,-5.090803,20
2026-02-26T16:00:43,21,-21.331255,0.5625,0.5625,600.0,-0.041896,8.410858,-5.090803,20
2026-02-26T16:01:40,22,-13.228428,0.875,0.4375,600.0,-0.044312,7.467065,-5.090803,20
2026-02-26T16:02:39,23,-5.74752,1.375,0.375,600.0,-0.044173,7.39182,-5.090803,20
2026-02-26T16:03:37,24,-18.845575,0.5625,0.5,600.0,-0.045485,7.886728,-5.090803,20
2026-02-26T16:04:39,25,-13.849933,0.8125,0.4375,600.0,0.014061,7.316852,-5.090803,20
2026-02-26T16:05:39,26,-10.125074,0.9375,0.375,600.0,-0.01907,6.674518,-5.090803,20
2026-02-26T16:06:37,27,-15.117566,0.6875,0.4375,600.0,0.054598,7.313568,-5.090803,20
2026-02-26T16:07:34,28,-11.954351,1.0,0.4375,600.0,-0.020551,10.946899,-5.090803,20
2026-02-26T16:08:34,29,-33.789785,0.3125,0.8125,600.0,0.111115,8.539726,-5.090803,20
2026-02-26T16:09:33,30,-21.241942,0.5625,0.5625,600.0,-0.026353,7.308618,-5.090803,20
2026-02-26T16:10:33,31,-15.023324,0.6875,0.4375,600.0,0.013309,7.268836,-5.090803,20
2026-02-26T16:11:31,32,-17.466668,0.6875,0.5,600.0,-0.009374,7.534703,-5.090803,20
2026-02-26T16:12:29,33,-10.577536,0.875,0.375,600.0,-0.017137,10.829249,-5.090803,20
2026-02-26T16:13:27,34,-6.802341,1.0,0.3125,600.0,-0.041754,8.061891,-5.090803,20
2026-02-26T16:14:24,35,-8.061523,1.125,0.375,600.0,-0.042266,7.642261,-5.090803,20
2026-02-26T16:15:25,36,-14.931563,0.9375,0.5,600.0,-0.031671,8.779633,-5.090803,20
2026-02-26T16:16:31,37,-5.554968,0.875,0.25,600.0,0.008095,5.517665,-5.090803,20
2026-02-26T16:17:31,38,-4.325367,1.0,0.25,600.0,-0.015483,5.445036,-4.325367,20
2026-02-26T16:18:28,39,-5.573878,1.125,0.3125,600.0,-0.02728,6.942009,-4.325367,20
2026-02-26T16:19:28,40,-27.427492,0.4375,0.6875,600.0,-0.034003,10.030602,-4.325367,20
2026-02-26T16:20:26,41,-20.556518,0.625,0.5625,600.0,-0.042128,7.883467,-4.325367,20
2026-02-26T16:21:29,42,-13.048943,0.625,0.375,600.0,-0.042673,6.278528,-4.325367,20
2026-02-26T16:22:26,43,-2.42585,1.1875,0.25,600.0,0.016997,5.958507,-2.42585,20
2026-02-26T16:23:28,44,-14.918641,0.6875,0.4375,600.0,-0.038152,7.314972,-2.42585,20
2026-02-26T16:24:28,45,-14.912724,0.6875,0.4375,600.0,-0.013295,7.222606,-2.42585,20
2026-02-26T16:25:26,46,-16.775359,0.75,0.5,600.0,0.047831,8.071671,-2.42585,20
2026-02-26T16:26:30,47,-18.686651,0.5625,0.5,600.0,-0.032742,7.504954,-2.42585,20
2026-02-26T16:27:45,48,-14.317695,0.75,0.4375,600.0,0.004055,7.082529,-2.42585,20
2026-02-26T16:28:43,49,-16.850698,0.75,0.5,600.0,-0.045397,6.937236,-2.42585,20
2026-02-26T16:29:44,50,-20.600425,0.625,0.5625,600.0,-0.044039,7.412433,-2.42585,20
2026-02-26T16:30:41,51,-9.368599,1.0,0.375,600.0,-0.016926,6.629892,-2.42585,20
2026-02-26T16:31:40,52,-20.640148,0.625,0.5625,600.0,-0.045439,7.269475,-2.42585,20
2026-02-26T16:32:40,53,-10.021257,0.9375,0.375,600.0,-0.0453,6.760257,-2.42585,20
2026-02-26T16:33:38,54,-7.521412,0.9375,0.3125,600.0,-0.045828,5.959942,-2.42585,20
2026-02-26T16:34:46,55,-7.517347,0.9375,0.3125,600.0,-0.045069,6.212662,-2.42585,20
2026-02-26T16:35:58,56,-18.141643,0.625,0.5,600.0,-0.045179,7.702298,-2.42585,20
2026-02-26T16:36:58,57,-2.550454,1.1875,0.25,600.0,-0.045779,5.317478,-2.42585,20
2026-02-26T16:38:02,58,-20.635268,0.625,0.5625,600.0,-0.042971,7.687926,-2.42585,20
2026-02-26T16:39:01,59,-18.133844,0.625,0.5,600.0,-0.044183,7.795522,-2.42585,20
2026-02-26T16:39:58,60,-11.889787,1.0,0.4375,600.0,-0.045096,6.573481,-2.42585,20
2026-02-26T16:40:56,61,-6.884339,1.0,0.3125,600.0,-0.022975,6.543427,-2.42585,20
2026-02-26T16:42:05,62,-8.152054,1.125,0.375,600.0,0.018792,6.584368,-2.42585,20
2026-02-26T16:43:03,63,-6.875253,1.0,0.3125,600.0,-0.044391,6.130646,-2.42585,20
2026-02-26T16:44:01,64,-11.853406,0.75,0.375,600.0,-0.044586,6.245754,-2.42585,20
2026-02-26T16:45:01,65,-24.959445,0.4375,0.625,600.0,-0.043066,8.248862,-2.42585,20
2026-02-26T16:46:01,66,-16.848278,0.75,0.5,600.0,-0.045096,7.088458,-2.42585,20
2026-02-26T16:47:01,67,-18.103977,0.625,0.5,600.0,-0.045527,7.824539,-2.42585,20
2026-02-26T16:47:58,68,-8.740205,1.0625,0.375,600.0,-0.04649,6.600224,-2.42585,20
2026-02-26T16:48:55,69,-5.612133,1.125,0.3125,600.0,-0.045516,6.114469,-2.42585,20
2026-02-26T16:49:54,70,-26.843179,0.5,0.6875,600.0,-0.041794,7.237663,-2.42585,20
2026-02-26T16:50:52,71,-9.977261,0.9375,0.375,600.0,0.077935,6.213303,-2.42585,20
2026-02-26T16:51:51,72,-16.831179,0.75,0.5,600.0,-0.039716,6.383244,-2.42585,20
2026-02-26T16:52:48,73,-11.833919,1.0,0.4375,600.0,-0.021896,7.158097,-2.42585,20
2026-02-26T16:53:47,74,-18.067833,0.625,0.5,600.0,-0.032338,6.167136,-2.42585,20
2026-02-26T16:54:46,75,-20.544229,0.625,0.5625,600.0,0.121609,7.523916,-2.42585,20
2026-02-26T16:55:44,76,-7.272424,0.9375,0.3125,600.0,-0.041035,6.6153,-2.42585,20
2026-02-26T16:56:41,77,-14.777771,0.9375,0.5,600.0,-0.025305,6.514109,-2.42585,20
2026-02-26T16:57:41,78,-2.920028,1.375,0.3125,600.0,-0.045473,6.656471,-2.42585,20
2026-02-26T16:58:42,79,-19.150536,0.5,0.5,600.0,-0.045514,7.68964,-2.42585,20
2026-02-26T16:59:43,80,-8.552493,1.0625,0.375,600.0,-0.04574,6.770529,-2.42585,20
2026-02-26T17:00:45,81,-7.336169,1.1875,0.375,600.0,-0.020997,7.669019,-2.42585,20
2026-02-26T17:01:41,82,3.311004,1.25,0.125,600.0,-0.003995,4.19161,3.311004,20
2026-02-26T17:02:38,83,-2.949769,1.375,0.3125,600.0,-0.041578,6.796253,3.311004,20
2026-02-26T17:03:38,84,-8.581539,1.0625,0.375,600.0,-0.033476,7.032351,3.311004,20
2026-02-26T17:04:37,85,-14.82245,0.6875,0.4375,600.0,-0.039528,6.683834,3.311004,20
2026-02-26T17:05:36,86,-14.822923,0.6875,0.4375,600.0,-0.039417,6.696627,3.311004,20
2026-02-26T17:06:36,87,-9.228524,1.25,0.4375,600.0,-0.046284,6.69909,3.311004,20
2026-02-26T17:07:38,88,-7.979038,1.125,0.375,600.0,-0.046477,6.800457,3.311004,20
2026-02-26T17:08:39,89,-9.846264,0.9375,0.375,600.0,-0.047139,7.620368,3.311004,20
2026-02-26T17:09:36,90,-9.840929,0.9375,0.375,600.0,-0.017286,6.526249,3.311004,20
2026-02-26T17:10:33,91,-6.109632,1.3125,0.375,600.0,-0.019541,6.509604,3.311004,20
2026-02-26T17:11:33,92,-10.482209,0.875,0.375,600.0,-0.042861,6.214708,3.311004,20
2026-02-26T17:12:29,93,0.134794,1.4375,0.25,600.0,-0.04238,6.186738,3.311004,20
2026-02-26T17:13:26,94,-11.119609,1.0625,0.4375,600.0,-0.045653,7.299701,3.311004,20
2026-02-26T17:14:26,95,-14.239097,1.0,0.5,600.0,-0.04603,5.852089,3.311004,20
2026-02-26T17:15:24,96,-3.628327,1.0625,0.25,600.0,-0.045525,7.405395,3.311004,20
2026-02-26T17:16:21,97,-7.37791,1.1875,0.375,600.0,-0.043988,6.558005,3.311004,20
2026-02-26T19:17:56,1,-17.310575,0.6875,0.5,600.0,0.029009,11.522019,-17.310575,20
2026-02-26T19:18:56,2,-34.608172,0.1875,0.8125,600.0,-0.008225,13.573842,-17.310575,20
2026-02-26T19:19:52,3,-14.577315,0.9375,0.5,600.0,-0.034141,10.067819,-14.577315,20
2026-02-26T19:20:52,4,-27.067484,0.4375,0.6875,600.0,-0.043563,11.745416,-14.577315,20
2026-02-26T19:23:00,1,-21.442953,0.5,0.5625,600.0,0.005342,11.948565,-21.442953,20
2026-02-26T19:24:00,2,-33.950421,0.25,0.8125,600.0,-0.045134,13.753169,-21.442953,20
2026-02-26T19:26:43,1,-20.831789,0.5625,0.5625,600.0,-0.027256,12.102196,-20.831789,20
2026-02-26T19:27:44,2,-33.980174,0.25,0.8125,600.0,-0.044717,14.077634,-20.831789,20
2026-02-26T19:28:42,3,-10.865696,1.0625,0.4375,600.0,-0.040517,9.037524,-10.865696,20
2026-02-26T19:29:42,4,-32.746688,0.375,0.8125,600.0,-0.043964,12.996614,-10.865696,20
2026-02-26T19:30:41,5,-24.623081,0.4375,0.625,600.0,-0.033621,10.112966,-10.865696,20
2026-02-26T19:31:40,6,-13.370527,0.8125,0.4375,600.0,-0.046004,7.762501,-10.865696,20
2026-02-26T19:32:42,7,-34.60484,0.1875,0.8125,600.0,-0.044561,10.315891,-10.865696,20
2026-02-26T19:33:40,8,-20.871487,0.5625,0.5625,600.0,-0.030622,7.866685,-10.865696,20
2026-02-26T19:34:39,9,-22.733142,0.625,0.625,600.0,-0.030777,8.638197,-10.865696,20
2026-02-26T19:35:36,10,-6.516875,1.0,0.3125,600.0,-0.047133,6.20861,-6.516875,20
2026-02-26T19:36:33,11,-9.041612,1.25,0.4375,600.0,-0.014917,8.099936,-6.516875,20
2026-02-26T19:37:32,12,-24.628426,0.4375,0.625,600.0,-0.045445,9.330769,-6.516875,20
2026-02-26T19:38:32,13,-20.282021,0.625,0.5625,600.0,-0.04687,8.54057,-6.516875,20
2026-02-26T19:39:30,14,-16.546817,0.75,0.5,600.0,-0.041882,8.446154,-6.516875,20
2026-02-26T19:40:30,15,-22.205674,0.4375,0.5625,600.0,-0.044019,7.847531,-6.516875,20
2026-02-26T19:41:28,16,-18.471898,0.5625,0.5,600.0,-0.045583,7.234859,-6.516875,20
2026-02-26T19:42:27,17,-26.58721,0.5,0.6875,600.0,-0.047079,8.759014,-6.516875,20
2026-02-26T19:43:27,18,-27.201325,0.4375,0.6875,600.0,-0.045232,8.579297,-6.516875,20
2026-02-26T19:44:25,19,-13.466876,0.8125,0.4375,600.0,-0.023413,6.810541,-6.516875,20
2026-02-26T19:45:22,20,-11.583586,1.0,0.4375,600.0,-0.045057,6.877868,-6.516875,20
2026-02-26T19:46:22,21,-23.43951,0.5625,0.625,600.0,-0.039614,7.189517,-6.516875,20
2026-02-26T20:01:31,1,1.572562,600.0,-0.047432,0.528378,1.572562,20
2026-02-26T20:01:49,2,6.536689,600.0,-0.046874,1.399491,6.536689,20
2026-02-26T20:02:07,3,2.803037,600.0,-0.045937,0.79794,6.536689,20
2026-02-26T20:02:25,4,4.066499,600.0,-0.046473,0.930227,6.536689,20
2026-02-26T20:02:43,5,2.207314,600.0,-0.046665,0.683111,6.536689,20
2026-02-26T20:03:01,6,3.456757,600.0,-0.046057,0.605879,6.536689,20
2026-02-26T20:03:19,7,1.594319,600.0,-0.04656,0.531536,6.536689,20
2026-02-26T20:03:37,8,7.809617,600.0,-0.046491,0.962535,7.809617,20
2026-02-26T20:03:55,9,2.209329,600.0,-0.046807,0.55827,7.809617,20
2026-02-26T20:04:13,10,6.580637,600.0,-0.04609,1.091975,7.809617,20
2026-02-26T20:04:31,11,0.955941,600.0,-0.046268,0.580838,7.809617,20
2026-02-26T20:04:49,12,2.817915,600.0,-0.046485,0.540145,7.809617,20
2026-02-26T20:05:08,13,2.813703,600.0,-0.047693,0.717649,7.809617,20
2026-02-26T20:05:27,14,1.587453,600.0,-0.047245,0.450241,7.809617,20
2026-02-26T20:05:45,15,5.964025,600.0,-0.045206,0.643225,7.809617,20
2026-02-26T20:06:04,16,2.21108,600.0,-0.046839,0.805378,7.809617,20
2026-02-26T20:06:21,17,2.209707,600.0,-0.046461,0.327064,7.809617,20
2026-02-26T20:06:38,18,5.927564,600.0,-0.046366,0.73542,7.809617,20
2026-02-26T20:06:54,19,4.036645,600.0,-0.047185,1.010997,7.809617,20
2026-02-26T20:07:11,20,4.056863,600.0,-0.046182,0.530492,7.809617,20
2026-02-26T20:07:28,21,7.809576,600.0,-0.047029,0.947081,7.809617,20
2026-02-26T20:07:45,22,3.42219,600.0,-0.046145,0.474057,7.809617,20
2026-02-26T20:08:02,23,6.524392,600.0,-0.046494,0.884361,7.809617,20
2026-02-26T20:08:20,24,1.525009,600.0,-0.047283,0.490452,7.809617,20
2026-02-26T20:08:37,25,1.532075,600.0,-0.048032,0.44829,7.809617,20
2026-02-26T20:08:53,26,0.294943,600.0,-0.046609,0.286322,7.809617,20
2026-02-26T20:09:11,27,2.157419,600.0,-0.04644,0.497931,7.809617,20
2026-02-26T20:09:28,28,2.158776,600.0,-0.04715,0.471239,7.809617,20
2026-02-26T20:09:45,29,5.877988,600.0,-0.046242,0.75192,7.809617,20
2026-02-26T20:10:01,30,1.535693,600.0,-0.048717,0.700117,7.809617,20
2026-02-26T20:10:18,31,0.912263,600.0,-0.046543,0.647432,7.809617,20
2026-02-26T20:10:35,32,1.526493,600.0,-0.046433,0.556567,7.809617,20
2026-02-26T20:10:52,33,2.784315,600.0,-0.046198,0.78367,7.809617,20
2026-02-26T20:11:09,34,3.996778,600.0,-0.047385,0.648844,7.809617,20
2026-02-26T20:11:26,35,-0.371971,600.0,-0.046395,0.36899,7.809617,20
2026-02-26T20:11:43,36,0.881866,600.0,-0.046837,0.433151,7.809617,20
2026-02-26T20:11:59,37,1.48732,600.0,-0.048176,0.479011,7.809617,20
2026-02-26T20:12:16,38,2.125459,600.0,-0.047109,0.724697,7.809617,20
2026-02-26T20:12:33,39,2.746207,600.0,-0.047992,0.633014,7.809617,20
2026-02-26T20:12:50,40,4.003702,600.0,-0.047487,0.595782,7.809617,20
2026-02-26T20:13:06,41,4.636228,600.0,-0.046957,0.476725,7.809617,20
2026-02-26T20:13:23,42,2.153968,600.0,-0.047359,0.517575,7.809617,20
2026-02-26T20:13:40,43,2.153135,600.0,-0.047268,0.603815,7.809617,20
2026-02-26T20:13:57,44,4.032504,600.0,-0.048413,0.618752,7.809617,20
2026-02-26T20:14:13,45,0.906848,600.0,-0.047093,0.423217,7.809617,20
2026-02-26T20:14:30,46,5.265897,600.0,-0.048308,0.804048,7.809617,20
2026-02-26T20:14:47,47,3.990123,600.0,-0.048224,0.516331,7.809617,20
2026-02-26T20:15:04,48,5.868055,600.0,-0.047365,0.595263,7.809617,20
2026-02-26T20:15:21,49,3.993702,600.0,-0.047394,0.57701,7.809617,20
2026-02-26T20:15:38,50,2.122353,600.0,-0.046879,0.68365,7.809617,20
2026-02-26T20:15:55,51,1.499375,600.0,-0.047736,0.351482,7.809617,20
2026-02-26T20:16:12,52,2.732867,600.0,-0.046961,0.73218,7.809617,20
2026-02-26T20:16:29,53,4.595351,600.0,-0.048443,0.690358,7.809617,20
2026-02-26T20:16:46,54,4.590331,600.0,-0.047814,0.66857,7.809617,20
2026-02-26T20:17:02,55,5.204955,600.0,-0.047234,0.660509,7.809617,20
2026-02-26T20:17:19,56,0.837878,600.0,-0.046811,0.493741,7.809617,20
2026-02-26T20:17:36,57,7.084975,600.0,-0.048421,0.777354,7.809617,20
2026-02-26T20:17:52,58,3.339297,600.0,-0.048107,0.514149,7.809617,20
2026-02-26T20:18:09,59,2.736624,600.0,-0.047888,0.537424,7.809617,20
2026-02-26T20:18:26,60,3.364264,600.0,-0.048,0.595211,7.809617,20
2026-02-26T20:18:42,61,7.740245,600.0,-0.047704,0.815939,7.809617,20
2026-02-26T20:18:59,62,7.113083,600.0,-0.048073,0.983751,7.809617,20
2026-02-26T20:19:16,63,7.741525,600.0,-0.04848,0.574692,7.809617,20
2026-02-26T20:19:32,64,2.763418,600.0,-0.048315,0.669627,7.809617,20
2026-02-26T20:19:49,65,3.384643,600.0,-0.04771,0.640384,7.809617,20
2026-02-26T20:20:06,66,0.893376,600.0,-0.048445,0.369822,7.809617,20
2026-02-26T20:20:23,67,2.774519,600.0,-0.048702,0.3759,7.809617,20
2026-02-26T20:20:40,68,9.002423,600.0,-0.049075,0.873489,9.002423,20
2026-02-26T20:20:56,69,6.521709,600.0,-0.049215,0.550135,9.002423,20
2026-02-26T20:21:13,70,5.287909,600.0,-0.049343,0.523987,9.002423,20
2026-02-26T20:21:30,71,5.299092,600.0,-0.048199,0.812878,9.002423,20
2026-02-26T20:21:47,72,4.058884,600.0,-0.048122,0.680198,9.002423,20
2026-02-26T20:22:03,73,4.044399,600.0,-0.048551,0.771888,9.002423,20
2026-02-26T20:22:20,74,7.158472,600.0,-0.048706,0.893899,9.002423,20
2026-02-26T20:22:37,75,7.164074,600.0,-0.048791,0.545707,9.002423,20
2026-02-26T20:22:54,76,6.534549,600.0,-0.04911,0.675415,9.002423,20
2026-02-26T20:23:11,77,5.299132,600.0,-0.049415,0.577389,9.002423,20
2026-02-26T20:23:29,78,5.283762,600.0,-0.0486,0.555043,9.002423,20
2026-02-26T20:23:46,79,7.77452,600.0,-0.048677,0.733377,9.002423,20
2026-02-26T20:24:03,80,8.378643,600.0,-0.048933,0.385968,9.002423,20
2026-02-26T20:24:20,81,4.022226,600.0,-0.048593,0.881878,9.002423,20
2026-02-26T20:24:37,82,7.146251,600.0,-0.049356,0.761583,9.002423,20
2026-02-26T20:24:54,83,5.914695,600.0,-0.04883,0.49912,9.002423,20
2026-02-26T20:25:10,84,9.026136,600.0,-0.050032,0.533814,9.026136,20
2026-02-26T20:25:27,85,7.787926,600.0,-0.050629,0.644594,9.026136,20
2026-02-26T20:25:44,86,4.670033,600.0,-0.048661,0.50383,9.026136,20
2026-02-26T20:26:01,87,8.410214,600.0,-0.049785,0.37985,9.026136,20
2026-02-26T20:26:18,88,10.881988,600.0,-0.048061,0.744482,10.881988,20
2026-02-26T20:26:35,89,7.152711,600.0,-0.050299,0.908334,10.881988,20
2026-02-26T20:26:52,90,10.259485,600.0,-0.049284,0.879488,10.881988,20
2026-02-26T20:27:08,91,8.369215,600.0,-0.049347,0.643426,10.881988,20
2026-02-26T20:27:25,92,11.490925,600.0,-0.049468,0.641472,11.490925,20
2026-02-26T20:27:43,93,16.463442,600.0,-0.04874,1.173812,16.463442,20
2026-02-26T20:28:02,94,8.994875,600.0,-0.049223,0.577968,16.463442,20
2026-02-26T20:28:19,95,7.750825,600.0,-0.048874,0.406391,16.463442,20
2026-02-26T20:28:36,96,8.982583,600.0,-0.049244,0.667635,16.463442,20
2026-02-26T20:28:53,97,1.507573,600.0,-0.046303,0.542746,16.463442,20
2026-02-26T20:29:10,98,8.363143,600.0,-0.04917,0.534754,16.463442,20
2026-02-26T20:29:29,99,12.723729,600.0,-0.049172,0.536466,16.463442,20
2026-02-26T20:29:48,100,7.129649,600.0,-0.049667,0.613395,16.463442,20
2026-02-26T20:30:07,101,8.369746,600.0,-0.048407,1.003717,16.463442,20
2026-02-26T20:30:25,102,8.973741,600.0,-0.049226,0.802871,16.463442,20
2026-02-26T20:30:42,103,7.736453,600.0,-0.050149,0.55819,16.463442,20
2026-02-26T20:31:02,104,13.978912,600.0,-0.049244,0.893804,16.463442,20
2026-02-26T20:31:21,105,11.492202,600.0,-0.048728,0.535679,16.463442,20
2026-02-26T20:31:39,106,11.470294,600.0,-0.049211,0.623703,16.463442,20
2026-02-26T20:31:59,107,8.383893,600.0,-0.049828,0.432139,16.463442,20
2026-02-26T20:32:18,108,10.2536,600.0,-0.048877,0.618371,16.463442,20
2026-02-26T20:32:37,109,8.373989,600.0,-0.050366,0.544177,16.463442,20
2026-02-26T20:32:56,110,13.990467,600.0,-0.048255,0.78821,16.463442,20
2026-02-26T20:33:15,111,14.628812,600.0,-0.049731,1.042859,16.463442,20
2026-02-26T20:33:35,112,15.261651,600.0,-0.049973,1.130389,16.463442,20
2026-02-26T20:33:54,113,10.294839,600.0,-0.051216,0.568315,16.463442,20
2026-02-26T20:34:11,114,12.155151,600.0,-0.050632,0.807953,16.463442,20
2026-02-26T20:34:29,115,10.918562,600.0,-0.049922,0.615133,16.463442,20
2026-02-26T20:34:49,116,12.782776,600.0,-0.050184,0.677027,16.463442,20
2026-02-26T20:35:07,117,11.528698,600.0,-0.050639,0.63434,16.463442,20
2026-02-26T20:35:24,118,9.657225,600.0,-0.049699,0.540181,16.463442,20
2026-02-26T20:35:41,119,11.542096,600.0,-0.050479,0.834182,16.463442,20
2026-02-26T20:35:59,120,9.682583,600.0,-0.048865,0.638004,16.463442,20
2026-02-26T20:36:18,121,13.421252,600.0,-0.049917,0.807002,16.463442,20
2026-02-26T20:36:37,122,9.710563,600.0,-0.049251,0.483546,16.463442,20
2026-02-26T20:36:57,123,10.946714,600.0,-0.050226,1.025368,16.463442,20
2026-02-26T20:37:14,124,15.321088,600.0,-0.049743,0.798985,16.463442,20
2026-02-26T20:37:33,125,10.953044,600.0,-0.050201,0.582239,16.463442,20
2026-02-26T20:37:50,126,16.5686,600.0,-0.049417,1.120032,16.5686,20
2026-02-26T20:38:07,127,16.579129,600.0,-0.049883,1.0848,16.579129,20
2026-02-26T20:38:25,128,14.060973,600.0,-0.049405,0.51901,16.579129,20
2026-02-26T20:38:43,129,15.287838,600.0,-0.050832,0.602827,16.579129,20
2026-02-26T20:39:02,130,19.02777,600.0,-0.051013,1.319354,19.02777,20
2026-02-26T20:39:20,131,14.677341,600.0,-0.050711,0.671807,19.02777,20
2026-02-26T20:39:38,132,16.533548,600.0,-0.050973,1.024238,19.02777,20
2026-02-26T20:39:57,133,12.769023,600.0,-0.049111,0.794848,19.02777,20
2026-02-26T20:40:16,134,12.78169,600.0,-0.049509,0.47767,19.02777,20
2026-02-26T20:40:35,135,17.741545,600.0,-0.032464,1.207176,19.02777,20
2026-02-26T20:40:55,136,22.761125,600.0,-0.049836,1.084034,22.761125,20
2026-02-26T20:41:15,137,19.656591,600.0,-0.048638,0.994137,22.761125,20
2026-02-26T20:41:32,138,21.521929,600.0,-0.05057,0.84877,22.761125,20
2026-02-26T20:41:49,139,13.426939,600.0,-0.049433,0.766511,22.761125,20
2026-02-26T20:42:07,140,17.166692,600.0,-0.050347,0.621066,22.761125,20
2026-02-26T20:42:24,141,13.404449,600.0,-0.050247,0.753151,22.761125,20
2026-02-26T20:42:43,142,14.625945,600.0,-0.049698,0.65608,22.761125,20
2026-02-26T20:43:02,143,19.60115,600.0,-0.048277,0.958776,22.761125,20
2026-02-26T20:43:20,144,17.720291,600.0,-0.050217,0.945025,22.761125,20
2026-02-26T20:43:37,145,15.253902,600.0,-0.050815,0.866029,22.761125,20
2026-02-26T20:43:53,146,17.10599,600.0,-0.049862,0.893211,22.761125,20
2026-02-26T20:44:10,147,19.594137,600.0,-0.050057,0.704732,22.761125,20
2026-02-26T20:44:27,148,17.108261,600.0,-0.050298,1.087786,22.761125,20
2026-02-26T20:44:44,149,16.487175,600.0,-0.049358,0.857451,22.761125,20
2026-02-26T20:45:01,150,14.644964,600.0,-0.049325,1.018314,22.761125,20
2026-02-26T20:45:19,151,16.501855,600.0,-0.049925,0.85717,22.761125,20
2026-02-26T20:45:36,152,18.364212,600.0,-0.050366,0.652803,22.761125,20
2026-02-26T20:45:54,153,21.475114,600.0,-0.051157,0.866435,22.761125,20
2026-02-26T20:46:11,154,13.989883,600.0,-0.051255,0.776711,22.761125,20
2026-02-26T20:46:27,155,11.521533,600.0,-0.050633,0.643229,22.761125,20
2026-02-26T20:46:44,156,18.983392,600.0,-0.050132,0.963443,22.761125,20
2026-02-26T20:47:01,157,19.583552,600.0,-0.050104,1.046326,22.761125,20
2026-02-26T20:47:18,158,13.983096,600.0,-0.0523,0.53144,22.761125,20
2026-02-26T20:47:34,159,19.589239,600.0,-0.0506,0.785885,22.761125,20
2026-02-26T20:47:51,160,20.243625,600.0,-0.049887,0.995325,22.761125,20
2026-02-26T20:48:08,161,25.209895,600.0,-0.05263,0.891734,25.209895,20
2026-02-26T20:48:25,162,17.115446,600.0,-0.038251,1.06928,25.209895,20
2026-02-26T20:48:42,163,19.553679,600.0,-0.050466,0.853941,25.209895,20
2026-02-26T20:48:59,164,20.82417,600.0,-0.050772,0.859403,25.209895,20
2026-02-26T20:49:16,165,18.309998,600.0,-0.050866,0.747928,25.209895,20
2026-02-26T20:49:33,166,10.222585,600.0,-0.04971,1.21766,25.209895,20
2026-02-26T20:49:52,167,20.178714,600.0,-0.052713,0.618679,25.209895,20
2026-02-26T20:50:11,168,15.177094,600.0,-0.050061,0.970353,25.209895,20
2026-02-26T20:50:28,169,12.699596,600.0,-0.050732,0.773885,25.209895,20
2026-02-26T20:50:46,170,25.157243,600.0,-0.050794,1.18019,25.209895,20
2026-02-26T20:51:04,171,16.457706,600.0,-0.049899,0.986257,25.209895,20
2026-02-26T20:51:21,172,11.490628,600.0,-0.051109,0.763377,25.209895,20
2026-02-26T20:51:38,173,17.728411,600.0,-0.05058,0.941447,25.209895,20
2026-02-26T20:51:56,174,15.86989,600.0,-0.051298,0.616115,25.209895,20
2026-02-26T20:52:17,175,22.080453,600.0,-0.049576,1.407045,25.209895,20
2026-02-26T20:52:36,176,13.990128,600.0,-0.051501,0.621346,25.209895,20
2026-02-26T20:52:56,177,17.735872,600.0,-0.05124,0.744922,25.209895,20
2026-02-26T20:53:13,178,16.50338,600.0,-0.052764,0.646309,25.209895,20
2026-02-26T20:53:30,179,18.341238,600.0,-0.049158,0.607257,25.209895,20
2026-02-26T20:53:47,180,16.479514,600.0,-0.048991,0.541639,25.209895,20
2026-02-26T20:54:05,181,21.428355,600.0,-0.052246,0.716673,25.209895,20
2026-02-26T20:54:25,182,20.166793,600.0,-0.049256,1.143868,25.209895,20
2026-02-26T20:54:45,183,20.80396,600.0,-0.050933,0.845523,25.209895,20
2026-02-26T20:55:02,184,15.814639,600.0,-0.049673,0.743053,25.209895,20
2026-02-26T20:55:20,185,18.928412,600.0,-0.050659,0.850083,25.209895,20
2026-02-26T20:55:37,186,17.684736,600.0,-0.050499,0.991783,25.209895,20
2026-02-26T20:55:54,187,21.425921,600.0,-0.05057,1.279355,25.209895,20
2026-02-26T20:56:14,188,19.550627,600.0,-0.051601,1.228121,25.209895,20
2026-02-26T20:56:31,189,19.534939,600.0,-0.051774,1.213805,25.209895,20
2026-02-26T20:56:49,190,18.91558,600.0,-0.050605,1.145554,25.209895,20
2026-02-26T20:57:06,191,17.685408,600.0,-0.050606,0.83186,25.209895,20
2026-02-26T20:57:22,192,23.291761,600.0,-0.05191,0.880155,25.209895,20
2026-02-26T20:57:40,193,20.178152,600.0,-0.050801,0.91749,25.209895,20
2026-02-26T20:57:56,194,18.953027,600.0,-0.052383,0.626869,25.209895,20
2026-02-26T20:58:13,195,20.827539,600.0,-0.050877,0.994628,25.209895,20
2026-02-26T20:58:30,196,18.322086,600.0,-0.051205,0.988092,25.209895,20
2026-02-26T20:58:46,197,17.670397,600.0,-0.051067,0.910396,25.209895,20
2026-02-26T20:59:03,198,15.15994,600.0,-0.051171,0.944844,25.209895,20
2026-02-26T20:59:20,199,6.451262,600.0,-0.050406,0.66208,25.209895,20
2026-02-26T20:59:37,200,19.531179,600.0,-0.052204,0.947541,25.209895,20
2026-02-26T20:59:54,201,18.304875,600.0,-0.051082,0.81033,25.209895,20
2026-02-26T21:00:11,202,13.317112,600.0,-0.051613,0.80518,25.209895,20
2026-02-26T21:00:27,203,18.947216,600.0,-0.050364,0.666505,25.209895,20
2026-02-26T21:00:44,204,20.185301,600.0,-0.05142,1.124699,25.209895,20
2026-02-26T21:01:01,205,20.189708,600.0,-0.0516,0.977675,25.209895,20
2026-02-26T21:01:18,206,19.557906,600.0,-0.051556,0.87423,25.209895,20
2026-02-26T21:01:35,207,17.064614,600.0,-0.050104,0.925759,25.209895,20
2026-02-26T21:01:51,208,13.323084,600.0,-0.049593,0.52896,25.209895,20
2026-02-26T21:02:08,209,16.438253,600.0,-0.052092,0.459948,25.209895,20
2026-02-26T21:02:25,210,17.672994,600.0,-0.051082,0.871074,25.209895,20
2026-02-26T21:02:42,211,16.431524,600.0,-0.05413,0.850276,25.209895,20
2026-02-26T21:02:59,212,20.77128,600.0,-0.050934,0.831787,25.209895,20
2026-02-26T21:03:15,213,20.153562,600.0,-0.05149,0.666652,25.209895,20
2026-02-26T21:03:32,214,13.310292,600.0,-0.051124,0.79257,25.209895,20
2026-02-26T21:03:48,215,17.6729,600.0,-0.051863,0.774837,25.209895,20
2026-02-26T21:04:05,216,22.044923,600.0,-0.05243,1.090451,25.209895,20
2026-02-26T21:04:21,217,19.558891,600.0,-0.051854,1.271559,25.209895,20
2026-02-26T21:04:38,218,14.558039,600.0,-0.049768,0.838859,25.209895,20
2026-02-26T21:04:55,219,18.290878,600.0,-0.051748,0.928262,25.209895,20
2026-02-26T21:05:11,220,20.16454,600.0,-0.051843,0.813666,25.209895,20
2026-02-26T21:05:28,221,22.050805,600.0,-0.051623,1.207228,25.209895,20
2026-02-26T21:05:45,222,15.18578,600.0,-0.05323,0.856033,25.209895,20
2026-02-26T21:06:01,223,22.666397,600.0,-0.052876,0.733147,25.209895,20
2026-02-26T21:06:18,224,16.421154,600.0,-0.052597,0.865125,25.209895,20
2026-02-26T21:06:35,225,17.659452,600.0,-0.05074,0.929699,25.209895,20
2026-02-26T21:06:52,226,15.788963,600.0,-0.051732,1.008107,25.209895,20
2026-02-26T21:07:08,227,20.160434,600.0,-0.051706,1.016194,25.209895,20
2026-02-26T21:07:25,228,13.938403,600.0,-0.051621,0.890483,25.209895,20
2026-02-26T21:07:42,229,16.420405,600.0,-0.05209,1.039908,25.209895,20
2026-02-26T21:07:58,230,17.036865,600.0,-0.052799,0.81504,25.209895,20
2026-02-26T21:08:16,231,23.267665,600.0,-0.051508,0.898205,25.209895,20
2026-02-26T21:08:32,232,17.638607,600.0,-0.052056,0.966649,25.209895,20
2026-02-26T21:08:50,233,18.879994,600.0,-0.051679,1.108683,25.209895,20
2026-02-26T21:09:07,234,22.006365,600.0,-0.052182,0.915104,25.209895,20
2026-02-26T21:09:23,235,16.399058,600.0,-0.051281,0.783276,25.209895,20
2026-02-26T21:09:40,236,21.383844,600.0,-0.051944,0.859559,25.209895,20
2026-02-26T21:09:57,237,17.63435,600.0,-0.052452,0.591476,25.209895,20
2026-02-26T21:10:14,238,20.116661,600.0,-0.052653,0.929379,25.209895,20
2026-02-26T21:10:32,239,20.11881,600.0,-0.051846,0.740445,25.209895,20
2026-02-26T21:10:49,240,20.735465,600.0,-0.05129,0.933704,25.209895,20
2026-02-26T21:11:06,241,19.490967,600.0,-0.053066,1.204761,25.209895,20
2026-02-26T21:11:23,242,15.129467,600.0,-0.052706,0.694844,25.209895,20
2026-02-26T21:11:40,243,16.359712,600.0,-0.051362,0.665117,25.209895,20
2026-02-26T21:11:56,244,18.855322,600.0,-0.052473,0.757546,25.209895,20
2026-02-26T21:12:13,245,18.212329,600.0,-0.054732,0.806776,25.209895,20
2026-02-26T21:12:30,246,13.845768,600.0,-0.050927,0.736945,25.209895,20
2026-02-26T21:12:47,247,12.588214,600.0,-0.051735,0.517525,25.209895,20
2026-02-26T21:13:04,248,12.605745,600.0,-0.051528,0.658631,25.209895,20
2026-02-26T21:13:20,249,13.220818,600.0,-0.052047,0.810901,25.209895,20
2026-02-26T21:13:37,250,18.840611,600.0,-0.049414,0.529932,25.209895,20
2026-02-26T21:13:54,251,15.098761,600.0,-0.052371,0.946676,25.209895,20
2026-02-26T21:14:11,252,12.587572,600.0,-0.050536,0.70561,25.209895,20
2026-02-26T21:14:28,253,21.321049,600.0,-0.05142,0.912028,25.209895,20
2026-02-26T21:14:45,254,18.818041,600.0,-0.051945,1.052164,25.209895,20
2026-02-26T21:15:02,255,15.694934,600.0,-0.052259,0.771927,25.209895,20
2026-02-26T21:15:20,256,17.557918,600.0,-0.052247,1.029729,25.209895,20
2026-02-26T21:15:37,257,18.820066,600.0,-0.052703,0.832978,25.209895,20
2026-02-26T21:15:54,258,15.068331,600.0,-0.052362,0.886011,25.209895,20
2026-02-26T21:16:12,259,18.159009,600.0,-0.051778,0.923458,25.209895,20
2026-02-26T21:16:28,260,16.292433,600.0,-0.05444,0.947888,25.209895,20
2026-02-26T21:16:45,261,13.812876,600.0,-0.052039,0.673904,25.209895,20
2026-02-26T21:17:02,262,23.18644,600.0,-0.050776,1.025277,25.209895,20
2026-02-26T21:17:19,263,16.318658,600.0,-0.053757,0.726176,25.209895,20
2026-02-26T21:17:36,264,15.069819,600.0,-0.053073,0.69462,25.209895,20
2026-02-26T21:17:53,265,20.667643,600.0,-0.052342,0.861167,25.209895,20
2026-02-26T21:18:10,266,16.926987,600.0,-0.052201,0.77841,25.209895,20
2026-02-26T21:18:26,267,19.406309,600.0,-0.054063,0.725655,25.209895,20
2026-02-26T21:18:44,268,23.13733,600.0,-0.051564,0.704132,25.209895,20
2026-02-26T21:19:03,269,18.156871,600.0,-0.05348,1.485671,25.209895,20
2026-02-26T21:19:20,270,23.134025,600.0,-0.053158,0.989443,25.209895,20
2026-02-26T21:19:39,271,16.290887,600.0,-0.051549,0.829725,25.209895,20
2026-02-26T21:19:56,272,19.410229,600.0,-0.0547,0.828106,25.209895,20
2026-02-26T21:20:13,273,15.024302,600.0,-0.052574,0.702412,25.209895,20
2026-02-26T21:20:31,274,20.005676,600.0,-0.053514,0.806322,25.209895,20
2026-02-26T21:20:48,275,16.260565,600.0,-0.051672,0.865293,25.209895,20
2026-02-26T21:21:05,276,8.773233,600.0,-0.052731,0.694918,25.209895,20
2026-02-26T21:21:22,277,20.613534,600.0,-0.051563,0.941844,25.209895,20
2026-02-26T21:21:39,278,12.500952,600.0,-0.05373,0.683613,25.209895,20
2026-02-26T21:21:55,279,12.507602,600.0,-0.052868,0.812973,25.209895,20
2026-02-26T21:22:12,280,13.134215,600.0,-0.052886,0.715292,25.209895,20
2026-02-26T21:22:29,281,8.764306,600.0,-0.053182,0.532938,25.209895,20
2026-02-26T21:22:46,282,13.746908,600.0,-0.051555,0.643882,25.209895,20
2026-02-26T21:23:02,283,11.870671,600.0,-0.053302,0.585755,25.209895,20
2026-02-26T21:23:19,284,14.370518,600.0,-0.055232,0.992474,25.209895,20
2026-02-26T21:23:36,285,13.12253,600.0,-0.052199,0.62521,25.209895,20
2026-02-26T21:23:53,286,11.864084,600.0,-0.052178,0.689482,25.209895,20
2026-02-26T21:24:10,287,17.49037,600.0,-0.052261,1.007984,25.209895,20
2026-02-26T21:24:27,288,15.623044,600.0,-0.053512,0.629428,25.209895,20
2026-02-26T21:24:43,289,20.627074,600.0,-0.05318,1.215824,25.209895,20
2026-02-26T21:25:00,290,19.382362,600.0,-0.052123,0.723688,25.209895,20
2026-02-26T21:25:17,291,16.269947,600.0,-0.05235,0.813707,25.209895,20
2026-02-26T21:25:33,292,19.376523,600.0,-0.053527,1.329394,25.209895,20
2026-02-26T21:25:50,293,19.372696,600.0,-0.053233,0.929625,25.209895,20
2026-02-26T21:26:07,294,18.74359,600.0,-0.053101,0.836788,25.209895,20
2026-02-26T21:26:24,295,13.743865,600.0,-0.053411,0.759927,25.209895,20
2026-02-26T21:26:40,296,15.596287,600.0,-0.054313,0.574267,25.209895,20
2026-02-26T21:26:57,297,15.611143,600.0,-0.052145,0.802783,25.209895,20
2026-02-26T21:27:14,298,20.607595,600.0,-0.054583,1.767911,25.209895,20
2026-02-26T21:27:31,299,21.248049,600.0,-0.053487,1.134141,25.209895,20
2026-02-26T21:27:47,300,19.37672,600.0,-0.053292,0.891052,25.209895,20
2026-02-26T21:28:04,301,17.50558,600.0,-0.05343,0.779895,25.209895,20
2026-02-26T21:28:20,302,18.114887,600.0,-0.053312,1.38558,25.209895,20
2026-02-26T21:28:37,303,19.347892,600.0,-0.054028,0.592377,25.209895,20
2026-02-26T21:28:53,304,14.374051,600.0,-0.053393,0.835261,25.209895,20
2026-02-26T21:29:09,305,18.138096,600.0,-0.053617,0.723767,25.209895,20
2026-02-26T21:29:26,306,18.765666,600.0,-0.053374,0.70857,25.209895,20
2026-02-26T21:29:46,307,19.396736,600.0,-0.054946,0.859186,25.209895,20
2026-02-26T21:30:05,308,19.99829,600.0,-0.053612,1.371099,25.209895,20
2026-02-26T21:30:22,309,25.004251,600.0,-0.054898,1.078728,25.209895,20
2026-02-26T21:30:40,310,18.776741,600.0,-0.048729,1.262366,25.209895,20
2026-02-26T21:30:58,311,18.762466,600.0,-0.053745,1.031097,25.209895,20
2026-02-26T21:31:17,312,21.894798,600.0,-0.053547,0.991717,25.209895,20
2026-02-26T21:31:35,313,22.518218,600.0,-0.054515,0.728779,25.209895,20
2026-02-26T21:31:52,314,16.285924,600.0,-0.053711,0.808907,25.209895,20
2026-02-26T21:32:09,315,20.655575,600.0,-0.052832,0.705866,25.209895,20
2026-02-26T21:32:26,316,23.788444,600.0,-0.053694,0.820763,25.209895,20
2026-02-26T21:32:45,317,21.920219,600.0,-0.054999,1.174201,25.209895,20
2026-02-26T21:33:02,318,19.43504,600.0,-0.054866,0.893468,25.209895,20
2026-02-26T21:33:19,319,25.036772,600.0,-0.053641,0.834038,25.209895,20
2026-02-26T21:33:36,320,18.186285,600.0,-0.054909,0.797365,25.209895,20
2026-02-26T21:33:53,321,28.162858,600.0,-0.055145,0.98837,28.162858,20
2026-02-26T21:34:10,322,19.421215,600.0,-0.054696,0.871748,28.162858,20
2026-02-26T21:34:27,323,18.786851,600.0,-0.055143,0.837951,28.162858,20
2026-02-26T21:34:44,324,21.293924,600.0,-0.056316,0.82634,28.162858,20
2026-02-26T21:35:02,325,22.539095,600.0,-0.053972,0.999646,28.162858,20
2026-02-26T21:35:20,326,25.666248,600.0,-0.053081,1.143296,28.162858,20
2026-02-26T21:35:37,327,28.147342,600.0,-0.054276,1.451817,28.162858,20
2026-02-26T21:35:55,328,15.69981,600.0,-0.050598,0.631156,28.162858,20
2026-02-26T21:36:12,329,22.56044,600.0,-0.052814,1.333703,28.162858,20
2026-02-26T21:36:30,330,16.953689,600.0,-0.054953,0.914179,28.162858,20
2026-02-26T21:36:49,331,21.94158,600.0,-0.053549,0.790314,28.162858,20
2026-02-26T21:37:08,332,26.31295,600.0,-0.055283,1.060429,28.162858,20
2026-02-26T21:37:26,333,25.676262,600.0,-0.054494,0.99474,28.162858,20
2026-02-26T21:37:43,334,23.810276,600.0,-0.054421,1.047817,28.162858,20
2026-02-26T21:37:59,335,16.960407,600.0,-0.053761,1.314777,28.162858,20
2026-02-26T21:38:16,336,20.712402,600.0,-0.05528,0.76183,28.162858,20
2026-02-26T21:38:33,337,20.709735,600.0,-0.054066,1.033749,28.162858,20
2026-02-26T21:38:50,338,18.839418,600.0,-0.054756,0.831799,28.162858,20
2026-02-26T21:39:07,339,25.712512,600.0,-0.053889,1.12716,28.162858,20
2026-02-26T21:39:23,340,16.358941,600.0,-0.053909,0.882831,28.162858,20
2026-02-26T21:39:40,341,18.857645,600.0,-0.055957,0.64804,28.162858,20
2026-02-26T21:39:56,342,26.325617,600.0,-0.047319,0.983625,28.162858,20
2026-02-26T21:40:13,343,23.833079,600.0,-0.054336,0.755431,28.162858,20
2026-02-26T21:40:30,344,25.694493,600.0,-0.053557,0.812476,28.162858,20
2026-02-26T21:40:46,345,28.824109,600.0,-0.055126,1.272539,28.824109,20
2026-02-26T21:41:03,346,26.935064,600.0,-0.053849,0.961551,28.824109,20
2026-02-26T21:41:19,347,30.066809,600.0,-0.05471,1.189818,30.066809,20
2026-02-26T21:41:36,348,28.825595,600.0,-0.053931,1.05846,30.066809,20
2026-02-26T21:41:53,349,31.327901,600.0,-0.054709,1.183399,31.327901,20
2026-02-26T21:42:10,350,31.312411,600.0,-0.052698,1.070336,31.327901,20
2026-02-26T21:42:27,351,24.467031,600.0,-0.052877,0.654544,31.327901,20
2026-02-26T21:42:44,352,31.340004,600.0,-0.055174,1.105118,31.340004,20
2026-02-26T21:43:02,353,31.33375,600.0,-0.054589,0.896206,31.340004,20
2026-02-26T21:43:21,354,20.102933,600.0,-0.042124,0.601028,31.340004,20
2026-02-26T21:43:39,355,31.298234,600.0,-0.0537,1.296039,31.340004,20
2026-02-26T21:43:56,356,25.060794,600.0,-0.054033,0.886755,31.340004,20
2026-02-26T21:44:12,357,23.184163,600.0,-0.054411,0.763108,31.340004,20
2026-02-26T21:44:29,358,28.170522,600.0,-0.05359,0.972354,31.340004,20
2026-02-26T21:44:46,359,28.175682,600.0,-0.055552,1.181486,31.340004,20
2026-02-26T21:45:03,360,26.307883,600.0,-0.053735,1.037911,31.340004,20
2026-02-26T21:45:20,361,18.817597,600.0,-0.054934,0.877825,31.340004,20
2026-02-26T21:45:36,362,23.814954,600.0,-0.054841,0.838405,31.340004,20
2026-02-26T21:45:52,363,30.670715,600.0,-0.053855,1.03724,31.340004,20
2026-02-26T21:46:09,364,23.196494,600.0,-0.054124,1.183062,31.340004,20
2026-02-26T21:46:25,365,26.933197,600.0,-0.054552,1.099208,31.340004,20
2026-02-26T21:46:42,366,28.185669,600.0,-0.053953,0.828733,31.340004,20
2026-02-26T21:46:59,367,25.668109,600.0,-0.054853,0.702396,31.340004,20
2026-02-26T21:47:16,368,26.315035,600.0,-0.056081,0.83641,31.340004,20
2026-02-26T21:47:33,369,28.81573,600.0,-0.049723,1.080547,31.340004,20
2026-02-26T21:47:50,370,26.93918,600.0,-0.053293,1.072048,31.340004,20
2026-02-26T21:48:07,371,28.822183,600.0,-0.055532,1.354516,31.340004,20
2026-02-26T21:48:24,372,28.190848,600.0,-0.05288,0.949816,31.340004,20
2026-02-26T21:48:41,373,33.169606,600.0,-0.049873,1.140957,33.169606,20
2026-02-26T21:48:58,374,21.325103,600.0,-0.055085,0.78039,33.169606,20
2026-02-26T21:49:15,375,21.329762,600.0,-0.055219,1.008567,33.169606,20
2026-02-26T21:49:31,376,26.333121,600.0,-0.055221,0.985386,33.169606,20
2026-02-26T21:49:48,377,30.696761,600.0,-0.055304,1.670122,33.169606,20
2026-02-26T21:50:04,378,26.329639,600.0,-0.055513,0.947124,33.169606,20
2026-02-26T21:50:21,379,25.696443,600.0,-0.054458,0.814231,33.169606,20
2026-02-26T21:50:38,380,31.316384,600.0,-0.054242,1.046726,33.169606,20
2026-02-26T21:50:55,381,31.293731,600.0,-0.055027,1.191725,33.169606,20
2026-02-26T21:51:11,382,26.924698,600.0,-0.052989,0.863049,33.169606,20
2026-02-26T21:51:28,383,31.290322,600.0,-0.055107,1.550832,33.169606,20
2026-02-26T21:51:44,384,36.903556,600.0,-0.055603,1.314413,36.903556,20
2026-02-26T21:52:01,385,25.047184,600.0,-0.054959,0.89778,36.903556,20
2026-02-26T21:52:17,386,19.446315,600.0,-0.055308,0.933277,36.903556,20
2026-02-26T21:52:34,387,26.304981,600.0,-0.054586,0.874972,36.903556,20
2026-02-26T21:52:52,388,25.681801,600.0,-0.055274,0.953952,36.903556,20
2026-02-26T21:53:10,389,22.562409,600.0,-0.053575,0.748329,36.903556,20
2026-02-26T21:53:27,390,25.6943,600.0,-0.052886,1.088336,36.903556,20
2026-02-26T21:53:44,391,23.8149,600.0,-0.055197,1.209194,36.903556,20
2026-02-26T21:54:00,392,28.186925,600.0,-0.054802,1.264627,36.903556,20
2026-02-26T21:54:17,393,24.445004,600.0,-0.055378,0.686101,36.903556,20
2026-02-26T21:54:36,394,30.063939,600.0,-0.053648,1.102934,36.903556,20
2026-02-26T21:54:53,395,26.321894,600.0,-0.038006,0.682594,36.903556,20
2026-02-26T21:55:10,396,30.045127,600.0,-0.054664,0.870081,36.903556,20
2026-02-26T21:55:26,397,26.300681,600.0,-0.055158,0.790559,36.903556,20
2026-02-26T21:55:43,398,26.908126,600.0,-0.055913,0.752919,36.903556,20
2026-02-26T21:55:59,399,26.273676,600.0,-0.055177,0.996068,36.903556,20
2026-02-26T21:56:17,400,23.783829,600.0,-0.054916,1.112572,36.903556,20
2026-02-26T21:56:34,401,31.273811,600.0,-0.054607,1.048495,36.903556,20
2026-02-26T21:56:51,402,29.398371,600.0,-0.056847,0.997018,36.903556,20
2026-02-26T21:57:08,403,31.27916,600.0,-0.053358,1.03978,36.903556,20
2026-02-26T21:57:24,404,23.169379,600.0,-0.054326,0.898703,36.903556,20
2026-02-26T21:57:41,405,31.89281,600.0,-0.055592,1.014889,36.903556,20
2026-02-26T21:57:57,406,21.925843,600.0,-0.055393,0.851165,36.903556,20
2026-02-26T21:58:14,407,33.765973,600.0,-0.054774,1.261129,36.903556,20
2026-02-26T21:58:30,408,25.661792,600.0,-0.055961,0.916685,36.903556,20
2026-02-26T21:58:46,409,31.904438,600.0,-0.055322,1.086509,36.903556,20
2026-02-26T21:59:03,410,25.040329,600.0,-0.05475,1.044279,36.903556,20
2026-02-26T21:59:19,411,26.910367,600.0,-0.055003,0.950989,36.903556,20
2026-02-26T21:59:36,412,22.527773,600.0,-0.05456,0.843943,36.903556,20
2026-02-26T21:59:53,413,26.281778,600.0,-0.057244,0.898371,36.903556,20
2026-02-26T22:00:10,414,30.637369,600.0,-0.054958,1.26405,36.903556,20
2026-02-26T22:00:27,415,27.542379,600.0,-0.056423,1.155982,36.903556,20
2026-02-26T22:00:44,416,25.046742,600.0,-0.055541,0.970617,36.903556,20
2026-02-26T22:01:01,417,33.787978,600.0,-0.055278,1.641126,36.903556,20
2026-02-26T22:01:18,418,23.804329,600.0,-0.055594,1.275544,36.903556,20
2026-02-26T22:01:35,419,25.680638,600.0,-0.0488,1.032222,36.903556,20
2026-02-26T22:01:54,420,32.546101,600.0,-0.055887,1.046664,36.903556,20
2026-02-26T22:02:11,421,27.551741,600.0,-0.055929,0.949905,36.903556,20
2026-02-26T22:02:28,422,29.437054,600.0,-0.055273,1.101513,36.903556,20
2026-02-26T22:02:44,423,28.181219,600.0,-0.055575,1.193572,36.903556,20
2026-02-26T22:03:01,424,31.305653,600.0,-0.054623,0.918994,36.903556,20
2026-02-26T22:03:17,425,25.071463,600.0,-0.056366,1.027692,36.903556,20
2026-02-26T22:03:33,426,35.044063,600.0,-0.053625,1.088309,36.903556,20
2026-02-26T22:03:50,427,24.427084,600.0,-0.055477,0.614617,36.903556,20
2026-02-26T22:04:06,428,29.426413,600.0,-0.041425,1.16239,36.903556,20
2026-02-26T22:04:23,429,25.078349,600.0,-0.055013,0.943232,36.903556,20
2026-02-26T22:04:39,430,23.18946,600.0,-0.055563,1.395363,36.903556,20
2026-02-26T22:04:56,431,23.193797,600.0,-0.05562,1.181884,36.903556,20
2026-02-26T22:05:13,432,26.946865,600.0,-0.056049,1.149749,36.903556,20
2026-02-26T22:05:29,433,33.799186,600.0,-0.055373,1.134542,36.903556,20
2026-02-26T22:05:45,434,26.312888,600.0,-0.05602,0.839788,36.903556,20
2026-02-26T22:06:02,435,27.562248,600.0,-0.055982,1.122077,36.903556,20
2026-02-26T22:06:18,436,26.329451,600.0,-0.054261,0.850076,36.903556,20
2026-02-26T22:06:34,437,23.802511,600.0,-0.056692,1.324396,36.903556,20
2026-02-26T22:06:51,438,31.30098,600.0,-0.055582,1.164604,36.903556,20
2026-02-26T22:07:07,439,28.168153,600.0,-0.05482,1.364051,36.903556,20
2026-02-26T22:07:24,440,25.05226,600.0,-0.055497,1.194392,36.903556,20
2026-02-26T22:07:41,441,30.026852,600.0,-0.056534,1.097347,36.903556,20
2026-02-26T22:07:57,442,24.410525,600.0,-0.053581,1.300769,36.903556,20
2026-02-26T22:08:14,443,36.264748,600.0,-0.054361,1.38836,36.903556,20
2026-02-26T22:08:30,444,30.64619,600.0,-0.05577,1.136324,36.903556,20
2026-02-26T22:08:46,445,26.265425,600.0,-0.055999,1.097224,36.903556,20
2026-02-26T22:09:03,446,25.627907,600.0,-0.056134,1.09142,36.903556,20
2026-02-26T22:09:19,447,32.511095,600.0,-0.056809,0.967758,36.903556,20
2026-02-26T22:09:36,448,27.510814,600.0,-0.055668,1.070546,36.903556,20
2026-02-26T22:09:52,449,22.49856,600.0,-0.055895,0.966583,36.903556,20
2026-02-26T22:10:08,450,29.984828,600.0,-0.055241,0.869846,36.903556,20
2026-02-26T22:10:25,451,27.487651,600.0,-0.055543,0.919488,36.903556,20
2026-02-26T22:10:42,452,30.620407,600.0,-0.056453,1.115755,36.903556,20
2026-02-26T22:10:58,453,29.370516,600.0,-0.053278,1.323652,36.903556,20
2026-02-26T22:11:15,454,30.611474,600.0,-0.056706,0.794001,36.903556,20
2026-02-26T22:11:32,455,18.740467,600.0,-0.056177,0.88096,36.903556,20
2026-02-26T22:11:49,456,24.372251,600.0,-0.055939,0.95597,36.903556,20
2026-02-26T22:12:05,457,31.837614,600.0,-0.057112,1.167092,36.903556,20
2026-02-26T22:12:22,458,26.875297,600.0,-0.055241,1.220947,36.903556,20
2026-02-26T22:12:38,459,32.483177,600.0,-0.056938,1.298817,36.903556,20
2026-02-26T22:12:55,460,26.247668,600.0,-0.057014,1.222403,36.903556,20
2026-02-26T22:13:12,461,26.880737,600.0,-0.056499,0.90694,36.903556,20
2026-02-26T22:13:29,462,33.117609,600.0,-0.0558,1.143554,36.903556,20
2026-02-26T22:13:45,463,24.99704,600.0,-0.045168,0.758965,36.903556,20
2026-02-26T22:14:02,464,27.500516,600.0,-0.039429,0.697927,36.903556,20
2026-02-26T22:14:19,465,25.616936,600.0,-0.055557,0.988497,36.903556,20
2026-02-26T22:14:35,466,20.013478,600.0,-0.056858,1.086863,36.903556,20
2026-02-26T22:14:52,467,29.991523,600.0,-0.056215,0.934753,36.903556,20
2026-02-26T22:15:08,468,21.884079,600.0,-0.057134,0.595689,36.903556,20
2026-02-26T22:15:25,469,29.358821,600.0,-0.055172,1.07442,36.903556,20
2026-02-26T22:15:42,470,24.982845,600.0,-0.057673,1.006293,36.903556,20
2026-02-26T22:16:00,471,24.364775,600.0,-0.056445,0.945719,36.903556,20
2026-02-26T22:16:19,472,29.977974,600.0,-0.054528,1.179584,36.903556,20
2026-02-26T22:16:40,473,21.875224,600.0,-0.057478,0.776092,36.903556,20
2026-02-26T22:17:00,474,29.357463,600.0,-0.05559,1.022668,36.903556,20
2026-02-26T22:17:17,475,28.759959,600.0,-0.057455,0.915282,36.903556,20
2026-02-26T22:17:35,476,28.123492,600.0,-0.056405,0.969691,36.903556,20
2026-02-26T22:17:52,477,39.996542,600.0,-0.053389,1.8155,39.996542,20
2026-02-26T22:18:08,478,29.999828,600.0,-0.056497,1.390995,39.996542,20
2026-02-26T22:18:25,479,31.874974,600.0,-0.057282,0.800279,39.996542,20
2026-02-26T22:18:42,480,26.88736,600.0,-0.055216,0.793035,39.996542,20
2026-02-26T22:18:59,481,23.773869,600.0,-0.057476,0.509168,39.996542,20
2026-02-26T22:19:16,482,30.007525,600.0,-0.057575,1.078853,39.996542,20
2026-02-26T22:19:33,483,30.634409,600.0,-0.057074,0.785673,39.996542,20
2026-02-26T22:19:51,484,28.765175,600.0,-0.058043,1.121457,39.996542,20
2026-02-26T22:20:10,485,28.76706,600.0,-0.057965,0.956876,39.996542,20
2026-02-26T22:20:28,486,29.411791,600.0,-0.056773,1.394523,39.996542,20
2026-02-26T22:20:45,487,23.162733,600.0,-0.056392,1.140136,39.996542,20
2026-02-26T22:21:01,488,25.633889,600.0,-0.057435,1.191241,39.996542,20
2026-02-26T22:21:18,489,26.913347,600.0,-0.055624,1.240853,39.996542,20
2026-02-26T22:21:34,490,20.665805,600.0,-0.057111,0.779095,39.996542,20
2026-02-26T22:21:51,491,32.539963,600.0,-0.056185,1.389634,39.996542,20
2026-02-26T22:22:08,492,26.279927,600.0,-0.056829,1.342094,39.996542,20
2026-02-26T22:22:26,493,24.418248,600.0,-0.056898,0.912953,39.996542,20
2026-02-26T22:22:42,494,28.775725,600.0,-0.056886,1.052513,39.996542,20
2026-02-26T22:22:59,495,30.034257,600.0,-0.057516,1.122986,39.996542,20
2026-02-26T22:23:16,496,25.655684,600.0,-0.051532,0.97658,39.996542,20
2026-02-26T22:23:34,497,28.804629,600.0,-0.056895,1.466311,39.996542,20
2026-02-26T22:23:51,498,25.690191,600.0,-0.056678,1.043485,39.996542,20
2026-02-26T22:24:09,499,26.930508,600.0,-0.058456,0.984677,39.996542,20
2026-02-26T22:24:26,500,29.430897,600.0,-0.056856,1.351419,39.996542,20
2026-02-26T22:24:45,501,31.922443,600.0,-0.056758,1.119874,39.996542,20
2026-02-26T22:25:04,502,25.67598,600.0,-0.058396,0.979785,39.996542,20
2026-02-26T22:25:23,503,31.313194,600.0,-0.056663,1.72168,39.996542,20
2026-02-26T22:25:41,504,27.567861,600.0,-0.057732,0.883992,39.996542,20
2026-02-26T22:25:58,505,30.065965,600.0,-0.055869,1.239127,39.996542,20
2026-02-26T22:26:15,506,28.194934,600.0,-0.057693,1.300995,39.996542,20
2026-02-26T22:26:32,507,33.83003,600.0,-0.056475,1.05172,39.996542,20
2026-02-26T22:26:48,508,28.842229,600.0,-0.057379,0.835692,39.996542,20
2026-02-26T22:27:05,509,35.075259,600.0,-0.056811,1.346256,39.996542,20
2026-02-26T22:27:22,510,28.824322,600.0,-0.054878,1.587359,39.996542,20
2026-02-26T22:27:39,511,32.557767,600.0,-0.058869,1.922123,39.996542,20
2026-02-26T22:27:55,512,24.462239,600.0,-0.057668,1.196413,39.996542,20
2026-02-26T22:28:12,513,30.08308,600.0,-0.057332,1.361188,39.996542,20
2026-02-26T22:28:29,514,30.074599,600.0,-0.057713,1.052459,39.996542,20
2026-02-26T22:28:46,515,26.330674,600.0,-0.057889,1.063584,39.996542,20
2026-02-26T22:29:02,516,38.828751,600.0,-0.057805,1.496589,39.996542,20
2026-02-26T22:29:19,517,28.21506,600.0,-0.05807,1.094481,39.996542,20
2026-02-26T22:29:35,518,35.086669,600.0,-0.057558,1.215341,39.996542,20
2026-02-26T22:29:52,519,38.80517,600.0,-0.058438,1.447661,39.996542,20
2026-02-26T22:30:09,520,35.064979,600.0,-0.058335,1.047437,39.996542,20
2026-02-26T22:30:27,521,30.680726,600.0,-0.058756,1.340569,39.996542,20
2026-02-26T22:30:43,522,35.071788,600.0,-0.057174,1.450777,39.996542,20
2026-02-26T22:31:00,523,29.433212,600.0,-0.057374,0.817534,39.996542,20
2026-02-26T22:31:17,524,25.06376,600.0,-0.05741,1.197227,39.996542,20
2026-02-26T22:31:34,525,31.918619,600.0,-0.058122,1.184914,39.996542,20
2026-02-26T22:31:50,526,28.803501,600.0,-0.057039,1.090445,39.996542,20
2026-02-26T22:32:07,527,35.650843,600.0,-0.058655,1.530563,39.996542,20
2026-02-26T22:32:24,528,30.049402,600.0,-0.056329,1.599847,39.996542,20
2026-02-26T22:32:40,529,39.406244,600.0,-0.057655,2.003951,39.996542,20
2026-02-26T22:32:57,530,23.193757,600.0,-0.057801,0.718136,39.996542,20
2026-02-26T22:33:14,531,32.55806,600.0,-0.057604,1.026759,39.996542,20
2026-02-26T22:33:30,532,37.546403,600.0,-0.056839,1.683356,39.996542,20
2026-02-26T22:33:47,533,26.317289,600.0,-0.058028,1.196928,39.996542,20
2026-02-26T22:34:04,534,35.671314,600.0,-0.056291,1.976298,39.996542,20
2026-02-26T22:34:21,535,36.936384,600.0,-0.057841,1.454007,39.996542,20
2026-02-26T22:34:37,536,34.442031,600.0,-0.057049,2.068584,39.996542,20
2026-02-26T22:34:54,537,35.079772,600.0,-0.057886,1.409014,39.996542,20
2026-02-26T22:35:11,538,53.128597,600.0,-0.05627,3.006795,53.128597,20
2026-02-26T22:35:29,539,36.933379,600.0,-0.056262,2.194415,53.128597,20
2026-02-26T22:35:45,540,31.296671,600.0,-0.058902,1.66887,53.128597,20
2026-02-26T22:36:03,541,43.160756,600.0,-0.053279,2.094835,53.128597,20
2026-02-26T22:36:22,542,47.537839,600.0,-0.057481,1.924006,53.128597,20
2026-02-26T22:36:41,543,35.063849,600.0,-0.056829,1.378928,53.128597,20
2026-02-26T22:37:00,544,46.889343,600.0,-0.056755,2.571993,53.128597,20
2026-02-26T22:37:18,545,43.151621,600.0,-0.056784,2.380297,53.128597,20
2026-02-26T22:37:37,546,44.399033,600.0,-0.056918,2.56201,53.128597,20
2026-02-26T22:37:56,547,41.885096,600.0,-0.057836,3.073459,53.128597,20
2026-02-26T22:38:14,548,51.878462,600.0,-0.055571,2.939721,53.128597,20
2026-02-26T22:38:33,549,36.927282,600.0,-0.056917,2.288068,53.128597,20
2026-02-26T22:38:51,550,63.080322,600.0,-0.057948,2.58688,63.080322,20
2026-02-26T22:39:10,551,49.38194,600.0,-0.057665,2.306545,63.080322,20
2026-02-26T22:39:29,552,44.396048,600.0,-0.055743,2.895862,63.080322,20
2026-02-26T22:39:48,553,41.266207,600.0,-0.055571,1.694601,63.080322,20
2026-02-26T22:40:08,554,53.743316,600.0,-0.056941,1.937128,63.080322,20
2026-02-26T22:40:27,555,38.16121,600.0,-0.056783,2.544432,63.080322,20
2026-02-26T22:40:45,556,41.910144,600.0,-0.057758,1.919481,63.080322,20
2026-02-26T22:41:02,557,38.190047,600.0,-0.057798,1.964502,63.080322,20
2026-02-26T22:41:19,558,50.003402,600.0,-0.058113,2.453982,63.080322,20
2026-02-26T22:41:36,559,54.975064,600.0,-0.056751,2.665082,63.080322,20
2026-02-26T22:41:53,560,44.383571,600.0,-0.058296,2.142529,63.080322,20
2026-02-26T22:42:11,561,45.635227,600.0,-0.058242,2.696527,63.080322,20
2026-02-26T22:42:28,562,48.13025,600.0,-0.05682,2.439986,63.080322,20
2026-02-26T22:42:45,563,59.942954,600.0,-0.057875,2.705248,63.080322,20
2026-02-26T22:43:02,564,58.71786,600.0,-0.056055,2.631871,63.080322,20
2026-02-26T22:43:19,565,41.914555,600.0,-0.058425,3.060528,63.080322,20
2026-02-26T22:43:36,566,56.205391,600.0,-0.0578,2.108825,63.080322,20
2026-02-26T22:43:53,567,54.330114,600.0,-0.057861,2.803756,63.080322,20
2026-02-26T22:44:11,568,57.421235,600.0,-0.057772,2.64122,63.080322,20
2026-02-26T22:44:28,569,51.211386,600.0,-0.057994,1.985101,63.080322,20
2026-02-26T22:44:45,570,56.781459,600.0,-0.05723,2.634603,63.080322,20
2026-02-26T22:45:02,571,51.822806,600.0,-0.057298,2.645254,63.080322,20
2026-02-26T22:45:20,572,49.324797,600.0,-0.057797,3.054313,63.080322,20
2026-02-26T22:45:37,573,61.784506,600.0,-0.057314,2.386948,63.080322,20
2026-02-26T22:45:54,574,53.093429,600.0,-0.054697,2.445345,63.080322,20
2026-02-26T22:46:10,575,38.758882,600.0,-0.058185,1.593424,63.080322,20
2026-02-26T22:46:27,576,54.937046,600.0,-0.056677,2.723694,63.080322,20
2026-02-26T22:46:44,577,56.185709,600.0,-0.057316,2.164434,63.080322,20
2026-02-26T22:47:01,578,47.469523,600.0,-0.057781,3.390138,63.080322,20
2026-02-26T22:47:18,579,56.175042,600.0,-0.057285,2.994666,63.080322,20
2026-02-26T22:47:35,580,54.313944,600.0,-0.057697,2.860199,63.080322,20
2026-02-26T22:47:52,581,45.6149,600.0,-0.056529,2.417529,63.080322,20
2026-02-26T22:48:09,582,53.701455,600.0,-0.058088,2.108346,63.080322,20
2026-02-26T22:48:27,583,56.805449,600.0,-0.058447,2.526568,63.080322,20
2026-02-26T22:48:44,584,55.571123,600.0,-0.057608,2.640193,63.080322,20
2026-02-26T22:49:01,585,58.673041,600.0,-0.057603,2.023201,63.080322,20
2026-02-26T22:49:19,586,44.985956,600.0,-0.05824,2.739144,63.080322,20
2026-02-26T22:49:36,587,59.912875,600.0,-0.057536,2.525609,63.080322,20
2026-02-26T22:49:53,588,58.045891,600.0,-0.05719,2.192523,63.080322,20
2026-02-26T22:50:10,589,54.313067,600.0,-0.058155,2.778749,63.080322,20
2026-02-26T22:50:27,590,57.409856,600.0,-0.056957,2.24787,63.080322,20
2026-02-26T22:50:44,591,48.730647,600.0,-0.058256,2.474952,63.080322,20
2026-02-26T22:51:02,592,56.794879,600.0,-0.057672,2.967091,63.080322,20
2026-02-26T22:51:20,593,54.937212,600.0,-0.056322,1.989206,63.080322,20
2026-02-26T22:51:37,594,56.168835,600.0,-0.057915,1.709109,63.080322,20
2026-02-26T22:51:53,595,49.348975,600.0,-0.050603,2.250556,63.080322,20
2026-02-26T22:52:11,596,47.486644,600.0,-0.05699,1.924314,63.080322,20
2026-02-26T22:52:28,597,58.668805,600.0,-0.055503,1.876745,63.080322,20
2026-02-26T22:52:45,598,48.727395,600.0,-0.05649,1.951158,63.080322,20
2026-02-26T22:53:02,599,50.588483,600.0,-0.058224,2.131233,63.080322,20
2026-02-26T22:53:18,600,56.812609,600.0,-0.05855,2.062592,63.080322,20
2026-02-26T22:53:36,601,59.303883,600.0,-0.055901,4.968104,63.080322,20
2026-02-26T22:53:53,602,59.917642,600.0,-0.057157,2.960096,63.080322,20
2026-02-26T22:54:11,603,68.01001,600.0,-0.057311,2.357042,68.01001,20
2026-02-26T22:54:28,604,57.438225,600.0,-0.05722,2.360314,68.01001,20
2026-02-26T22:54:46,605,62.412867,600.0,-0.058331,2.682268,68.01001,20
2026-02-26T22:55:03,606,61.786334,600.0,-0.058811,2.250077,68.01001,20
2026-02-26T22:55:20,607,53.096185,600.0,-0.057145,2.864796,68.01001,20
2026-02-26T22:55:37,608,52.471916,600.0,-0.058182,3.022128,68.01001,20
2026-02-26T22:55:53,609,56.193658,600.0,-0.056408,1.680681,68.01001,20
2026-02-26T22:56:11,610,54.930682,600.0,-0.058322,1.835815,68.01001,20
2026-02-26T22:56:28,611,51.833452,600.0,-0.056095,1.856538,68.01001,20
2026-02-26T22:56:45,612,59.912812,600.0,-0.057562,2.492318,68.01001,20
2026-02-26T22:57:02,613,53.671799,600.0,-0.058293,1.73421,68.01001,20
2026-02-26T22:57:21,614,53.687524,600.0,-0.057954,2.67001,68.01001,20
2026-02-26T22:57:40,615,53.681199,600.0,-0.057729,2.462381,68.01001,20
2026-02-26T22:57:59,616,53.064584,600.0,-0.05795,1.794226,68.01001,20
2026-02-26T22:58:18,617,54.29557,600.0,-0.058061,3.465438,68.01001,20
2026-02-26T22:58:37,618,53.068642,600.0,-0.057038,1.996172,68.01001,20
2026-02-26T22:58:54,619,59.882912,600.0,-0.05929,2.449661,68.01001,20
2026-02-26T22:59:11,620,59.904107,600.0,-0.057667,2.257034,68.01001,20
2026-02-26T22:59:28,621,48.751942,600.0,-0.058707,2.236073,68.01001,20
2026-02-26T22:59:44,622,56.200108,600.0,-0.055786,1.981857,68.01001,20
2026-02-26T23:00:01,623,54.318275,600.0,-0.057975,2.060179,68.01001,20
2026-02-26T23:00:18,624,56.811252,600.0,-0.058576,1.3782,68.01001,20
2026-02-26T23:00:34,625,55.560087,600.0,-0.05784,2.159118,68.01001,20
2026-02-26T23:00:51,626,53.091153,600.0,-0.056963,1.928743,68.01001,20
2026-02-26T23:01:08,627,55.562873,600.0,-0.05732,2.321469,68.01001,20
2026-02-26T23:01:26,628,53.685288,600.0,-0.057562,1.670534,68.01001,20
2026-02-26T23:01:43,629,53.6905,600.0,-0.058586,2.717661,68.01001,20
2026-02-26T23:02:01,630,56.174803,600.0,-0.057065,2.631528,68.01001,20
2026-02-26T23:02:19,631,56.190539,600.0,-0.055514,1.830497,68.01001,20
2026-02-26T23:02:38,632,51.820166,600.0,-0.054845,2.315168,68.01001,20
2026-02-26T23:02:55,633,54.931819,600.0,-0.056975,2.35191,68.01001,20
2026-02-26T23:03:13,634,56.785574,600.0,-0.058644,1.909427,68.01001,20
2026-02-26T23:03:31,635,56.185222,600.0,-0.057384,2.237341,68.01001,20
2026-02-26T23:03:50,636,56.800341,600.0,-0.057249,2.399623,68.01001,20
2026-02-26T23:04:08,637,48.72025,600.0,-0.057654,1.554025,68.01001,20
2026-02-26T23:04:26,638,58.057747,600.0,-0.057417,1.743639,68.01001,20
2026-02-26T23:04:44,639,57.416313,600.0,-0.057296,3.261577,68.01001,20
2026-02-26T23:05:03,640,56.194771,600.0,-0.057996,2.373452,68.01001,20
2026-02-26T23:05:20,641,51.224532,600.0,-0.056741,3.589576,68.01001,20
2026-02-26T23:05:38,642,58.059238,600.0,-0.057343,3.215852,68.01001,20
2026-02-26T23:05:55,643,58.684005,600.0,-0.057159,2.719527,68.01001,20
2026-02-26T23:06:12,644,58.052462,600.0,-0.057304,2.358973,68.01001,20
2026-02-26T23:06:29,645,56.180751,600.0,-0.056753,3.136316,68.01001,20
2026-02-26T23:06:46,646,59.901255,600.0,-0.05729,3.23844,68.01001,20
2026-02-26T23:07:03,647,55.547223,600.0,-0.057024,3.08329,68.01001,20
2026-02-26T23:07:20,648,58.050616,600.0,-0.057328,3.331347,68.01001,20
2026-02-26T23:07:37,649,61.781874,600.0,-0.057953,4.043365,68.01001,20
2026-02-26T23:07:54,650,59.913249,600.0,-0.05695,3.044238,68.01001,20
2026-02-26T23:08:12,651,56.181882,600.0,-0.05736,3.443708,68.01001,20
2026-02-26T23:08:29,652,51.212086,600.0,-0.056364,1.656356,68.01001,20
2026-02-26T23:08:48,653,64.909181,600.0,-0.058381,1.600097,68.01001,20
2026-02-26T23:09:07,654,53.084673,600.0,-0.059017,3.171157,68.01001,20
2026-02-26T23:09:25,655,58.667896,600.0,-0.058132,2.64959,68.01001,20
2026-02-26T23:09:44,656,63.013335,600.0,-0.057567,1.784632,68.01001,20
2026-02-26T23:10:02,657,63.637875,600.0,-0.057721,1.849784,68.01001,20
2026-02-26T23:10:19,658,62.403725,600.0,-0.057939,3.289068,68.01001,20
2026-02-26T23:10:38,659,63.633031,600.0,-0.058155,2.601725,68.01001,20
2026-02-26T23:10:57,660,58.682668,600.0,-0.057964,2.637878,68.01001,20
2026-02-26T23:11:15,661,54.342739,600.0,-0.057191,2.554486,68.01001,20
2026-02-26T23:11:33,662,56.81624,600.0,-0.058968,3.084053,68.01001,20
2026-02-26T23:11:50,663,60.526243,600.0,-0.058361,2.143052,68.01001,20
2026-02-26T23:12:10,664,58.66266,600.0,-0.058243,2.362947,68.01001,20
2026-02-26T23:12:30,665,61.770924,600.0,-0.056015,2.580065,68.01001,20
2026-02-26T23:12:47,666,60.521425,600.0,-0.057757,2.305792,68.01001,20
2026-02-26T23:13:05,667,64.873183,600.0,-0.053956,2.156998,68.01001,20
2026-02-26T23:13:23,668,53.700831,600.0,-0.053476,2.086155,68.01001,20
2026-02-26T23:13:40,669,52.453751,600.0,-0.05849,2.144845,68.01001,20
2026-02-26T23:13:58,670,59.28211,600.0,-0.054641,2.286367,68.01001,20
2026-02-26T23:14:17,671,61.781999,600.0,-0.048879,2.617467,68.01001,20
2026-02-26T23:14:35,672,61.167899,600.0,-0.057327,1.90023,68.01001,20
2026-02-26T23:14:54,673,55.557737,600.0,-0.057769,2.282759,68.01001,20
2026-02-26T23:15:13,674,61.767398,600.0,-0.047572,2.200997,68.01001,20
2026-02-26T23:15:31,675,56.172466,600.0,-0.058854,1.751753,68.01001,20
2026-02-26T23:15:50,676,56.792853,600.0,-0.058316,1.782921,68.01001,20
2026-02-26T23:16:07,677,53.693694,600.0,-0.05778,2.085317,68.01001,20
2026-02-26T23:16:25,678,50.575414,600.0,-0.057253,2.17623,68.01001,20
2026-02-26T23:16:43,679,65.486944,600.0,-0.057834,1.815831,68.01001,20
2026-02-26T23:17:00,680,66.73346,600.0,-0.057225,2.878294,68.01001,20
2026-02-26T23:17:18,681,58.032032,600.0,-0.057835,2.343782,68.01001,20
2026-02-26T23:17:35,682,64.248717,600.0,-0.057294,2.367799,68.01001,20
2026-02-26T23:17:52,683,58.674016,600.0,-0.059355,1.859971,68.01001,20
2026-02-26T23:18:11,684,58.042104,600.0,-0.057261,2.214187,68.01001,20
2026-02-26T23:18:30,685,63.617922,600.0,-0.047061,2.269007,68.01001,20
2026-02-26T23:18:49,686,57.407296,600.0,0.030607,2.494829,68.01001,20
2026-02-26T23:19:07,687,55.57041,600.0,-0.057922,1.876106,68.01001,20
2026-02-26T23:19:25,688,52.458621,600.0,-0.05614,2.053138,68.01001,20
2026-02-26T23:19:44,689,55.550252,600.0,-0.055356,1.821963,68.01001,20
2026-02-26T23:20:02,690,59.265248,600.0,-0.05592,1.930956,68.01001,20
2026-02-26T23:20:20,691,55.546194,600.0,-0.054173,1.814978,68.01001,20
2026-02-26T23:20:38,692,63.608397,600.0,-0.058545,2.50376,68.01001,20
2026-02-26T23:20:56,693,55.523712,600.0,-0.014135,1.786495,68.01001,20
2026-02-26T23:21:15,694,55.504319,600.0,-0.054761,1.7574,68.01001,20
2026-02-26T23:21:33,695,45.54905,600.0,-0.056628,1.625904,68.01001,20
2026-02-26T23:21:50,696,41.207855,600.0,-0.057991,1.87642,68.01001,20
2026-02-26T23:22:08,697,49.903123,600.0,-0.058797,1.670545,68.01001,20
2026-02-26T23:22:26,698,54.267778,600.0,-0.058248,2.366544,68.01001,20
2026-02-26T23:22:44,699,56.129038,600.0,-0.058481,1.50427,68.01001,20
2026-02-26T23:23:01,700,48.060853,600.0,-0.057289,1.294944,68.01001,20
2026-02-26T23:23:19,701,54.302416,600.0,-0.058523,1.448282,68.01001,20
2026-02-26T23:23:36,702,51.180732,600.0,-0.05698,1.88954,68.01001,20
2026-02-26T23:23:55,703,59.253228,600.0,-0.058669,1.568668,68.01001,20
2026-02-26T23:24:14,704,46.202805,600.0,-0.057032,1.53933,68.01001,20
2026-02-26T23:24:31,705,49.311108,600.0,-0.058559,1.135576,68.01001,20
2026-02-26T23:24:50,706,62.388504,600.0,-0.05863,2.215598,68.01001,20
2026-02-26T23:25:06,707,48.069503,600.0,-0.059215,1.680248,68.01001,20
2026-02-26T23:25:24,708,51.805204,600.0,-0.055884,2.260078,68.01001,20
2026-02-26T23:25:42,709,64.247278,600.0,-0.054785,2.456445,68.01001,20
2026-02-26T23:26:00,710,54.913071,600.0,-0.057384,2.12356,68.01001,20
2026-02-26T23:26:17,711,61.125948,600.0,-0.058244,1.961653,68.01001,20
2026-02-26T23:26:36,712,50.573316,600.0,-0.05542,1.994684,68.01001,20
2026-02-26T23:26:55,713,52.41797,600.0,-0.058192,2.42041,68.01001,20
2026-02-26T23:27:14,714,59.880494,600.0,-0.057985,1.896008,68.01001,20
2026-02-26T23:27:32,715,46.811386,600.0,-0.042097,1.688862,68.01001,20
2026-02-26T23:27:50,716,49.311797,600.0,-0.017778,1.770433,68.01001,20
2026-02-26T23:28:09,717,53.048517,600.0,-0.057703,1.580385,68.01001,20
2026-02-26T23:28:26,718,53.040999,600.0,-0.055281,1.73843,68.01001,20
2026-02-26T23:28:43,719,62.359931,600.0,-0.058113,2.274621,68.01001,20
2026-02-26T23:29:00,720,61.742981,600.0,-0.058045,3.109052,68.01001,20
2026-02-26T23:29:17,721,56.77493,600.0,-0.057892,2.551322,68.01001,20
2026-02-26T23:29:35,722,53.680642,600.0,-0.038891,1.910291,68.01001,20
2026-02-26T23:29:53,723,45.583905,600.0,-0.059004,1.306372,68.01001,20
2026-02-26T23:30:11,724,61.133595,600.0,-0.054964,2.220368,68.01001,20
2026-02-26T23:30:27,725,49.308603,600.0,-0.057405,2.79179,68.01001,20
2026-02-26T23:30:44,726,51.794033,600.0,-0.059149,1.987792,68.01001,20
2026-02-26T23:31:00,727,53.648271,600.0,-0.051736,1.359393,68.01001,20
2026-02-26T23:31:17,728,46.81742,600.0,-0.012605,1.564972,68.01001,20
2026-02-26T23:31:34,729,56.149319,600.0,-0.057198,2.311815,68.01001,20
2026-02-26T23:31:50,730,58.613261,600.0,-0.057653,2.435496,68.01001,20
2026-02-26T23:32:07,731,56.143991,600.0,-0.057551,1.731415,68.01001,20
2026-02-26T23:32:23,732,56.147092,600.0,-0.059201,1.835457,68.01001,20
2026-02-26T23:32:40,733,54.887571,600.0,-0.057276,1.890837,68.01001,20
2026-02-26T23:32:56,734,56.770361,600.0,-0.058072,1.721078,68.01001,20
2026-02-26T23:33:14,735,53.034278,600.0,-0.057073,2.172441,68.01001,20
2026-02-26T23:33:31,736,53.65917,600.0,-0.05904,1.810945,68.01001,20
2026-02-26T23:33:50,737,59.875723,600.0,-0.05691,2.04863,68.01001,20
2026-02-26T23:34:08,738,48.68102,600.0,-0.057867,1.370781,68.01001,20
2026-02-26T23:34:26,739,57.382719,600.0,-0.058798,1.844118,68.01001,20
2026-02-26T23:34:43,740,56.768419,600.0,-0.057359,2.788642,68.01001,20
2026-02-26T23:35:00,741,62.989329,600.0,-0.058218,2.109162,68.01001,20
2026-02-26T23:35:17,742,55.524134,600.0,-0.057277,2.159705,68.01001,20
2026-02-26T23:35:34,743,59.256776,600.0,-0.058716,1.785031,68.01001,20
2026-02-26T23:35:51,744,56.776078,600.0,-0.059788,2.038183,68.01001,20
2026-02-26T23:36:09,745,62.37842,600.0,-0.058895,2.146883,68.01001,20
2026-02-26T23:36:26,746,59.253504,600.0,-0.058402,3.448102,68.01001,20
2026-02-26T23:36:43,747,64.218713,600.0,-0.058361,3.061891,68.01001,20
2026-02-26T23:37:00,748,56.793099,600.0,-0.056571,2.037141,68.01001,20
2026-02-26T23:37:17,749,59.882207,600.0,-0.058564,2.974728,68.01001,20
2026-02-26T23:37:35,750,54.922313,600.0,-0.058114,1.663359,68.01001,20
2026-02-26T23:37:54,751,53.683212,600.0,-0.05783,3.247945,68.01001,20
2026-02-26T23:38:12,752,65.481558,600.0,-0.058586,2.670512,68.01001,20
2026-02-26T23:38:29,753,61.766311,600.0,-0.058232,1.995542,68.01001,20
2026-02-26T23:38:46,754,67.356614,600.0,-0.055512,2.321642,68.01001,20
2026-02-26T23:39:03,755,64.874576,600.0,-0.059485,2.556665,68.01001,20
2026-02-26T23:39:21,756,58.661048,600.0,-0.057664,2.034684,68.01001,20
2026-02-26T23:39:40,757,57.423355,600.0,-0.057912,1.871637,68.01001,20
2026-02-26T23:39:57,758,59.286647,600.0,-0.057676,1.91758,68.01001,20
2026-02-26T23:40:16,759,66.743712,600.0,-0.058478,2.31804,68.01001,20
2026-02-26T23:40:36,760,57.414351,600.0,-0.048719,2.844542,68.01001,20
2026-02-26T23:40:55,761,58.027694,600.0,-0.036852,1.739995,68.01001,20
2026-02-26T23:41:15,762,48.712974,600.0,-0.02262,2.230808,68.01001,20
2026-02-26T23:41:34,763,54.297545,600.0,-0.056173,2.64797,68.01001,20
2026-02-26T23:41:53,764,56.792992,600.0,0.001973,1.873807,68.01001,20
2026-02-26T23:42:13,765,59.893268,600.0,-0.052555,2.055822,68.01001,20
2026-02-26T23:42:30,766,58.642215,600.0,-0.05868,2.31567,68.01001,20
2026-02-26T23:42:46,767,54.936626,600.0,-0.059759,2.12808,68.01001,20
2026-02-26T23:43:04,768,57.398392,600.0,-0.058004,1.7496,68.01001,20
2026-02-26T23:43:20,769,60.507653,600.0,-0.058101,2.166325,68.01001,20
2026-02-26T23:43:38,770,50.570136,600.0,-0.055875,2.739524,68.01001,20
2026-02-26T23:43:55,771,56.151387,600.0,-0.057869,2.197107,68.01001,20
2026-02-26T23:44:11,772,59.258767,600.0,-0.057713,1.699511,68.01001,20
2026-02-26T23:44:28,773,55.547777,600.0,-0.057758,2.433887,68.01001,20
2026-02-26T23:44:45,774,60.506083,600.0,-0.05918,1.805504,68.01001,20
2026-02-26T23:45:01,775,60.520385,600.0,-0.047403,2.367161,68.01001,20
2026-02-26T23:45:18,776,71.709063,600.0,-0.054318,2.602468,71.709063,20
2026-02-26T23:45:35,777,51.838718,600.0,-0.058513,2.095937,71.709063,20
2026-02-26T23:45:52,778,54.306586,600.0,-0.058536,2.55311,71.709063,20
2026-02-26T23:46:08,779,47.487502,600.0,-0.05885,2.276311,71.709063,20
2026-02-26T23:46:25,780,60.534701,600.0,-0.057279,1.976012,71.709063,20
2026-02-26T23:46:42,781,58.026006,600.0,-0.058766,1.980063,71.709063,20
2026-02-26T23:46:58,782,65.496679,600.0,-0.059104,2.90922,71.709063,20
2026-02-26T23:47:15,783,49.351271,600.0,-0.058855,2.446014,71.709063,20
2026-02-26T23:47:32,784,61.766249,600.0,-0.053591,2.206104,71.709063,20
2026-02-26T23:47:49,785,55.552693,600.0,-0.057842,2.21112,71.709063,20
2026-02-26T23:48:06,786,52.408607,600.0,-0.059147,2.964663,71.709063,20
2026-02-26T23:48:23,787,63.615722,600.0,-0.058674,2.349553,71.709063,20
2026-02-26T23:48:39,788,52.426245,600.0,-0.059118,1.769573,71.709063,20
2026-02-26T23:48:56,789,51.190217,600.0,-0.058246,2.474014,71.709063,20
2026-02-26T23:49:13,790,65.479397,600.0,-0.059098,2.704331,71.709063,20
2026-02-26T23:49:30,791,58.663664,600.0,-0.058584,2.058868,71.709063,20
2026-02-26T23:49:46,792,57.409649,600.0,-0.020676,2.476034,71.709063,20
2026-02-26T23:50:03,793,63.043431,600.0,-0.057655,2.398394,71.709063,20
2026-02-26T23:50:19,794,64.905493,600.0,-0.05932,2.488462,71.709063,20
2026-02-26T23:50:36,795,54.95736,600.0,-0.059179,2.168691,71.709063,20
2026-02-26T23:50:52,796,63.007158,600.0,-0.059884,2.846455,71.709063,20
2026-02-26T23:51:09,797,61.136723,600.0,-0.058514,2.147923,71.709063,20
2026-02-26T23:51:26,798,66.73615,600.0,-0.059038,3.367384,71.709063,20
2026-02-26T23:51:44,799,59.905396,600.0,-0.057824,3.368885,71.709063,20
2026-02-26T23:52:00,800,72.335908,600.0,-0.057532,3.619122,72.335908,20
2026-02-26T23:52:18,801,57.427412,600.0,-0.058524,2.417398,72.335908,20
2026-02-26T23:52:34,802,57.446794,600.0,-0.058606,2.504891,72.335908,20
2026-02-26T23:52:51,803,66.128099,600.0,-0.057551,2.734239,72.335908,20
2026-02-26T23:53:08,804,55.584516,600.0,-0.048942,1.849687,72.335908,20
2026-02-26T23:53:25,805,69.254915,600.0,-0.054834,3.540813,72.335908,20
2026-02-26T23:53:42,806,68.633779,600.0,-0.057914,2.490052,72.335908,20
2026-02-26T23:53:58,807,58.679627,600.0,-0.059458,3.347875,72.335908,20
2026-02-26T23:54:15,808,56.803207,600.0,-0.058017,2.341625,72.335908,20
2026-02-26T23:54:32,809,68.017756,600.0,-0.058247,3.400289,72.335908,20
2026-02-26T23:54:49,810,61.164496,600.0,-0.059652,3.008828,72.335908,20
2026-02-26T23:55:06,811,58.05734,600.0,-0.058061,3.683661,72.335908,20
2026-02-26T23:55:26,812,66.147621,600.0,-0.05925,2.25624,72.335908,20
2026-02-26T23:55:45,813,63.029387,600.0,-0.057848,2.312324,72.335908,20
2026-02-26T23:56:03,814,63.035062,600.0,-0.049709,2.618419,72.335908,20
2026-02-26T23:56:21,815,67.391117,600.0,-0.058779,4.127291,72.335908,20
2026-02-26T23:56:38,816,64.286935,600.0,-0.05755,3.000826,72.335908,20
2026-02-26T23:56:54,817,71.737841,600.0,-0.058371,3.480323,72.335908,20
2026-02-26T23:57:11,818,63.029537,600.0,-0.058251,4.901501,72.335908,20
2026-02-26T23:57:28,819,63.034657,600.0,-0.057979,2.378608,72.335908,20
2026-02-26T23:57:45,820,59.300947,600.0,-0.058385,3.067302,72.335908,20
2026-02-26T23:58:02,821,61.151616,600.0,-0.058633,3.245053,72.335908,20
2026-02-26T23:58:19,822,62.392382,600.0,-0.058495,2.708431,72.335908,20
2026-02-26T23:58:36,823,53.717,600.0,-0.058288,2.075065,72.335908,20
2026-02-26T23:58:53,824,66.119119,600.0,-0.057947,2.039763,72.335908,20
2026-02-26T23:59:09,825,58.679988,600.0,-0.037888,2.162048,72.335908,20
2026-02-26T23:59:26,826,56.811231,600.0,-0.058208,2.008738,72.335908,20
2026-02-26T23:59:43,827,63.640519,600.0,-0.059584,2.661754,72.335908,20
2026-02-27T00:00:00,828,64.894887,600.0,-0.05852,2.737251,72.335908,20
2026-02-27T00:00:17,829,67.372526,600.0,-0.058771,2.744959,72.335908,20
2026-02-27T00:00:34,830,56.199182,600.0,-0.057655,2.811803,72.335908,20
2026-02-27T00:00:51,831,58.68401,600.0,-0.059019,1.936369,72.335908,20
2026-02-27T00:01:09,832,76.057712,600.0,-0.059288,2.548093,76.057712,20
2026-02-27T00:01:26,833,71.112587,600.0,-0.05833,2.337217,76.057712,20
2026-02-27T00:01:43,834,66.140421,600.0,-0.058127,2.912691,76.057712,20
2026-02-27T00:02:01,835,68.611908,600.0,-0.059534,3.758416,76.057712,20
2026-02-27T00:02:18,836,66.738223,600.0,-0.058387,2.5637,76.057712,20
2026-02-27T00:02:35,837,64.270813,600.0,-0.025942,3.183051,76.057712,20
2026-02-27T00:02:52,838,72.987562,600.0,-0.05916,2.835018,76.057712,20
2026-02-27T00:03:09,839,74.835204,600.0,-0.05823,3.35202,76.057712,20
2026-02-27T00:03:27,840,68.634865,600.0,-0.045002,2.188842,76.057712,20
2026-02-27T00:03:44,841,66.141991,600.0,-0.052235,2.867527,76.057712,20
2026-02-27T00:04:00,842,48.108506,600.0,-0.058552,2.294861,76.057712,20
2026-02-27T00:04:18,843,68.627603,600.0,-0.058727,3.404659,76.057712,20
2026-02-27T00:04:35,844,71.13881,600.0,-0.058913,2.298388,76.057712,20
2026-02-27T00:04:52,845,61.773637,600.0,-0.058267,2.724348,76.057712,20
2026-02-27T00:05:09,846,67.990216,600.0,-0.053929,2.117566,76.057712,20
2026-02-27T00:05:26,847,72.969026,600.0,-0.058331,2.728774,76.057712,20
2026-02-27T00:05:43,848,60.53391,600.0,-0.058806,2.884428,76.057712,20
2026-02-27T00:06:00,849,74.21265,600.0,-0.059361,2.722803,76.057712,20
2026-02-27T00:06:17,850,61.785575,600.0,-0.057461,2.427193,76.057712,20
2026-02-27T00:06:34,851,64.901044,600.0,-0.058888,2.996043,76.057712,20
2026-02-27T00:06:51,852,59.924791,600.0,-0.058033,3.044147,76.057712,20
2026-02-27T00:07:08,853,70.480808,600.0,-0.057935,3.031497,76.057712,20
2026-02-27T00:07:25,854,74.207231,600.0,-0.057463,3.846271,76.057712,20
2026-02-27T00:07:42,855,67.99302,600.0,-0.058032,1.806694,76.057712,20
2026-02-27T00:07:59,856,66.747421,600.0,-0.057407,2.415129,76.057712,20
2026-02-27T00:08:16,857,66.128493,600.0,-0.058375,2.126485,76.057712,20
2026-02-27T00:08:33,858,66.121606,600.0,-0.059041,2.256829,76.057712,20
2026-02-27T00:08:50,859,65.499189,600.0,-0.059165,2.448469,76.057712,20
2026-02-27T00:09:07,860,58.676341,600.0,-0.058829,2.833007,76.057712,20
2026-02-27T00:09:24,861,66.753279,600.0,-0.058429,2.861994,76.057712,20
2026-02-27T00:09:41,862,77.329214,600.0,-0.058669,2.885329,77.329214,20
2026-02-27T00:09:58,863,69.836526,600.0,-0.058435,3.285651,77.329214,20
2026-02-27T00:10:15,864,72.969071,600.0,-0.060004,3.490732,77.329214,20
2026-02-27T00:10:32,865,68.641913,600.0,-0.059277,1.986992,77.329214,20
2026-02-27T00:10:49,866,68.628998,600.0,-0.058434,1.859305,77.329214,20
2026-02-27T00:11:06,867,59.297669,600.0,-0.058987,3.069712,77.329214,20
2026-02-27T00:11:23,868,69.857635,600.0,-0.058504,3.561648,77.329214,20
2026-02-27T00:11:40,869,59.907406,600.0,-0.058988,2.934091,77.329214,20
2026-02-27T00:11:57,870,72.960261,600.0,-0.058149,2.767309,77.329214,20
2026-02-27T00:12:14,871,66.745588,600.0,-0.058762,2.283517,77.329214,20
2026-02-27T00:12:30,872,65.497124,600.0,-0.059646,2.276683,77.329214,20
2026-02-27T00:12:47,873,62.386094,600.0,-0.059987,1.914753,77.329214,20
2026-02-27T00:13:03,874,64.265926,600.0,-0.057871,2.560972,77.329214,20
2026-02-27T00:13:19,875,56.795141,600.0,-0.058091,3.084538,77.329214,20
2026-02-27T00:13:36,876,61.769271,600.0,-0.052745,3.3535,77.329214,20
2026-02-27T00:13:52,877,62.994288,600.0,-0.058341,2.937387,77.329214,20
2026-02-27T00:14:09,878,66.09988,600.0,-0.060088,1.74026,77.329214,20
2026-02-27T00:14:25,879,64.237088,600.0,-0.059126,3.170767,77.329214,20
2026-02-27T00:14:42,880,70.458387,600.0,-0.059514,2.314738,77.329214,20
2026-02-27T00:14:58,881,62.38925,600.0,-0.058481,2.737725,77.329214,20
2026-02-27T00:15:15,882,58.034249,600.0,-0.058404,1.925806,77.329214,20
2026-02-27T00:15:31,883,60.517991,600.0,-0.059568,2.43117,77.329214,20
2026-02-27T00:15:48,884,59.862442,600.0,-0.059018,3.140722,77.329214,20
2026-02-27T00:16:05,885,59.886321,600.0,-0.059067,2.694417,77.329214,20
2026-02-27T00:16:21,886,62.385485,600.0,-0.05887,2.400705,77.329214,20
2026-02-27T00:16:38,887,62.381308,600.0,-0.059451,2.736614,77.329214,20
2026-02-27T00:16:54,888,58.047593,600.0,-0.060542,2.657611,77.329214,20
2026-02-27T00:17:11,889,67.343361,600.0,-0.058311,2.4125,77.329214,20
2026-02-27T00:17:27,890,54.316794,600.0,-0.060487,2.18576,77.329214,20
2026-02-27T00:17:44,891,71.694178,600.0,-0.057718,2.542629,77.329214,20
2026-02-27T00:18:00,892,64.872427,600.0,-0.056392,2.862001,77.329214,20
2026-02-27T00:18:18,893,61.766908,600.0,-0.059888,1.983227,77.329214,20
2026-02-27T00:18:35,894,56.167113,600.0,-0.05674,2.072183,77.329214,20
2026-02-27T00:18:52,895,58.670649,600.0,-0.060281,2.292167,77.329214,20
2026-02-27T00:19:09,896,57.398769,600.0,-0.05883,2.4895,77.329214,20
2026-02-27T00:19:26,897,64.867611,600.0,-0.058996,2.935447,77.329214,20
2026-02-27T00:19:43,898,59.903993,600.0,-0.059957,2.15271,77.329214,20
2026-02-27T00:20:00,899,66.139424,600.0,-0.060956,2.132233,77.329214,20
2026-02-27T00:20:16,900,67.355831,600.0,-0.055435,2.347932,77.329214,20
2026-02-27T00:20:33,901,72.319897,600.0,-0.058727,3.294528,77.329214,20
2026-02-27T00:20:50,902,59.288067,600.0,-0.058757,2.897021,77.329214,20
2026-02-27T00:21:06,903,70.479798,600.0,-0.05958,2.133123,77.329214,20
2026-02-27T00:21:23,904,59.281099,600.0,-0.059013,3.140111,77.329214,20
2026-02-27T00:21:39,905,60.527222,600.0,-0.059732,2.016306,77.329214,20
2026-02-27T00:21:56,906,64.242736,600.0,-0.058771,2.748948,77.329214,20
2026-02-27T00:22:12,907,64.251322,600.0,-0.060519,2.570083,77.329214,20
2026-02-27T00:22:29,908,63.612464,600.0,-0.05959,3.417172,77.329214,20
2026-02-27T00:22:45,909,64.251603,600.0,-0.060924,2.311085,77.329214,20
2026-02-27T00:23:02,910,64.240453,600.0,-0.059888,2.74686,77.329214,20
2026-02-27T00:23:18,911,61.757169,600.0,-0.053839,2.324787,77.329214,20
2026-02-27T00:23:35,912,67.374542,600.0,-0.059099,2.246607,77.329214,20
2026-02-27T00:23:51,913,57.395718,600.0,-0.059857,2.8618,77.329214,20
2026-02-27T00:24:08,914,58.032381,600.0,-0.056726,1.596629,77.329214,20
2026-02-27T00:24:24,915,65.505638,600.0,-0.059201,2.446869,77.329214,20
2026-02-27T00:24:41,916,67.363645,600.0,-0.058819,2.672043,77.329214,20
2026-02-27T00:24:57,917,59.911901,600.0,-0.060081,4.420462,77.329214,20
2026-02-27T00:25:14,918,54.931896,600.0,-0.060374,2.607023,77.329214,20
2026-02-27T00:25:30,919,76.081076,600.0,-0.058998,2.807878,77.329214,20
2026-02-27T00:25:47,920,56.187697,600.0,-0.060832,2.50582,77.329214,20
2026-02-27T00:26:03,921,58.669709,600.0,-0.059472,2.579526,77.329214,20
2026-02-27T00:26:20,922,68.616325,600.0,-0.059605,2.471968,77.329214,20
2026-02-27T00:26:36,923,67.357935,600.0,-0.059453,2.14472,77.329214,20
2026-02-27T00:26:53,924,63.013625,600.0,-0.058974,1.584684,77.329214,20
2026-02-27T00:27:09,925,51.815909,600.0,-0.059465,4.000337,77.329214,20
2026-02-27T00:27:26,926,68.612402,600.0,-0.060543,2.636424,77.329214,20
2026-02-27T00:27:42,927,69.230543,600.0,-0.039735,2.421264,77.329214,20
2026-02-27T00:27:59,928,67.959871,600.0,-0.051963,3.196758,77.329214,20
2026-02-27T00:28:15,929,68.616148,600.0,-0.056372,2.592017,77.329214,20
2026-02-27T00:28:32,930,69.866015,600.0,-0.056084,2.582551,77.329214,20
2026-02-27T00:28:49,931,63.618646,600.0,-0.059215,1.817232,77.329214,20
2026-02-27T00:29:05,932,63.025034,600.0,-0.057069,2.636217,77.329214,20
2026-02-27T00:29:22,933,59.280609,600.0,-0.044792,2.345747,77.329214,20
2026-02-27T00:29:38,934,64.248903,600.0,-0.059978,1.86035,77.329214,20
2026-02-27T00:29:55,935,59.236987,600.0,-0.060813,3.461772,77.329214,20
2026-02-27T00:30:11,936,63.645475,600.0,-0.058413,2.077015,77.329214,20
2026-02-27T00:30:30,937,53.671255,600.0,-0.041109,3.5651,77.329214,20
2026-02-27T00:30:49,938,63.622253,600.0,-0.059359,2.247384,77.329214,20
2026-02-27T00:31:09,939,68.632559,600.0,-0.051089,2.468256,77.329214,20
2026-02-27T00:31:28,940,64.880096,600.0,-0.059797,2.706204,77.329214,20
2026-02-27T00:31:47,941,62.389487,600.0,-0.058414,2.943412,77.329214,20
2026-02-27T00:32:07,942,80.424033,600.0,-0.059801,3.027701,80.424033,20
2026-02-27T00:32:26,943,63.645261,600.0,-0.059722,2.35925,80.424033,20
2026-02-27T00:32:45,944,68.611697,600.0,-0.058807,5.597646,80.424033,20
2026-02-27T00:33:05,945,58.651622,600.0,-0.059445,3.704897,80.424033,20
2026-02-27T00:33:24,946,69.228216,600.0,-0.058035,3.154686,80.424033,20
2026-02-27T00:33:44,947,64.848426,600.0,-0.059824,2.952977,80.424033,20
2026-02-27T00:34:03,948,71.124273,600.0,-0.059859,2.497098,80.424033,20
2026-02-27T00:34:23,949,71.741298,600.0,-0.061019,2.653162,80.424033,20
2026-02-27T00:34:42,950,63.653165,600.0,-0.06038,2.360207,80.424033,20
2026-02-27T00:35:02,951,68.639836,600.0,-0.05872,2.844412,80.424033,20
2026-02-27T00:35:21,952,66.746131,600.0,-0.058817,2.42908,80.424033,20
2026-02-27T00:35:40,953,69.864803,600.0,-0.0594,2.42153,80.424033,20
2026-02-27T00:35:59,954,76.698266,600.0,-0.060295,2.516392,80.424033,20
2026-02-27T00:36:18,955,66.754856,600.0,-0.060112,2.927741,80.424033,20
2026-02-27T00:36:37,956,69.87058,600.0,-0.059153,2.819178,80.424033,20
2026-02-27T07:52:48,1,53.072103,600.0,-0.054334,9.180115,53.072103,20
2026-02-27T07:52:58,2,61.150279,600.0,-0.060556,9.761822,61.150279,20
2026-02-27T07:53:12,3,78.576772,600.0,-0.058986,12.732334,78.576772,20
2026-02-27T07:54:03,4,57.429151,600.0,-0.060701,9.759401,78.576772,20
2026-02-27T07:54:36,5,58.038151,600.0,-0.060339,8.629978,78.576772,20
2026-02-27T07:54:46,6,64.265694,600.0,-0.059246,8.445524,78.576772,20
2026-02-27T07:54:58,7,61.780809,600.0,-0.059155,7.774347,78.576772,20
2026-02-27T07:55:09,8,64.886794,600.0,-0.058843,7.236502,78.576772,20
2026-02-27T07:55:18,9,68.638328,600.0,-0.060094,7.263719,78.576772,20
2026-02-27T07:56:49,10,70.472334,600.0,-0.058865,4.947883,78.576772,20
2026-02-27T07:57:38,11,73.589155,600.0,-0.061016,3.715656,78.576772,20
2026-02-27T07:57:52,12,63.63866,600.0,-0.06095,2.974171,78.576772,20
2026-02-27T07:58:02,13,64.889444,600.0,-0.060514,2.142442,78.576772,20
2026-02-27T07:58:12,14,71.71909,600.0,-0.060418,3.589804,78.576772,20
2026-02-27T07:58:22,15,58.672426,600.0,-0.060154,3.210895,78.576772,20
2026-02-27T07:58:32,16,68.60783,600.0,-0.059974,2.835079,78.576772,20
2026-02-27T07:58:42,17,74.181547,600.0,-0.059846,3.163151,78.576772,20
2026-02-27T07:58:52,18,53.68578,600.0,-0.060935,2.846826,78.576772,20
2026-02-27T07:59:02,19,64.249736,600.0,-0.060124,2.15741,78.576772,20
2026-02-27T07:59:12,20,59.295873,600.0,-0.059877,2.31708,78.576772,20
2026-02-27T07:59:23,21,64.254692,600.0,-0.058549,2.614811,78.576772,20
2026-02-27T07:59:36,22,67.987743,600.0,-0.059356,3.523739,78.576772,20
2026-02-27T07:59:49,23,59.894111,600.0,-0.059397,5.127236,78.576772,20
2026-02-27T08:00:00,24,66.120907,600.0,-0.059877,2.42287,78.576772,20
2026-02-27T08:00:10,25,66.72555,600.0,-0.061268,2.993405,78.576772,20
2026-02-27T08:00:20,26,67.989127,600.0,-0.059574,2.724239,78.576772,20
2026-02-27T08:00:31,27,56.148655,600.0,-0.059668,4.841023,78.576772,20
2026-02-27T08:00:41,28,71.090096,600.0,-0.050389,3.002416,78.576772,20
2026-02-27T08:00:51,29,59.286139,600.0,-0.056941,2.312507,78.576772,20
2026-02-27T08:01:01,30,64.254577,600.0,-0.058722,2.499677,78.576772,20
2026-02-27T08:01:12,31,66.72126,600.0,0.071578,2.589767,78.576772,20
2026-02-27T08:01:23,32,74.831877,600.0,-0.049768,2.900351,78.576772,20
2026-02-27T08:01:34,33,79.804633,600.0,-0.056267,3.920376,79.804633,20
2026-02-27T08:01:44,34,71.718562,600.0,-0.059761,3.488424,79.804633,20
2026-02-27T08:01:54,35,71.727221,600.0,-0.058602,3.579394,79.804633,20
2026-02-27T08:02:04,36,66.12083,600.0,-0.059917,6.207879,79.804633,20
2026-02-27T08:02:17,37,77.31805,600.0,-0.059667,5.744772,79.804633,20
2026-02-27T08:02:27,38,69.242474,600.0,-0.060222,4.257477,79.804633,20
2026-02-27T08:02:38,39,78.573217,600.0,-0.060656,3.805829,79.804633,20
2026-02-27T08:02:49,40,56.170472,600.0,-0.059652,7.131351,79.804633,20
2026-02-27T08:03:01,41,66.728772,600.0,-0.060428,3.572443,79.804633,20
2026-02-27T08:03:12,42,71.091881,600.0,-0.059983,2.773089,79.804633,20
2026-02-27T08:03:27,43,71.712499,600.0,-0.059982,2.903553,79.804633,20
2026-02-27T08:03:37,44,74.202619,600.0,-0.061001,4.977742,79.804633,20
2026-02-27T08:03:49,45,76.070458,600.0,-0.05209,5.814465,79.804633,20
2026-02-27T08:03:58,46,71.7127,600.0,-0.059668,3.032402,79.804633,20
2026-02-27T08:04:09,47,68.606076,600.0,-0.060051,3.337606,79.804633,20
2026-02-27T08:04:27,48,78.536639,600.0,-0.060419,5.94378,79.804633,20
2026-02-27T08:04:39,49,71.089595,600.0,-0.059842,4.100213,79.804633,20
2026-02-27T08:05:20,50,73.583415,600.0,-0.059864,4.358436,79.804633,20
2026-02-27T08:06:12,51,64.239452,600.0,-0.060301,2.665803,79.804633,20
2026-02-27T08:06:44,52,78.553908,600.0,-0.061558,3.370097,79.804633,20
2026-02-27T08:06:54,53,77.315953,600.0,-0.061254,4.963031,79.804633,20
2026-02-27T08:07:04,54,67.36016,600.0,-0.060551,3.968741,79.804633,20
2026-02-27T08:07:15,55,86.639218,600.0,-0.059356,5.96395,86.639218,20
2026-02-27T08:07:26,56,81.664264,600.0,-0.060653,5.671433,86.639218,20
2026-02-27T08:07:36,57,74.2008,600.0,-0.059839,3.506754,86.639218,20
2026-02-27T08:07:46,58,77.312371,600.0,-0.059733,4.280543,86.639218,20
2026-02-27T08:07:56,59,80.431477,600.0,-0.060162,3.743693,86.639218,20
2026-02-27T08:08:06,60,56.786754,600.0,-0.060825,2.618009,86.639218,20
2026-02-27T08:08:16,61,64.874309,600.0,-0.059496,2.720549,86.639218,20
2026-02-27T08:08:27,62,74.819348,600.0,-0.060387,4.035041,86.639218,20
2026-02-27T08:08:37,63,67.978671,600.0,-0.060428,3.305301,86.639218,20
2026-02-27T08:08:48,64,70.464826,600.0,-0.05928,4.111402,86.639218,20
2026-02-27T08:08:58,65,71.08845,600.0,-0.059011,2.604063,86.639218,20
2026-02-27T08:09:10,66,81.661917,600.0,-0.060014,3.589921,86.639218,20
2026-02-27T08:09:20,67,67.334929,600.0,-0.060567,3.039052,86.639218,20
2026-02-27T08:09:43,68,74.210816,600.0,-0.060163,3.647179,86.639218,20
2026-02-27T08:11:50,69,72.330607,600.0,-0.059441,3.350666,86.639218,20
2026-02-27T08:12:48,70,76.069692,600.0,-0.060716,5.554816,86.639218,20
2026-02-27T08:12:58,71,76.071915,600.0,-0.06096,3.517085,86.639218,20
2026-02-27T08:13:09,72,67.34341,600.0,-0.060595,4.429725,86.639218,20
2026-02-27T08:13:19,73,74.814,600.0,-0.060492,2.928766,86.639218,20
2026-02-27T08:13:29,74,66.732877,600.0,-0.059655,5.745141,86.639218,20
2026-02-27T08:13:39,75,70.472131,600.0,-0.061556,3.37246,86.639218,20
2026-02-27T08:13:51,76,71.716902,600.0,-0.060966,3.754714,86.639218,20
2026-02-27T08:14:03,77,71.09172,600.0,-0.059914,4.623768,86.639218,20
2026-02-27T08:14:13,78,74.818971,600.0,-0.060933,9.528404,86.639218,20
2026-02-27T08:14:23,79,72.957304,600.0,-0.060233,3.016886,86.639218,20
2026-02-27T08:14:33,80,82.283217,600.0,-0.06011,4.043985,86.639218,20
2026-02-27T08:14:47,81,71.080198,600.0,-0.052001,3.46505,86.639218,20
2026-02-27T08:14:58,82,66.734248,600.0,-0.058879,3.256944,86.639218,20
2026-02-27T08:15:08,83,72.31775,600.0,-0.061091,3.967257,86.639218,20
2026-02-27T08:15:18,84,78.546425,600.0,-0.060692,3.175975,86.639218,20
2026-02-27T08:15:32,85,72.971034,600.0,-0.0601,3.663474,86.639218,20
2026-02-27T08:15:42,86,77.926418,600.0,-0.060844,3.032053,86.639218,20
2026-02-27T08:15:54,87,72.320772,600.0,-0.061204,4.06936,86.639218,20
2026-02-27T08:16:04,88,75.433743,600.0,-0.060838,3.726172,86.639218,20
2026-02-27T08:16:15,89,76.688577,600.0,-0.060752,5.222189,86.639218,20
2026-02-27T08:16:25,90,79.178252,600.0,-0.060737,3.574159,86.639218,20
2026-02-27T08:16:36,91,71.062768,600.0,-0.060649,4.698776,86.639218,20
2026-02-27T08:16:45,92,74.197964,600.0,-0.060404,4.350708,86.639218,20
2026-02-27T08:16:57,93,73.568162,600.0,-0.059027,2.981339,86.639218,20
2026-02-27T08:17:09,94,67.987193,600.0,-0.061364,2.395298,86.639218,20
2026-02-27T08:17:19,95,63.608878,600.0,-0.05944,8.720675,86.639218,20
2026-02-27T08:17:29,96,77.929415,600.0,-0.060108,9.519777,86.639218,20
2026-02-27T08:17:41,97,77.934187,600.0,-0.059418,9.124527,86.639218,20
2026-02-27T08:17:51,98,68.593439,600.0,-0.059913,2.963613,86.639218,20
2026-02-27T08:18:02,99,74.807026,600.0,-0.060454,5.000514,86.639218,20
2026-02-27T08:18:13,100,75.438907,600.0,-0.060839,3.53756,86.639218,20
2026-02-27T08:18:25,101,62.998811,600.0,-0.060227,3.175616,86.639218,20
2026-02-27T08:18:36,102,75.437589,600.0,-0.060179,2.768464,86.639218,20
2026-02-27T08:18:46,103,80.407716,600.0,-0.059977,3.648352,86.639218,20
2026-02-27T08:18:55,104,76.072374,600.0,-0.06161,3.30201,86.639218,20
2026-02-27T08:19:06,105,76.677034,600.0,-0.060816,4.00192,86.639218,20
2026-02-27T08:19:16,106,64.866585,600.0,-0.060751,3.390105,86.639218,20
2026-02-27T08:19:26,107,79.814983,600.0,-0.054619,3.750277,86.639218,20
2026-02-27T08:20:36,108,68.610089,600.0,-0.057643,3.269925,86.639218,20
2026-02-27T08:20:48,109,77.902146,600.0,-0.061132,3.814367,86.639218,20
2026-02-27T08:20:59,110,78.537354,600.0,-0.060951,3.220255,86.639218,20
2026-02-27T08:21:10,111,74.188674,600.0,-0.061155,2.980992,86.639218,20
2026-02-27T08:21:21,112,73.561183,600.0,-0.061628,3.450207,86.639218,20
2026-02-27T08:21:30,113,78.563718,600.0,-0.061457,3.57268,86.639218,20
2026-02-27T08:21:41,114,84.754935,600.0,-0.061418,3.969655,86.639218,20
2026-02-27T08:21:53,115,74.818942,600.0,-0.061074,4.630866,86.639218,20
2026-02-27T08:22:03,116,79.773765,600.0,-0.06081,10.098153,86.639218,20
2026-02-27T08:22:14,117,74.165665,600.0,-0.061157,3.187341,86.639218,20
2026-02-27T08:22:25,118,72.925292,600.0,-0.061116,3.472068,86.639218,20
2026-02-27T08:22:35,119,71.069438,600.0,-0.061313,3.73926,86.639218,20
2026-02-27T08:22:46,120,85.363329,600.0,-0.061544,2.936409,86.639218,20
2026-02-27T08:22:57,121,64.227986,600.0,-0.060604,3.33618,86.639218,20
2026-02-27T08:23:06,122,71.094467,600.0,-0.061341,3.618721,86.639218,20
2026-02-27T08:23:16,123,75.44354,600.0,-0.060928,2.900573,86.639218,20
2026-02-27T08:23:26,124,82.900416,600.0,-0.060565,3.191944,86.639218,20
2026-02-27T08:23:37,125,79.788884,600.0,-0.061847,3.38905,86.639218,20
2026-02-27T08:23:47,126,72.943096,600.0,-0.060394,4.35846,86.639218,20
2026-02-27T08:23:57,127,79.159278,600.0,-0.060245,8.012919,86.639218,20
2026-02-27T08:24:07,128,81.651122,600.0,-0.060622,6.39654,86.639218,20
2026-02-27T08:24:17,129,82.883099,600.0,-0.059937,5.405755,86.639218,20
2026-02-27T08:24:28,130,73.575386,600.0,-0.061397,2.689307,86.639218,20
2026-02-27T08:24:38,131,79.174537,600.0,-0.059245,3.48432,86.639218,20
2026-02-27T08:24:50,132,82.264024,600.0,-0.060049,6.976628,86.639218,20
2026-02-27T08:25:00,133,79.786443,600.0,-0.060408,3.978975,86.639218,20
2026-02-27T08:25:16,134,79.79127,600.0,-0.06133,3.544399,86.639218,20
2026-02-27T08:25:25,135,81.044063,600.0,-0.061716,4.19008,86.639218,20
2026-02-27T08:25:35,136,72.334545,600.0,-0.061886,3.537869,86.639218,20
2026-02-27T08:25:45,137,87.867829,600.0,-0.062136,5.754647,87.867829,20
2026-02-27T08:25:55,138,71.09911,600.0,-0.060283,3.014433,87.867829,20
2026-02-27T08:26:06,139,77.928065,600.0,-0.018296,5.611958,87.867829,20
2026-02-27T08:26:17,140,72.956037,600.0,-0.056399,3.841655,87.867829,20
2026-02-27T08:26:28,141,75.439922,600.0,-0.061217,3.905004,87.867829,20
2026-02-27T08:27:05,142,62.356231,600.0,-0.060756,4.338243,87.867829,20
2026-02-27T08:27:18,143,68.569603,600.0,-0.058382,5.795701,87.867829,20
2026-02-27T08:29:05,144,77.927693,600.0,-0.060445,3.346534,87.867829,20
2026-02-27T08:30:30,145,82.891744,600.0,-0.061029,4.089818,87.867829,20
2026-02-27T08:30:40,146,70.453028,600.0,-0.061252,5.064367,87.867829,20
2026-02-27T08:30:50,147,87.870297,600.0,-0.060788,3.752739,87.870297,20
2026-02-27T08:31:00,148,81.638017,600.0,-0.060104,3.805885,87.870297,20
2026-02-27T08:31:10,149,76.052016,600.0,-0.060743,3.536924,87.870297,20
2026-02-27T08:31:20,150,78.540287,600.0,-0.029383,3.65859,87.870297,20
2026-02-27T08:31:29,151,77.29649,600.0,-0.051653,3.340822,87.870297,20
2026-02-27T08:31:39,152,64.853534,600.0,-0.061092,9.164388,87.870297,20
2026-02-27T08:31:49,153,72.922584,600.0,-0.060979,5.241388,87.870297,20
2026-02-27T08:32:00,154,76.066906,600.0,-0.062255,3.434404,87.870297,20
2026-02-27T08:32:10,155,74.815329,600.0,-0.060097,3.065325,87.870297,20
2026-02-27T08:32:20,156,74.190822,600.0,-0.061159,4.404662,87.870297,20
2026-02-27T08:32:29,157,74.178378,600.0,-0.061027,3.133668,87.870297,20
2026-02-27T08:32:39,158,77.273728,600.0,-0.060833,3.743551,87.870297,20
2026-02-27T08:32:49,159,74.794331,600.0,-0.061195,8.208553,87.870297,20
2026-02-27T08:32:59,160,71.07395,600.0,-0.06269,4.006064,87.870297,20
2026-02-27T08:33:11,161,85.39274,600.0,-0.060714,3.848015,87.870297,20
2026-02-27T08:33:20,162,72.920492,600.0,0.045848,4.819284,87.870297,20
2026-02-27T08:33:33,163,59.882653,600.0,-0.046836,4.165093,87.870297,20
2026-02-27T08:33:43,164,53.66809,600.0,-0.061906,3.240752,87.870297,20
2026-02-27T08:33:53,165,54.920119,600.0,0.079226,2.49542,87.870297,20
2026-02-27T08:34:03,166,41.207634,600.0,-0.055789,1.77162,87.870297,20
2026-02-27T08:34:14,167,43.693025,600.0,-0.057899,1.885829,87.870297,20
2026-02-27T08:34:24,168,39.34907,600.0,-0.049702,1.982215,87.870297,20
2026-02-27T08:35:24,169,33.717602,600.0,0.098591,1.385289,87.870297,20
2026-02-27T08:37:01,170,23.690389,600.0,-0.058861,4.642817,87.870297,20
2026-02-27T08:37:57,171,33.686922,600.0,-0.062446,2.238883,87.870297,20
2026-02-27T08:39:24,172,31.808715,600.0,-0.063472,1.694148,87.870297,20
2026-02-27T08:39:34,173,29.929367,600.0,-0.060517,3.857668,87.870297,20
2026-02-27T08:39:46,174,36.157998,600.0,0.017962,1.259503,87.870297,20
2026-02-27T08:39:56,175,28.64497,600.0,-0.015971,3.006698,87.870297,20
2026-02-27T08:40:06,176,19.288716,600.0,-0.013791,1.325957,87.870297,20
2026-02-27T08:40:16,177,18.659732,600.0,0.003756,1.284318,87.870297,20
2026-02-27T08:40:28,178,19.287991,600.0,-0.027746,1.021766,87.870297,20
2026-02-27T08:40:41,179,17.390973,600.0,-0.026547,4.312435,87.870297,20
2026-02-27T08:40:51,180,21.784712,600.0,-0.061284,6.743466,87.870297,20
2026-02-27T08:41:03,181,21.161697,600.0,-0.062662,1.292305,87.870297,20
2026-02-27T08:41:15,182,23.035766,600.0,-0.060189,0.962788,87.870297,20
2026-02-27T08:41:25,183,22.389958,600.0,-0.061254,2.830262,87.870297,20
2026-02-27T08:41:37,184,24.296203,600.0,-0.037538,2.416893,87.870297,20
2026-02-27T08:41:47,185,29.25394,600.0,-0.059138,2.025818,87.870297,20
2026-02-27T08:41:59,186,31.764455,600.0,-0.05734,1.737762,87.870297,20
2026-02-27T08:42:10,187,28.023401,600.0,-0.04307,1.370097,87.870297,20
2026-02-27T08:42:26,188,27.428779,600.0,-0.034613,1.186804,87.870297,20
2026-02-27T08:42:38,189,32.4164,600.0,-0.062498,1.722456,87.870297,20
2026-02-27T08:42:51,190,26.183928,600.0,-0.063096,1.046236,87.870297,20
2026-02-27T08:43:02,191,28.669954,600.0,-0.054339,1.73009,87.870297,20
2026-02-27T08:43:12,192,18.681513,600.0,0.062255,1.212726,87.870297,20
2026-02-27T08:43:21,193,21.804107,600.0,-0.053764,1.07632,87.870297,20
2026-02-27T08:43:31,194,24.904336,600.0,-0.063503,1.241662,87.870297,20
2026-02-27T08:43:42,195,26.154026,600.0,-0.056501,1.633546,87.870297,20
2026-02-27T08:43:53,196,33.03918,600.0,-0.061541,1.818885,87.870297,20
2026-02-27T08:44:04,197,23.672299,600.0,-0.058314,0.802479,87.870297,20
2026-02-27T08:44:16,198,26.795213,600.0,-0.027291,1.326658,87.870297,20
2026-02-27T08:44:25,199,24.269535,600.0,-0.061678,2.802101,87.870297,20
2026-02-27T08:44:35,200,27.401262,600.0,-0.064073,1.926355,87.870297,20
2026-02-27T08:44:46,201,27.392268,600.0,-0.061217,1.158952,87.870297,20
2026-02-27T08:45:10,202,32.343517,600.0,-0.060722,1.177503,87.870297,20
2026-02-27T08:45:20,203,19.864911,600.0,-0.035624,1.159635,87.870297,20
2026-02-27T08:45:30,204,21.75476,600.0,-0.063194,2.825807,87.870297,20
2026-02-27T08:45:41,205,29.250956,600.0,-0.063715,2.885141,87.870297,20
2026-02-27T08:45:52,206,31.751519,600.0,-0.058841,1.790846,87.870297,20
2026-02-27T08:46:01,207,23.037851,600.0,-0.062008,1.544559,87.870297,20
2026-02-27T08:46:11,208,30.525615,600.0,-0.061557,1.525341,87.870297,20
2026-02-27T08:46:22,209,28.632839,600.0,-0.061708,1.025613,87.870297,20
2026-02-27T08:46:35,210,25.523132,600.0,-0.056958,2.933702,87.870297,20
2026-02-27T08:46:45,211,25.527028,600.0,-0.061856,2.747316,87.870297,20
2026-02-27T08:46:55,212,29.254997,600.0,-0.061435,1.427222,87.870297,20
2026-02-27T08:47:05,213,32.989196,600.0,-0.062249,1.142404,87.870297,20
2026-02-27T08:47:15,214,23.656256,600.0,-0.062413,3.595798,87.870297,20
2026-02-27T08:47:25,215,27.398002,600.0,-0.063718,1.171883,87.870297,20
2026-02-27T08:47:35,216,24.913655,600.0,-0.052295,1.347406,87.870297,20
2026-02-27T08:47:46,217,24.280354,600.0,-0.061108,1.111932,87.870297,20
2026-02-27T08:47:57,218,33.652501,600.0,-0.002571,1.709392,87.870297,20
2026-02-27T08:48:07,219,32.421787,600.0,-0.060703,1.466699,87.870297,20
2026-02-27T08:48:16,220,34.274914,600.0,-0.056879,1.309867,87.870297,20
2026-02-27T08:48:26,221,32.429426,600.0,-0.064774,1.198641,87.870297,20
2026-02-27T08:48:36,222,34.910606,600.0,-0.063171,1.777889,87.870297,20
2026-02-27T08:48:46,223,34.89898,600.0,-0.063658,3.059201,87.870297,20
2026-02-27T08:48:56,224,34.93244,600.0,-0.065898,1.40037,87.870297,20
2026-02-27T08:49:06,225,31.807562,600.0,-0.063208,1.667907,87.870297,20
2026-02-27T08:49:16,226,26.799795,600.0,-0.061728,2.704097,87.870297,20
2026-02-27T08:49:26,227,37.426505,600.0,-0.047057,1.671193,87.870297,20
2026-02-27T08:49:36,228,35.550883,600.0,-0.064047,1.428324,87.870297,20
2026-02-27T08:49:50,229,34.320584,600.0,-0.060118,2.918824,87.870297,20
2026-02-27T08:50:01,230,43.031564,600.0,-0.035801,1.813278,87.870297,20
2026-02-27T08:50:12,231,43.663619,600.0,-0.064221,1.976956,87.870297,20
2026-02-27T08:50:24,232,41.794392,600.0,-0.063676,1.883182,87.870297,20
2026-02-27T08:50:35,233,43.665483,600.0,-0.063889,1.994664,87.870297,20
2026-02-27T08:50:45,234,36.813203,600.0,-0.063833,1.789605,87.870297,20
2026-02-27T08:50:55,235,38.049171,600.0,-0.064477,1.922119,87.870297,20
2026-02-27T08:51:05,236,38.024029,600.0,-0.064052,2.608768,87.870297,20
2026-02-27T08:51:16,237,34.299465,600.0,-0.060971,2.10518,87.870297,20
2026-02-27T08:51:26,238,38.655449,600.0,-0.06386,2.14009,87.870297,20
2026-02-27T08:51:37,239,38.028903,600.0,-0.065269,2.386409,87.870297,20
2026-02-27T08:51:50,240,33.073934,600.0,-0.06364,1.411854,87.870297,20
2026-02-27T08:52:00,241,39.92803,600.0,-0.059189,1.605783,87.870297,20
2026-02-27T08:52:09,242,43.682211,600.0,-0.064703,2.20699,87.870297,20
2026-02-27T08:52:19,243,42.45399,600.0,-0.064867,1.350121,87.870297,20
2026-02-27T08:52:29,244,43.656435,600.0,-0.064069,1.768802,87.870297,20
2026-02-27T08:52:39,245,44.915598,600.0,-0.06365,1.890061,87.870297,20
2026-02-27T08:52:49,246,45.521512,600.0,-0.052647,2.962522,87.870297,20
2026-02-27T08:52:59,247,31.179504,600.0,-0.063639,2.967519,87.870297,20
2026-02-27T08:53:09,248,38.665115,600.0,-0.063871,1.714059,87.870297,20
2026-02-27T08:53:19,249,38.032003,600.0,-0.063944,1.867014,87.870297,20
2026-02-27T08:53:30,250,46.77369,600.0,-0.063616,1.893302,87.870297,20
2026-02-27T08:53:40,251,43.651374,600.0,-0.064008,2.629291,87.870297,20
2026-02-27T08:53:51,252,41.175391,600.0,-0.062774,1.871821,87.870297,20
2026-02-27T08:54:01,253,43.043516,600.0,-0.056762,1.879861,87.870297,20
2026-02-27T08:54:11,254,41.161374,600.0,-0.065142,1.959423,87.870297,20
2026-02-27T08:54:21,255,36.792756,600.0,-0.063379,1.845403,87.870297,20
2026-02-27T08:54:32,256,46.731014,600.0,-0.063114,2.648772,87.870297,20
2026-02-27T08:54:42,257,35.506335,600.0,-0.06368,2.362048,87.870297,20
2026-02-27T08:54:56,258,44.877299,600.0,-0.064295,2.110583,87.870297,20
2026-02-27T08:55:30,259,31.779253,600.0,-0.065217,2.475223,87.870297,20
2026-02-27T08:55:43,260,41.149423,600.0,-0.063614,1.661606,87.870297,20
2026-02-27T08:55:56,261,41.167996,600.0,-0.061459,1.802085,87.870297,20
2026-02-27T08:56:07,262,29.931375,600.0,-0.057076,3.19165,87.870297,20
2026-02-27T08:56:17,263,36.792778,600.0,-0.064127,1.63112,87.870297,20
2026-02-27T08:56:27,264,31.803882,600.0,-0.064894,1.032628,87.870297,20
2026-02-27T08:56:37,265,34.286018,600.0,-0.063039,1.335753,87.870297,20
2026-02-27T08:56:46,266,39.881046,600.0,-0.064844,1.686167,87.870297,20
2026-02-27T08:56:57,267,36.769878,600.0,-0.065433,1.463266,87.870297,20
2026-02-27T08:57:07,268,36.781427,600.0,-0.064855,1.792215,87.870297,20
2026-02-27T08:57:18,269,43.638914,600.0,-0.064618,2.154262,87.870297,20
2026-02-27T08:57:28,270,38.031196,600.0,-0.065355,1.383855,87.870297,20
2026-02-27T08:57:39,271,38.035969,600.0,-0.06463,1.684116,87.870297,20
2026-02-27T08:57:48,272,36.802155,600.0,-0.065305,1.455765,87.870297,20
2026-02-27T08:58:01,273,32.432371,600.0,-0.064094,2.575681,87.870297,20
2026-02-27T08:58:11,274,43.635813,600.0,-0.063572,2.228107,87.870297,20
2026-02-27T08:58:21,275,44.262949,600.0,-0.063608,1.78233,87.870297,20
2026-02-27T08:58:31,276,45.51519,600.0,-0.062641,1.672793,87.870297,20
2026-02-27T08:58:41,277,52.361743,600.0,-0.036047,2.249165,87.870297,20
2026-02-27T08:58:50,278,40.54628,600.0,-0.063741,1.457608,87.870297,20
2026-02-27T08:59:00,279,44.903929,600.0,-0.065355,1.506538,87.870297,20
2026-02-27T08:59:10,280,47.397369,600.0,-0.064447,1.252182,87.870297,20
2026-02-27T08:59:20,281,40.529579,600.0,-0.064148,2.357737,87.870297,20
2026-02-27T08:59:34,282,39.934287,600.0,-0.065473,3.033147,87.870297,20
2026-02-27T08:59:44,283,48.011392,600.0,-0.065613,4.414462,87.870297,20
2026-02-27T08:59:59,284,46.785627,600.0,-0.064469,2.022936,87.870297,20
2026-02-27T09:00:09,285,58.596054,600.0,-0.053913,3.229977,87.870297,20
2026-02-27T09:00:23,286,65.444575,600.0,-0.060148,3.432912,87.870297,20
2026-02-27T09:00:36,287,61.072331,600.0,-0.063974,3.498831,87.870297,20
2026-02-27T09:00:47,288,60.456027,600.0,-0.064493,3.658278,87.870297,20
2026-02-27T09:01:00,289,51.115078,600.0,-0.054893,2.583148,87.870297,20
2026-02-27T09:01:14,290,65.429169,600.0,-0.065377,3.09449,87.870297,20
2026-02-27T09:01:27,291,57.96441,600.0,-0.06532,3.110265,87.870297,20
2026-02-27T09:01:40,292,67.304283,600.0,-0.065941,3.06786,87.870297,20
2026-02-27T09:01:50,293,69.76422,600.0,-0.064851,5.323334,87.870297,20
2026-02-27T09:02:00,294,64.788967,600.0,-0.063816,4.127524,87.870297,20
2026-02-27T09:02:10,295,69.147703,600.0,-0.063724,3.29491,87.870297,20
2026-02-27T09:02:20,296,82.216461,600.0,-0.065885,3.399566,87.870297,20
2026-02-27T09:02:31,297,80.979081,600.0,-0.057075,3.418703,87.870297,20
2026-02-27T09:02:43,298,69.795706,600.0,-0.063919,5.638773,87.870297,20
2026-02-27T09:02:57,299,67.907573,600.0,-0.064183,5.127576,87.870297,20
2026-02-27T09:03:46,300,67.278166,600.0,-0.064453,3.854834,87.870297,20
2026-02-27T09:04:48,301,72.276045,600.0,-0.065193,6.062327,87.870297,20
2026-02-27T09:04:58,302,67.911304,600.0,-0.065422,6.99211,87.870297,20
2026-02-27T09:05:08,303,71.011912,600.0,-0.06555,4.58697,87.870297,20
2026-02-27T09:05:19,304,74.752125,600.0,-0.064582,3.816228,87.870297,20
2026-02-27T09:05:29,305,79.092239,600.0,-0.064357,3.653551,87.870297,20
2026-02-27T09:05:44,306,78.47269,600.0,-0.065128,3.260876,87.870297,20
2026-02-27T09:05:54,307,75.982404,600.0,-0.06542,4.241711,87.870297,20
2026-02-27T09:06:05,308,78.487352,600.0,-0.062648,4.519652,87.870297,20
2026-02-27T09:06:15,309,75.989825,600.0,-0.065318,4.52993,87.870297,20
2026-02-27T09:06:27,310,87.189313,600.0,-0.066036,3.506512,87.870297,20
2026-02-27T09:06:37,311,73.492784,600.0,-0.064032,3.93339,87.870297,20
2026-02-27T09:06:47,312,78.466384,600.0,-0.065765,3.252504,87.870297,20
2026-02-27T09:06:57,313,77.856901,600.0,-0.065359,3.930063,87.870297,20
2026-02-27T09:07:08,314,79.711027,600.0,-0.064562,4.602622,87.870297,20
2026-02-27T09:07:18,315,77.856727,600.0,-0.064546,3.150394,87.870297,20
2026-02-27T09:07:32,316,78.483601,600.0,-0.063428,3.424719,87.870297,20
2026-02-27T09:07:43,317,77.239892,600.0,-0.062848,3.207081,87.870297,20
2026-02-27T09:07:53,318,72.25405,600.0,-0.064278,5.288594,87.870297,20
2026-02-27T09:08:07,319,70.396574,600.0,-0.065245,3.21033,87.870297,20
2026-02-27T09:08:18,320,72.259921,600.0,-0.06442,4.964084,87.870297,20
2026-02-27T09:08:28,321,75.364815,600.0,-0.065502,3.869047,87.870297,20
2026-02-27T09:08:38,322,80.959544,600.0,-0.065484,3.17319,87.870297,20
2026-02-27T09:08:48,323,71.635948,600.0,-0.064804,4.162656,87.870297,20
2026-02-27T09:08:59,324,71.626197,600.0,-0.064253,3.737209,87.870297,20
2026-02-27T09:09:12,325,75.332119,600.0,-0.064406,8.401031,87.870297,20
2026-02-27T09:09:22,326,91.548008,600.0,-0.065094,3.705893,91.548008,20
2026-02-27T09:09:32,327,80.328028,600.0,-0.062231,4.776483,91.548008,20
2026-02-27T09:09:42,328,83.433814,600.0,-0.063004,5.161104,91.548008,20
2026-02-27T09:09:52,329,75.345419,600.0,-0.05048,3.855133,91.548008,20
2026-02-27T09:10:05,330,84.684971,600.0,-0.065024,3.415432,91.548008,20
2026-02-27T09:10:15,331,70.360233,600.0,-0.064236,3.978844,91.548008,20
2026-02-27T09:11:24,332,72.845331,600.0,-0.064655,4.329239,91.548008,20
2026-02-27T09:13:05,333,72.237975,600.0,-0.064786,3.341206,91.548008,20
2026-02-27T09:13:15,334,86.551377,600.0,-0.064214,3.467967,91.548008,20
2026-02-27T09:13:25,335,84.060204,600.0,-0.062378,3.586533,91.548008,20
2026-02-27T09:13:37,336,87.181784,600.0,-0.065891,4.030016,91.548008,20
2026-02-27T09:13:50,337,79.709127,600.0,-0.043405,6.770104,91.548008,20
2026-02-27T09:14:02,338,75.359095,600.0,-0.064547,4.501478,91.548008,20
2026-02-27T09:14:13,339,72.87026,600.0,-0.066433,3.895131,91.548008,20
2026-02-27T09:14:23,340,77.841852,600.0,-0.064202,3.610809,91.548008,20
2026-02-27T09:14:53,341,87.782928,600.0,-0.066104,3.080967,91.548008,20
2026-02-27T09:15:07,342,75.968172,600.0,-0.062142,3.913789,91.548008,20
2026-02-27T09:15:47,343,82.17828,600.0,-0.064069,3.562617,91.548008,20
2026-02-27T09:15:57,344,77.208007,600.0,-0.062651,3.322591,91.548008,20
2026-02-27T09:16:07,345,79.69512,600.0,-0.064909,3.851333,91.548008,20
2026-02-27T09:16:17,346,74.089769,600.0,-0.065366,3.625122,91.548008,20
2026-02-27T09:16:27,347,72.230768,600.0,-0.061176,2.990021,91.548008,20
2026-02-27T09:16:39,348,80.930097,600.0,-0.060959,3.80496,91.548008,20
2026-02-27T09:16:51,349,66.622957,600.0,-0.066012,2.905674,91.548008,20
2026-02-27T09:17:01,350,78.454115,600.0,-0.061191,4.396749,91.548008,20
2026-02-27T09:17:11,351,76.582513,600.0,-0.065412,5.25937,91.548008,20
2026-02-27T09:17:21,352,80.934757,600.0,-0.064489,3.600123,91.548008,20
2026-02-27T09:17:31,353,82.178959,600.0,-0.066319,3.657065,91.548008,20
2026-02-27T09:17:41,354,92.146813,600.0,-0.064724,4.178267,92.146813,20
2026-02-27T09:17:52,355,76.593266,600.0,-0.064787,3.439855,92.146813,20
2026-02-27T09:18:02,356,87.16081,600.0,-0.066228,4.222898,92.146813,20
2026-02-27T09:18:12,357,82.806046,600.0,-0.064839,4.217749,92.146813,20
2026-02-27T09:18:22,358,77.830284,600.0,-0.065501,3.783337,92.146813,20
2026-02-27T09:18:32,359,92.146882,600.0,-0.065647,3.517145,92.146882,20
2026-02-27T09:18:43,360,82.179523,600.0,-0.065589,3.901497,92.146882,20
2026-02-27T09:18:54,361,82.811994,600.0,-0.064883,3.501014,92.146882,20
2026-02-27T09:19:09,362,90.908605,600.0,-0.06619,3.843118,92.146882,20
2026-02-27T09:19:22,363,83.432962,600.0,-0.065306,3.024175,92.146882,20
2026-02-27T09:19:34,364,84.054074,600.0,-0.065458,3.505702,92.146882,20
2026-02-27T09:19:44,365,77.212664,600.0,-0.05609,4.224686,92.146882,20
2026-02-27T09:19:54,366,82.195225,600.0,-0.061975,4.922179,92.146882,20
2026-02-27T09:20:07,367,82.181179,600.0,-0.06405,3.580015,92.146882,20
2026-02-27T09:20:19,368,63.544776,600.0,-0.065702,3.231156,92.146882,20
2026-02-27T09:20:32,369,79.708814,600.0,-0.064931,3.235704,92.146882,20
2026-02-27T09:20:46,370,82.826172,600.0,-0.065872,3.290703,92.146882,20
2026-02-27T09:21:00,371,74.104428,600.0,-0.06506,4.030377,92.146882,20
2026-02-27T09:21:24,372,66.638485,600.0,-0.06209,4.651879,92.146882,20
2026-02-27T09:34:51,1,80.317748,600.0,-0.053327,12.49528,80.317748,20
2026-02-27T09:34:56,2,80.932094,600.0,-0.066441,11.498731,80.932094,20
2026-02-27T09:35:02,3,87.16017,600.0,-0.065263,13.501663,87.16017,20
2026-02-27T09:35:07,4,82.810214,600.0,-0.067007,12.615006,87.16017,20
2026-02-27T09:35:19,5,73.470641,600.0,-0.065195,10.579751,87.16017,20
2026-02-27T09:35:27,6,78.459641,600.0,-0.066232,11.121903,87.16017,20
2026-02-27T09:35:33,7,79.06853,600.0,-0.066022,10.221121,87.16017,20
2026-02-27T09:35:40,8,84.688434,600.0,-0.065205,9.949369,87.16017,20
2026-02-27T09:35:46,9,83.435934,600.0,-0.066975,9.621915,87.16017,20
2026-02-27T09:35:52,10,79.706123,600.0,-0.066251,6.515419,87.16017,20
2026-02-27T09:35:58,11,77.838379,600.0,-0.066421,5.267139,87.16017,20
2026-02-27T09:36:05,12,82.807574,600.0,-0.066136,3.807146,87.16017,20
2026-02-27T09:36:11,13,80.948437,600.0,-0.06668,3.028855,87.16017,20
2026-02-27T09:36:17,14,84.671727,600.0,-0.0657,2.86647,87.16017,20
2026-02-27T09:36:23,15,77.810066,600.0,-0.066468,3.023852,87.16017,20
2026-02-27T09:36:30,16,84.047189,600.0,-0.066475,3.939937,87.16017,20
2026-02-27T09:36:36,17,86.545072,600.0,-0.065023,3.069055,87.16017,20
2026-02-27T09:36:44,18,78.46681,600.0,-0.066199,3.684559,87.16017,20
2026-02-27T09:36:52,19,87.160832,600.0,-0.065485,3.640602,87.160832,20
2026-02-27T09:37:03,20,79.066309,600.0,-0.065851,4.24542,87.160832,20
2026-02-27T09:37:09,21,80.323189,600.0,-0.066241,3.929176,87.160832,20
2026-02-27T09:37:16,22,82.801352,600.0,-0.066679,3.474631,87.160832,20
2026-02-27T09:37:22,23,79.69315,600.0,-0.065243,4.182186,87.160832,20
2026-02-27T09:37:30,24,75.958092,600.0,-0.066142,4.306928,87.160832,20
2026-02-27T09:37:37,25,81.545993,600.0,-0.063219,4.627699,87.160832,20
2026-02-27T09:37:44,26,83.426897,600.0,-0.066181,4.032219,87.160832,20
2026-02-27T09:37:52,27,84.039188,600.0,-0.066272,5.667845,87.160832,20
2026-02-27T09:37:58,28,89.641603,600.0,-0.066079,3.183978,89.641603,20
2026-02-27T09:38:06,29,87.787493,600.0,-0.065494,2.987744,89.641603,20
2026-02-27T09:38:13,30,88.41253,600.0,-0.064051,3.829511,89.641603,20
2026-02-27T09:38:21,31,81.549212,600.0,-0.066085,4.672086,89.641603,20
2026-02-27T09:38:27,32,84.044165,600.0,-0.062625,3.003394,89.641603,20
2026-02-27T09:38:33,33,90.2669,600.0,-0.063577,3.602746,90.2669,20
2026-02-27T09:38:41,34,80.93062,600.0,-0.066348,3.356921,90.2669,20
2026-02-27T09:38:47,35,95.879826,600.0,-0.065779,3.848766,95.879826,20
2026-02-27T09:38:53,36,86.528578,600.0,-0.065988,3.503114,95.879826,20
2026-02-27T09:38:59,37,82.180347,600.0,-0.06457,6.640038,95.879826,20
2026-02-27T09:39:06,38,85.289432,600.0,-0.067179,3.934988,95.879826,20
2026-02-27T09:39:13,39,87.779009,600.0,-0.067027,3.547161,95.879826,20
2026-02-27T09:39:19,40,75.958353,600.0,-0.066057,4.784335,95.879826,20
2026-02-27T09:39:27,41,87.152613,600.0,-0.06579,3.569005,95.879826,20
2026-02-27T09:39:33,42,84.037208,600.0,-0.066275,3.157605,95.879826,20
2026-02-27T09:39:41,43,85.896381,600.0,-0.063447,3.689697,95.879826,20
2026-02-27T09:39:47,44,74.691964,600.0,-0.064921,5.343361,95.879826,20
2026-02-27T09:39:55,45,78.438589,600.0,-0.023529,3.97022,95.879826,20
2026-02-27T09:40:02,46,84.030143,600.0,-0.066715,4.123674,95.879826,20
2026-02-27T09:40:10,47,77.187365,600.0,-0.066376,3.058377,95.879826,20
2026-02-27T09:40:49,48,79.051726,600.0,-0.064651,4.100252,95.879826,20
2026-02-27T09:40:59,49,73.478247,600.0,-0.066245,3.618036,95.879826,20
2026-02-27T09:41:05,50,84.03104,600.0,-0.065815,4.165722,95.879826,20
2026-02-27T09:41:11,51,75.932405,600.0,-0.065926,3.613958,95.879826,20
2026-02-27T09:41:18,52,89.624706,600.0,-0.057264,3.650757,95.879826,20
2026-02-27T09:41:24,53,92.118604,600.0,-0.06604,4.452006,95.879826,20
2026-02-27T09:41:30,54,82.169549,600.0,-0.066618,4.489306,95.879826,20
2026-02-27T09:41:38,55,84.660652,600.0,-0.066401,3.489317,95.879826,20
2026-02-27T09:41:44,56,87.768243,600.0,-0.066364,3.227077,95.879826,20
2026-02-27T09:41:52,57,89.006764,600.0,-0.065963,3.880529,95.879826,20
2026-02-27T09:42:01,58,80.311745,600.0,-0.052508,2.948267,95.879826,20
2026-02-27T09:42:07,59,85.901735,600.0,-0.043783,4.427502,95.879826,20
2026-02-27T09:42:16,60,83.404183,600.0,-0.065397,4.120019,95.879826,20
2026-02-27T09:42:23,61,84.029725,600.0,-0.066664,4.522623,95.879826,20
2026-02-27T09:42:28,62,83.420672,600.0,-0.065797,3.406221,95.879826,20
2026-02-27T09:42:34,63,82.780704,600.0,-0.065637,4.683197,95.879826,20
2026-02-27T09:42:40,64,78.43405,600.0,-0.065644,3.812711,95.879826,20
2026-02-27T09:42:45,65,80.931475,600.0,-0.064867,3.77772,95.879826,20
2026-02-27T09:42:51,66,90.257754,600.0,-0.066599,4.414639,95.879826,20
2026-02-27T09:42:57,67,78.428613,600.0,-0.066472,3.512049,95.879826,20
2026-02-27T09:43:05,68,86.524511,600.0,-0.066768,3.642984,95.879826,20
2026-02-27T09:43:12,69,90.260664,600.0,-0.066108,3.239259,95.879826,20
2026-02-27T09:43:21,70,80.929422,600.0,-0.066924,3.964411,95.879826,20
2026-02-27T09:43:28,71,80.319791,600.0,-0.065976,3.492867,95.879826,20
2026-02-27T09:43:35,72,90.25827,600.0,-0.066572,3.558137,95.879826,20
2026-02-27T09:43:42,73,84.664766,600.0,-0.05086,3.580852,95.879826,20
2026-02-27T09:43:49,74,82.782346,600.0,-0.060949,5.317369,95.879826,20
2026-02-27T09:43:59,75,82.179459,600.0,-0.066066,3.345906,95.879826,20
2026-02-27T09:44:07,76,77.201453,600.0,-0.065904,3.944087,95.879826,20
2026-02-27T09:44:14,77,74.07926,600.0,-0.065997,7.790016,95.879826,20
2026-02-27T09:44:20,78,81.558023,600.0,-0.067321,4.119246,95.879826,20
2026-02-27T09:44:27,79,72.205989,600.0,-0.06619,9.009482,95.879826,20
2026-02-27T09:44:33,80,77.195658,600.0,-0.067834,5.549551,95.879826,20
2026-02-27T09:44:40,81,87.132782,600.0,-0.066936,4.330163,95.879826,20
2026-02-27T09:44:47,82,85.287594,600.0,-0.065999,3.80297,95.879826,20
2026-02-27T09:44:55,83,83.418207,600.0,-0.066037,4.142865,95.879826,20
2026-02-27T09:45:02,84,85.89922,600.0,-0.055014,4.068047,95.879826,20
2026-02-27T09:45:08,85,79.069107,600.0,-0.064107,3.541728,95.879826,20
2026-02-27T09:45:14,86,80.297729,600.0,-0.066386,3.93655,95.879826,20
2026-02-27T09:45:25,87,75.329535,600.0,-0.065866,2.755569,95.879826,20
2026-02-27T09:45:33,88,73.473773,600.0,-0.065832,2.913686,95.879826,20
2026-02-27T09:45:39,89,84.039622,600.0,-0.065926,4.783923,95.879826,20
2026-02-27T09:45:46,90,72.862042,600.0,-0.066567,3.847391,95.879826,20
2026-02-27T09:45:54,91,62.875965,600.0,-0.066869,4.663891,95.879826,20
2026-02-27T09:46:01,92,85.908681,600.0,-0.067156,4.151232,95.879826,20
2026-02-27T09:46:09,93,74.704168,600.0,-0.06612,3.341426,95.879826,20
2026-02-27T09:46:18,94,77.198653,600.0,-0.064149,6.847842,95.879826,20
2026-02-27T09:46:25,95,85.276686,600.0,-0.064421,4.27673,95.879826,20
2026-02-27T09:46:32,96,87.152563,600.0,-0.065847,3.927316,95.879826,20
2026-02-27T09:46:40,97,93.3798,600.0,-0.065375,4.281273,95.879826,20
2026-02-27T09:46:46,98,81.556055,600.0,-0.066461,4.36689,95.879826,20
2026-02-27T09:46:52,99,89.000139,600.0,-0.066305,4.547849,95.879826,20
2026-02-27T09:46:58,100,75.944387,600.0,-0.068222,4.642861,95.879826,20
2026-02-27T09:47:06,101,79.681739,600.0,-0.051316,3.102028,95.879826,20
2026-02-27T09:47:12,102,93.36374,600.0,-0.067738,3.619976,95.879826,20
2026-02-27T09:47:18,103,81.54328,600.0,-0.066519,4.491293,95.879826,20
2026-02-27T09:47:24,104,83.415302,600.0,-0.067136,3.671068,95.879826,20
2026-02-27T09:47:30,105,74.092846,600.0,-0.051856,3.643339,95.879826,20
2026-02-27T09:47:36,106,76.57502,600.0,-0.066674,4.11836,95.879826,20
2026-02-27T09:47:43,107,80.933185,600.0,-0.067913,5.412074,95.879826,20
2026-02-27T09:47:48,108,80.938297,600.0,-0.067646,4.472221,95.879826,20
2026-02-27T09:47:54,109,79.062413,600.0,-0.06654,2.882931,95.879826,20
2026-02-27T09:48:00,110,87.78015,600.0,-0.066102,4.213938,95.879826,20
2026-02-27T09:48:06,111,85.278406,600.0,-0.059501,3.58714,95.879826,20
2026-02-27T09:48:13,112,84.668837,600.0,-0.067593,4.811172,95.879826,20
2026-02-27T09:48:19,113,85.290438,600.0,-0.068197,3.53803,95.879826,20
2026-02-27T09:48:26,114,90.880121,600.0,-0.066676,4.300207,95.879826,20
2026-02-27T09:48:33,115,69.728585,600.0,-0.067266,3.821281,95.879826,20
2026-02-27T09:48:42,116,92.745891,600.0,-0.066662,5.61501,95.879826,20
2026-02-27T09:48:50,117,87.756529,600.0,-0.06684,5.982032,95.879826,20
2026-02-27T09:48:57,118,85.896133,600.0,-0.044309,6.74564,95.879826,20
2026-02-27T09:49:04,119,83.433329,600.0,-0.066835,5.357078,95.879826,20
2026-02-27T09:49:11,120,84.038151,600.0,-0.06669,3.904003,95.879826,20
2026-02-27T09:49:19,121,81.55882,600.0,-0.067913,4.104136,95.879826,20
2026-02-27T09:49:25,122,83.429488,600.0,-0.018582,6.158788,95.879826,20
2026-02-27T09:49:32,123,79.69832,600.0,-0.066373,4.143607,95.879826,20
2026-02-27T09:49:38,124,66.629077,600.0,-0.066906,2.98343,95.879826,20
2026-02-27T09:49:44,125,70.985483,600.0,-0.06552,3.757406,95.879826,20
2026-02-27T09:49:49,126,62.279847,600.0,-0.067767,5.871533,95.879826,20
2026-02-27T09:49:57,127,71.611498,600.0,-0.067533,3.115474,95.879826,20
2026-02-27T09:50:03,128,60.404208,600.0,-0.069423,4.215974,95.879826,20
2026-02-27T09:50:12,129,66.004383,600.0,-0.066025,2.592152,95.879826,20
2026-02-27T09:50:19,130,66.645262,600.0,-0.065464,2.808927,95.879826,20
2026-02-27T09:50:28,131,73.468682,600.0,-0.066426,2.966947,95.879826,20
2026-02-27T09:50:36,132,66.015048,600.0,-0.066774,3.013968,95.879826,20
2026-02-27T09:50:42,133,69.119716,600.0,-0.037272,4.549348,95.879826,20
2026-02-27T09:50:50,134,68.497112,600.0,-0.063535,3.651053,95.879826,20
2026-02-27T09:50:58,135,82.808689,600.0,-0.067626,3.334049,95.879826,20
2026-02-27T09:51:05,136,70.983837,600.0,-0.060144,3.74001,95.879826,20
2026-02-27T09:51:12,137,80.292627,600.0,-0.052574,3.816149,95.879826,20
2026-02-27T09:51:18,138,74.106944,600.0,-0.037813,3.471089,95.879826,20
2026-02-27T09:51:24,139,74.098658,600.0,-0.055994,3.381583,95.879826,20
2026-02-27T09:51:31,140,64.136375,600.0,-0.066338,2.986385,95.879826,20
2026-02-27T09:51:39,141,66.621091,600.0,-0.067457,6.46392,95.879826,20
2026-02-27T09:51:45,142,68.491043,600.0,-0.066432,4.087643,95.879826,20
2026-02-27T09:51:51,143,58.52982,600.0,-0.060474,3.558281,95.879826,20
2026-02-27T09:51:57,144,66.629949,600.0,-0.064575,2.914448,95.879826,20
2026-02-27T09:52:03,145,83.423728,600.0,-0.063676,3.849499,95.879826,20
2026-02-27T09:52:09,146,75.328595,600.0,-0.06106,3.411064,95.879826,20
2026-02-27T09:52:15,147,75.325058,600.0,-0.068745,3.072212,95.879826,20
2026-02-27T09:52:23,148,78.439165,600.0,-0.066239,3.805981,95.879826,20
2026-02-27T09:52:30,149,79.058885,600.0,-0.068054,3.91842,95.879826,20
2026-02-27T09:52:37,150,77.809872,600.0,-0.067316,4.589246,95.879826,20
2026-02-27T09:52:44,151,82.182148,600.0,-0.064915,3.939914,95.879826,20
2026-02-27T09:52:50,152,88.382991,600.0,-0.062462,3.409151,95.879826,20
2026-02-27T09:52:57,153,77.191163,600.0,-0.06845,3.818807,95.879826,20
2026-02-27T09:53:04,154,74.695869,600.0,-0.067645,4.726644,95.879826,20
2026-02-27T09:53:10,155,71.588959,600.0,-0.066399,7.614479,95.879826,20
2026-02-27T09:53:18,156,79.068186,600.0,-0.06744,4.495083,95.879826,20
2026-02-27T09:53:25,157,71.595493,600.0,-0.067451,3.149353,95.879826,20
2026-02-27T09:53:32,158,68.474139,600.0,-0.066329,5.221759,95.879826,20
2026-02-27T09:53:39,159,82.16685,600.0,-0.064161,3.019566,95.879826,20
2026-02-27T09:53:46,160,88.395009,600.0,-0.062931,4.20977,95.879826,20
2026-02-27T09:53:54,161,89.024893,600.0,-0.067019,4.293094,95.879826,20
2026-02-27T09:54:02,162,84.033808,600.0,-0.06788,3.767923,95.879826,20
2026-02-27T09:54:09,163,83.401422,600.0,-0.067387,3.347584,95.879826,20
2026-02-27T09:54:15,164,84.663914,600.0,-0.066954,3.609311,95.879826,20
2026-02-27T09:54:21,165,84.664448,600.0,-0.06757,3.664183,95.879826,20
2026-02-27T09:54:27,166,88.394032,600.0,-0.065758,3.890126,95.879826,20
2026-02-27T09:54:33,167,85.910069,600.0,-0.069142,3.915738,95.879826,20
2026-02-27T09:54:39,168,89.6384,600.0,0.047934,3.579637,95.879826,20
2026-02-27T09:54:45,169,69.102721,600.0,-0.066142,3.538747,95.879826,20
2026-02-27T09:54:51,170,77.81729,600.0,-0.067533,3.183882,95.879826,20
2026-02-27T09:54:58,171,77.207051,600.0,-0.066557,4.425791,95.879826,20
2026-02-27T09:55:04,172,82.801218,600.0,-0.068113,2.53146,95.879826,20
2026-02-27T09:55:11,173,84.046528,600.0,-0.066052,3.511732,95.879826,20
2026-02-27T09:55:17,174,68.507794,600.0,-0.066765,10.977477,95.879826,20
2026-02-27T09:55:23,175,82.170788,600.0,-0.067237,8.409726,95.879826,20
2026-02-27T09:55:29,176,80.32131,600.0,-0.066997,6.74145,95.879826,20
2026-02-27T09:55:36,177,85.907071,600.0,-0.066727,5.097505,95.879826,20
2026-02-27T09:55:44,178,84.029286,600.0,-0.066486,7.116318,95.879826,20
2026-02-27T09:55:51,179,86.532865,600.0,-0.066289,5.385959,95.879826,20
2026-02-27T09:55:58,180,94.616433,600.0,-0.067978,5.354039,95.879826,20
2026-02-27T09:56:04,181,92.120903,600.0,-0.066851,4.918895,95.879826,20
2026-02-27T09:56:10,182,90.886655,600.0,-0.066508,4.743213,95.879826,20
2026-02-27T09:56:16,183,87.777956,600.0,-0.064852,5.540154,95.879826,20
2026-02-27T09:56:23,184,77.835127,600.0,-0.066906,5.003802,95.879826,20
2026-02-27T09:56:29,185,92.751066,600.0,-0.067524,4.70801,95.879826,20
2026-02-27T09:56:36,186,84.651907,600.0,-0.066611,5.992072,95.879826,20
2026-02-27T09:56:43,187,83.416871,600.0,-0.063831,4.841268,95.879826,20
2026-02-27T09:56:50,188,87.762766,600.0,-0.067335,4.613272,95.879826,20
2026-02-27T09:56:58,189,74.04903,600.0,-0.067521,10.75398,95.879826,20
2026-02-27T09:57:05,190,87.775686,600.0,-0.067238,3.842343,95.879826,20
2026-02-27T09:57:13,191,84.040366,600.0,-0.068064,3.770911,95.879826,20
2026-02-27T09:57:22,192,87.779185,600.0,-0.03334,4.700851,95.879826,20
2026-02-27T09:57:29,193,84.661461,600.0,-0.067699,3.823796,95.879826,20
2026-02-27T09:57:36,194,74.722194,600.0,-0.067609,3.558059,95.879826,20
2026-02-27T09:57:44,195,82.18637,600.0,-0.067499,3.510233,95.879826,20
2026-02-27T09:57:50,196,87.147977,600.0,-0.06792,3.764564,95.879826,20
2026-02-27T09:57:55,197,84.040818,600.0,-0.068876,4.168166,95.879826,20
2026-02-27T09:58:01,198,87.169497,600.0,-0.060561,3.189844,95.879826,20
2026-02-27T09:58:07,199,88.390607,600.0,-0.026169,6.04694,95.879826,20
2026-02-27T09:58:13,200,91.510715,600.0,-0.030041,3.569126,95.879826,20
2026-02-27T09:58:19,201,88.403808,600.0,-0.037655,3.854247,95.879826,20
2026-02-27T09:58:26,202,82.169078,600.0,-0.066496,5.241119,95.879826,20
2026-02-27T09:58:32,203,92.132444,600.0,-0.068102,4.304356,95.879826,20
2026-02-27T09:58:40,204,91.48826,600.0,-0.067655,3.43107,95.879826,20
2026-02-27T09:58:47,205,77.181602,600.0,-0.067682,4.219866,95.879826,20
2026-02-27T09:58:56,206,88.395019,600.0,-0.066899,4.378175,95.879826,20
2026-02-27T09:59:02,207,90.874963,600.0,-0.067153,3.139393,95.879826,20
2026-02-27T09:59:10,208,90.247915,600.0,-0.067543,7.087598,95.879826,20
2026-02-27T09:59:19,209,77.823455,600.0,-0.067353,4.220809,95.879826,20
2026-02-27T09:59:28,210,82.163025,600.0,-0.067165,3.644724,95.879826,20
2026-02-27T09:59:38,211,85.90842,600.0,-0.068033,3.785603,95.879826,20
2026-02-27T09:59:44,212,85.9021,600.0,-0.067507,4.187665,95.879826,20
2026-02-27T09:59:50,213,80.925466,600.0,-0.066587,2.905985,95.879826,20
2026-02-27T09:59:59,214,94.606272,600.0,-0.067594,5.506389,95.879826,20
2026-02-27T10:00:06,215,89.014854,600.0,-0.067347,7.318043,95.879826,20
2026-02-27T10:00:12,216,79.683249,600.0,-0.067479,4.244351,95.879826,20
2026-02-27T10:00:18,217,93.991036,600.0,-0.068368,3.666171,95.879826,20
2026-02-27T10:00:25,218,82.784036,600.0,-0.067719,4.097444,95.879826,20
2026-02-27T10:00:34,219,82.160141,600.0,-0.067197,4.534694,95.879826,20
2026-02-27T10:00:40,220,78.429775,600.0,-0.065291,4.198663,95.879826,20
2026-02-27T10:00:48,221,86.518245,600.0,0.084748,3.492427,95.879826,20
2026-02-27T10:00:55,222,67.871141,600.0,-0.065485,3.038032,95.879826,20
2026-02-27T10:01:01,223,64.743972,600.0,-0.067622,3.452051,95.879826,20
2026-02-27T10:01:07,224,71.587808,600.0,-0.068013,3.429421,95.879826,20
2026-02-27T10:01:14,225,74.697768,600.0,-0.068719,3.766542,95.879826,20
2026-02-27T10:01:20,226,80.920542,600.0,-0.067303,2.833086,95.879826,20
2026-02-27T10:01:26,227,72.206506,600.0,-0.069302,3.257515,95.879826,20
2026-02-27T10:01:32,228,78.429283,600.0,-0.06705,4.253549,95.879826,20
2026-02-27T10:01:38,229,79.679648,600.0,-0.067537,3.664154,95.879826,20
2026-02-27T10:01:44,230,83.442064,600.0,-0.067832,3.627022,95.879826,20
2026-02-27T10:01:51,231,90.893526,600.0,-0.067017,3.471772,95.879826,20
2026-02-27T10:01:56,232,90.884709,600.0,-0.068177,3.932876,95.879826,20
2026-02-27T10:02:02,233,82.791204,600.0,-0.067499,3.32478,95.879826,20
2026-02-27T10:02:08,234,80.295957,600.0,-0.068976,4.528467,95.879826,20
2026-02-27T10:02:15,235,90.237226,600.0,-0.067775,8.662983,95.879826,20
2026-02-27T10:02:21,236,72.827425,600.0,-0.069128,3.501758,95.879826,20
2026-02-27T10:02:27,237,87.143773,600.0,-0.067132,4.039933,95.879826,20
2026-02-27T10:02:33,238,89.010082,600.0,-0.066925,7.818044,95.879826,20
2026-02-27T10:02:40,239,70.973522,600.0,-0.068786,5.276044,95.879826,20
2026-02-27T10:02:46,240,86.506226,600.0,-0.06885,3.868464,95.879826,20
2026-02-27T10:02:53,241,85.884774,600.0,-0.067121,4.253307,95.879826,20
2026-02-27T10:03:00,242,90.883997,600.0,-0.068299,3.49421,95.879826,20
2026-02-27T10:03:06,243,82.147496,600.0,-0.065992,4.767096,95.879826,20
2026-02-27T10:03:11,244,84.043044,600.0,-0.067869,3.651432,95.879826,20
2026-02-27T10:03:17,245,84.045754,600.0,-0.068518,3.854207,95.879826,20
2026-02-27T10:03:24,246,85.271809,600.0,-0.050875,5.109408,95.879826,20
2026-02-27T10:03:30,247,92.744374,600.0,-0.067622,3.675907,95.879826,20
2026-02-27T10:03:36,248,83.411319,600.0,-0.068031,5.053874,95.879826,20
2026-02-27T10:03:43,249,79.675948,600.0,-0.067987,5.105013,95.879826,20
2026-02-27T10:03:49,250,90.258315,600.0,-0.067586,3.301976,95.879826,20
2026-02-27T10:03:56,251,87.754428,600.0,-0.068512,3.967794,95.879826,20
2026-02-27T10:04:03,252,88.398244,600.0,-0.0687,3.693353,95.879826,20
2026-02-27T10:04:09,253,81.550948,600.0,-0.06813,3.928207,95.879826,20
2026-02-27T10:04:15,254,87.750812,600.0,-0.067139,4.29738,95.879826,20
2026-02-27T10:04:25,255,84.652066,600.0,-0.067159,3.20572,95.879826,20
2026-02-27T10:04:32,256,90.868551,600.0,-0.068028,4.027496,95.879826,20
2026-02-27T10:04:40,257,92.103835,600.0,-0.068765,4.194457,95.879826,20
2026-02-27T10:04:46,258,98.339357,600.0,-0.06805,4.040277,98.339357,20
2026-02-27T10:04:53,259,79.669569,600.0,-0.064286,3.477033,98.339357,20
2026-02-27T10:05:00,260,87.130485,600.0,-0.012755,3.674758,98.339357,20
2026-02-27T10:05:08,261,85.879283,600.0,-0.069972,4.207409,98.339357,20
2026-02-27T10:05:15,262,76.561361,600.0,-0.068021,3.948324,98.339357,20
2026-02-27T10:05:22,263,93.9652,600.0,-0.068353,3.335602,98.339357,20
2026-02-27T10:05:29,264,98.330729,600.0,-0.066879,2.735028,98.339357,20
2026-02-27T10:05:36,265,87.763412,600.0,-0.068489,4.132825,98.339357,20
2026-02-27T10:05:45,266,80.289725,600.0,-0.068571,3.972231,98.339357,20
2026-02-27T10:05:52,267,85.268039,600.0,-0.067062,3.559634,98.339357,20
2026-02-27T10:06:00,268,95.863021,600.0,-0.068167,5.1819,98.339357,20
2026-02-27T10:06:09,269,72.203097,600.0,-0.04571,4.38422,98.339357,20
2026-02-27T10:06:15,270,75.927932,600.0,-0.067465,4.291938,98.339357,20
2026-02-27T10:06:21,271,85.277548,600.0,-0.067633,3.843357,98.339357,20
2026-02-27T10:06:28,272,90.858778,600.0,-0.068439,5.196752,98.339357,20
2026-02-27T10:06:35,273,90.842728,600.0,-0.068106,3.451797,98.339357,20
2026-02-27T10:06:41,274,79.044999,600.0,-0.068159,3.83529,98.339357,20
2026-02-27T10:06:47,275,88.37738,600.0,-0.068986,3.072852,98.339357,20
2026-02-27T10:06:54,276,81.51994,600.0,-0.066438,4.401909,98.339357,20
2026-02-27T10:07:04,277,77.182927,600.0,-0.069795,4.880176,98.339357,20
2026-02-27T10:07:15,278,86.52356,600.0,-0.068236,5.128441,98.339357,20
2026-02-27T10:07:21,279,78.439338,600.0,-0.068053,5.184557,98.339357,20
2026-02-27T10:07:27,280,84.622569,600.0,-0.068771,4.791408,98.339357,20
2026-02-27T10:07:36,281,88.366908,600.0,-0.068891,4.251388,98.339357,20
2026-02-27T10:07:42,282,89.621631,600.0,-0.067046,6.764019,98.339357,20
2026-02-27T10:07:48,283,87.115679,600.0,-0.0685,3.910464,98.339357,20
2026-02-27T10:07:56,284,95.223583,600.0,-0.068544,3.201737,98.339357,20
2026-02-27T10:08:03,285,85.267782,600.0,-0.066516,4.272474,98.339357,20
2026-02-27T10:08:12,286,72.213317,600.0,-0.05674,3.302699,98.339357,20
2026-02-27T10:08:18,287,89.009452,600.0,-0.035072,3.547813,98.339357,20
2026-02-27T10:08:26,288,84.033417,600.0,-0.063812,3.396626,98.339357,20
2026-02-27T10:08:33,289,77.809022,600.0,0.041699,5.056159,98.339357,20
2026-02-27T10:08:40,290,80.299763,600.0,-0.065156,3.949942,98.339357,20
2026-02-27T10:08:49,291,80.289582,600.0,-0.062382,3.850069,98.339357,20
2026-02-27T10:08:58,292,80.91735,600.0,0.080372,4.386873,98.339357,20
2026-02-27T10:09:06,293,55.390444,600.0,-0.067459,3.060181,98.339357,20
2026-02-27T10:09:12,294,61.599203,600.0,-0.067945,3.489275,98.339357,20
2026-02-27T10:09:19,295,58.497941,600.0,-0.069026,3.159008,98.339357,20
2026-02-27T10:09:27,296,54.155617,600.0,-0.068882,3.353212,98.339357,20
2026-02-27T10:09:37,297,63.50776,600.0,-0.068406,3.674084,98.339357,20
2026-02-27T10:09:45,298,48.555815,600.0,-0.068321,2.924418,98.339357,20
2026-02-27T10:09:52,299,60.973427,600.0,-0.065897,5.104288,98.339357,20
2026-02-27T10:09:58,300,65.352838,600.0,-0.068336,3.703872,98.339357,20
2026-02-27T10:10:06,301,64.754401,600.0,-0.063944,5.858962,98.339357,20
2026-02-27T10:10:12,302,52.924874,600.0,-0.066285,3.085026,98.339357,20
2026-02-27T10:10:19,303,60.397911,600.0,-0.068403,2.496088,98.339357,20
2026-02-27T10:10:28,304,64.743212,600.0,-0.069793,3.545042,98.339357,20
2026-02-27T10:10:37,305,68.467048,600.0,-0.067367,2.661373,98.339357,20
2026-02-27T10:10:49,306,70.967303,600.0,-0.070009,2.570225,98.339357,20
2026-02-27T10:10:59,307,58.508547,600.0,-0.067421,3.600821,98.339357,20
2026-02-27T10:11:07,308,62.25005,600.0,-0.067408,3.760432,98.339357,20
2026-02-27T10:11:15,309,64.113162,600.0,-0.068509,2.61058,98.339357,20
2026-02-27T10:11:20,310,68.47984,600.0,-0.068541,4.892998,98.339357,20
2026-02-27T10:11:30,311,67.841471,600.0,-0.068545,5.111174,98.339357,20
2026-02-27T10:11:38,312,63.489962,600.0,-0.069046,3.712124,98.339357,20
2026-02-27T10:11:44,313,60.385418,600.0,-0.061416,2.874309,98.339357,20
2026-02-27T10:11:50,314,56.626363,600.0,-0.06946,3.2007,98.339357,20
2026-02-27T10:11:56,315,59.762928,600.0,-0.068308,2.545967,98.339357,20
2026-02-27T10:12:03,316,64.725554,600.0,-0.069197,3.243783,98.339357,20
2026-02-27T10:12:10,317,61.63501,600.0,-0.069004,2.413798,98.339357,20
2026-02-27T10:12:16,318,56.024944,600.0,-0.069531,2.96265,98.339357,20
2026-02-27T10:12:22,319,56.020987,600.0,-0.068503,7.422549,98.339357,20
2026-02-27T10:12:28,320,65.964857,600.0,-0.043108,2.808143,98.339357,20
2026-02-27T10:12:34,321,82.781971,600.0,-0.013717,4.2285,98.339357,20
2026-02-27T10:12:42,322,93.974063,600.0,-0.065002,3.198272,98.339357,20
2026-02-27T10:12:48,323,81.543731,600.0,-0.07062,5.042765,98.339357,20
2026-02-27T10:12:54,324,86.511791,600.0,-0.067719,3.921246,98.339357,20
2026-02-27T10:13:00,325,84.007898,600.0,-0.070211,4.525149,98.339357,20
2026-02-27T10:13:07,326,97.087603,600.0,-0.069605,6.903915,98.339357,20
2026-02-27T10:13:13,327,84.004729,600.0,-0.069648,5.243505,98.339357,20
2026-02-27T10:13:20,328,90.226546,600.0,-0.070027,4.29027,98.339357,20
2026-02-27T10:13:26,329,90.233511,600.0,-0.069322,3.748043,98.339357,20
2026-02-27T10:13:33,330,98.312624,600.0,-0.070153,3.968972,98.339357,20
2026-02-27T10:13:41,331,82.153102,600.0,-0.066,3.327416,98.339357,20
2026-02-27T10:13:46,332,87.10928,600.0,-0.063892,4.725349,98.339357,20
2026-02-27T10:13:53,333,92.718622,600.0,-0.06667,3.223884,98.339357,20
2026-02-27T10:14:00,334,84.643444,600.0,-0.065789,4.142336,98.339357,20
2026-02-27T10:14:06,335,95.837154,600.0,-0.070076,4.128537,98.339357,20
2026-02-27T10:14:13,336,97.702491,600.0,-0.071354,4.077974,98.339357,20
2026-02-27T10:14:20,337,93.331961,600.0,-0.068539,6.698363,98.339357,20
2026-02-27T10:14:26,338,97.076117,600.0,-0.042886,5.882648,98.339357,20
2026-02-27T10:14:33,339,90.849398,600.0,-0.055363,4.724032,98.339357,20
2026-02-27T10:14:39,340,96.439614,600.0,-0.068892,4.90053,98.339357,20
2026-02-27T10:14:45,341,93.336168,600.0,-0.066248,3.770413,98.339357,20
2026-02-27T10:14:51,342,82.135109,600.0,-0.070705,3.664998,98.339357,20
2026-02-27T10:14:57,343,79.029963,600.0,-0.067902,2.723879,98.339357,20
2026-02-27T10:15:04,344,95.83601,600.0,-0.070318,3.678523,98.339357,20
2026-02-27T10:15:09,345,92.088144,600.0,-0.071084,4.65779,98.339357,20
2026-02-27T10:15:15,346,85.874975,600.0,-0.071168,4.859824,98.339357,20
2026-02-27T10:15:22,347,91.465569,600.0,-0.070149,2.793105,98.339357,20
2026-02-27T10:15:28,348,89.600209,600.0,-0.069084,3.618122,98.339357,20
2026-02-27T10:15:34,349,90.220736,600.0,-0.071255,3.579158,98.339357,20
2026-02-27T10:15:40,350,86.502835,600.0,-0.070336,3.613687,98.339357,20
2026-02-27T10:15:47,351,85.241903,600.0,-0.069294,4.301976,98.339357,20
2026-02-27T10:15:53,352,89.604088,600.0,-0.070643,3.728758,98.339357,20
2026-02-27T10:16:00,353,90.227598,600.0,-0.070493,4.293633,98.339357,20
2026-02-27T10:16:06,354,92.089177,600.0,-0.070688,4.258097,98.339357,20
2026-02-27T10:16:12,355,95.827188,600.0,-0.06943,4.409972,98.339357,20
2026-02-27T10:16:18,356,92.716753,600.0,-0.070098,3.499252,98.339357,20
2026-02-27T10:16:24,357,85.254917,600.0,-0.069799,3.240679,98.339357,20
2026-02-27T10:16:31,358,88.362283,600.0,-0.071595,4.798246,98.339357,20
2026-02-27T10:16:37,359,97.083556,600.0,-0.068827,6.151227,98.339357,20
2026-02-27T10:16:43,360,91.48648,600.0,-0.069779,4.615973,98.339357,20
2026-02-27T10:16:50,361,94.586061,600.0,-0.070053,3.636448,98.339357,20
2026-02-27T10:16:56,362,92.11012,600.0,-0.070507,5.323286,98.339357,20
2026-02-27T10:17:03,363,89.598825,600.0,-0.059085,3.42261,98.339357,20
2026-02-27T10:17:09,364,90.234059,600.0,-0.047173,3.309173,98.339357,20
2026-02-27T10:17:15,365,83.387921,600.0,-0.070279,4.171432,98.339357,20
2026-02-27T10:17:21,366,90.857801,600.0,-0.069668,3.370886,98.339357,20
2026-02-27T10:17:27,367,93.955482,600.0,-0.068087,3.003535,98.339357,20
2026-02-27T10:17:34,368,84.628626,600.0,-0.070148,5.188114,98.339357,20
2026-02-27T10:17:40,369,79.648796,600.0,-0.069559,4.790226,98.339357,20
2026-02-27T10:17:47,370,84.016528,600.0,-0.070677,6.650481,98.339357,20
2026-02-27T10:17:53,371,77.176413,600.0,-0.070331,5.182658,98.339357,20
2026-02-27T10:18:00,372,71.56374,600.0,-0.070163,9.807383,98.339357,20
2026-02-27T10:18:05,373,83.992756,600.0,-0.070376,5.88631,98.339357,20
2026-02-27T10:18:12,374,79.668739,600.0,-0.071051,2.736917,98.339357,20
2026-02-27T10:18:18,375,76.539758,600.0,-0.068348,3.955908,98.339357,20
2026-02-27T10:18:25,376,77.796896,600.0,-0.070586,3.445413,98.339357,20
2026-02-27T10:18:33,377,79.026156,600.0,-0.069775,5.671285,98.339357,20
2026-02-27T10:18:38,378,77.793885,600.0,-0.070422,3.223848,98.339357,20
2026-02-27T10:18:44,379,84.633405,600.0,-0.07189,3.147494,98.339357,20
2026-02-27T10:18:50,380,77.780838,600.0,-0.068511,3.563793,98.339357,20
2026-02-27T10:18:56,381,84.644405,600.0,-0.07039,5.724946,98.339357,20
2026-02-27T10:19:02,382,87.127105,600.0,-0.067722,4.070177,98.339357,20
2026-02-27T10:19:08,383,87.740291,600.0,-0.044657,7.965329,98.339357,20
2026-02-27T10:19:15,384,86.497433,600.0,-0.069528,3.752775,98.339357,20
2026-02-27T10:19:22,385,83.402408,600.0,-0.069216,4.088637,98.339357,20
2026-02-27T10:19:28,386,87.116584,600.0,-0.070577,3.883268,98.339357,20
2026-02-27T10:19:56,387,86.493341,600.0,-0.072294,3.988291,98.339357,20
2026-02-27T10:20:48,388,87.746991,600.0,-0.069848,3.560811,98.339357,20
2026-02-27T10:21:01,389,79.658412,600.0,-0.062665,3.103179,98.339357,20
2026-02-27T10:21:10,390,81.520894,600.0,-0.041136,3.642857,98.339357,20
2026-02-27T10:21:18,391,86.511697,600.0,-0.06677,3.701705,98.339357,20
2026-02-27T10:21:25,392,94.5706,600.0,-0.068239,4.656751,98.339357,20
2026-02-27T10:21:32,393,90.836139,600.0,-0.055585,3.550007,98.339357,20
2026-02-27T10:21:40,394,88.361581,600.0,-0.070023,3.699824,98.339357,20
2026-02-27T10:21:47,395,77.777864,600.0,-0.064614,3.685022,98.339357,20
2026-02-27T10:21:55,396,81.498014,600.0,-0.070062,5.49033,98.339357,20
2026-02-27T10:22:21,397,84.005165,600.0,-0.070698,4.175357,98.339357,20
2026-02-27T10:23:04,398,82.140148,600.0,-0.070779,3.872395,98.339357,20
2026-02-27T10:23:10,399,88.984474,600.0,-0.069792,4.452119,98.339357,20
2026-02-27T10:23:16,400,87.096735,600.0,-0.07038,4.171002,98.339357,20
2026-02-27T10:23:22,401,87.724579,600.0,-0.070374,4.14671,98.339357,20
2026-02-27T10:23:29,402,92.710687,600.0,-0.071263,3.042053,98.339357,20
2026-02-27T10:23:35,403,91.465452,600.0,-0.070482,6.238674,98.339357,20
2026-02-27T10:23:41,404,89.583333,600.0,-0.069762,4.02706,98.339357,20
2026-02-27T10:23:47,405,88.986261,600.0,-0.070682,3.118458,98.339357,20
2026-02-27T10:23:54,406,88.99112,600.0,-0.071589,4.71285,98.339357,20
2026-02-27T10:24:00,407,91.474472,600.0,-0.056264,4.369433,98.339357,20
2026-02-27T10:24:06,408,89.620836,600.0,-0.067268,4.431816,98.339357,20
2026-02-27T10:24:13,409,77.170341,600.0,-0.072622,3.445217,98.339357,20
2026-02-27T10:24:20,410,82.129089,600.0,-0.069054,3.287252,98.339357,20
2026-02-27T10:24:27,411,85.852879,600.0,-0.07181,3.274324,98.339357,20
2026-02-27T10:24:33,412,83.99991,600.0,-0.071297,3.457469,98.339357,20
2026-02-27T10:24:39,413,78.397064,600.0,-0.068603,2.961554,98.339357,20
2026-02-27T10:24:46,414,82.755035,600.0,-0.044299,6.929145,98.339357,20
2026-02-27T10:24:52,415,88.366539,600.0,-0.07178,4.271062,98.339357,20
2026-02-27T10:24:59,416,83.382102,600.0,-0.070817,3.588391,98.339357,20
2026-02-27T10:25:05,417,88.974546,600.0,-0.069299,4.442165,98.339357,20
2026-02-27T10:25:12,418,87.741672,600.0,-0.071929,4.357072,98.339357,20
2026-02-27T10:25:21,419,86.478519,600.0,-0.072064,3.322105,98.339357,20
2026-02-27T10:25:30,420,82.124396,600.0,-0.070406,2.872078,98.339357,20
2026-02-27T10:25:37,421,83.993757,600.0,-0.071737,3.93253,98.339357,20
2026-02-27T10:25:45,422,79.632907,600.0,-0.070189,3.779862,98.339357,20
2026-02-27T10:25:53,423,88.346049,600.0,-0.068987,3.815209,98.339357,20
2026-02-27T10:26:01,424,91.457731,600.0,-0.071419,3.001366,98.339357,20
2026-02-27T10:26:09,425,91.471402,600.0,-0.071013,3.483278,98.339357,20
2026-02-27T10:26:16,426,87.096828,600.0,-0.070547,4.701257,98.339357,20
2026-02-27T10:26:22,427,89.594158,600.0,-0.070314,3.683558,98.339357,20
2026-02-27T10:26:29,428,80.261186,600.0,0.011606,3.916776,98.339357,20
2026-02-27T10:26:35,429,89.583611,600.0,-0.034861,3.016101,98.339357,20
2026-02-27T10:26:41,430,77.163209,600.0,-0.067318,3.154907,98.339357,20
2026-02-27T10:26:47,431,70.313705,600.0,-0.070353,4.082321,98.339357,20
2026-02-27T10:26:53,432,70.322124,600.0,-0.070444,2.985475,98.339357,20
2026-02-27T10:27:02,433,80.241691,600.0,-0.069076,3.743424,98.339357,20
2026-02-27T10:27:11,434,67.831637,600.0,-0.07097,2.903013,98.339357,20
2026-02-27T10:27:18,435,71.570641,600.0,-0.070286,3.707355,98.339357,20
2026-02-27T10:27:25,436,77.773419,600.0,0.006116,3.653174,98.339357,20
2026-02-27T10:27:31,437,60.978701,600.0,-0.022191,3.331407,98.339357,20
2026-02-27T10:27:37,438,54.756542,600.0,-0.071534,2.400676,98.339357,20
2026-02-27T10:27:45,439,57.869441,600.0,-0.071631,2.348777,98.339357,20
2026-02-27T10:27:52,440,56.642618,600.0,-0.069269,2.008172,98.339357,20
2026-02-27T10:28:00,441,59.716407,600.0,-0.013147,2.055556,98.339357,20
2026-02-27T10:28:08,442,60.978142,600.0,-0.065832,2.080018,98.339357,20
2026-02-27T10:28:15,443,61.590972,600.0,0.010755,2.130017,98.339357,20
2026-02-27T10:28:23,444,60.341938,600.0,-0.068153,3.862324,98.339357,20
2026-02-27T10:28:30,445,57.22437,600.0,-0.070148,4.246193,98.339357,20
2026-02-27T10:28:36,446,61.606491,600.0,-0.070748,1.72589,98.339357,20
2026-02-27T10:28:43,447,61.585289,600.0,-0.071585,3.02015,98.339357,20
2026-02-27T10:28:49,448,68.441112,600.0,-0.07113,2.855968,98.339357,20
2026-02-27T10:28:56,449,57.845433,600.0,-0.071836,2.406594,98.339357,20
2026-02-27T10:29:03,450,56.6103,600.0,-0.070817,3.061747,98.339357,20
2026-02-27T10:29:11,451,60.370741,600.0,-0.070834,5.250926,98.339357,20
2026-02-27T10:29:18,452,55.384312,600.0,-0.070928,2.717735,98.339357,20
2026-02-27T10:29:25,453,62.841175,600.0,-0.071074,3.47283,98.339357,20
2026-02-27T10:29:31,454,58.497701,600.0,-0.067371,3.002702,98.339357,20
2026-02-27T10:29:37,455,51.647542,600.0,-0.072683,2.951024,98.339357,20
2026-02-27T10:29:44,456,59.12243,600.0,-0.070523,2.996614,98.339357,20
2026-02-27T10:29:50,457,70.318393,600.0,-0.070772,3.055541,98.339357,20
2026-02-27T10:29:56,458,62.849405,600.0,-0.061395,4.413409,98.339357,20
2026-02-27T10:30:03,459,64.699988,600.0,-0.071217,3.257724,98.339357,20
2026-02-27T10:30:09,460,52.883147,600.0,-0.070597,6.012861,98.339357,20
2026-02-27T10:30:15,461,67.809332,600.0,-0.071546,2.919042,98.339357,20
2026-02-27T10:30:21,462,62.846373,600.0,-0.071436,2.757899,98.339357,20
2026-02-27T10:30:29,463,81.503321,600.0,-0.070391,2.918598,98.339357,20
2026-02-27T10:30:37,464,61.589575,600.0,-0.068724,2.849358,98.339357,20
2026-02-27T10:30:44,465,64.081631,600.0,-0.070533,4.196239,98.339357,20
2026-02-27T10:30:51,466,68.43423,600.0,-0.05842,3.305106,98.339357,20
2026-02-27T10:30:59,467,64.069256,600.0,-0.070219,3.931638,98.339357,20
2026-02-27T10:31:05,468,69.684971,600.0,0.000567,2.949023,98.339357,20
2026-02-27T10:31:12,469,46.01013,600.0,-0.071409,2.752555,98.339357,20
2026-02-27T10:31:18,470,47.873086,600.0,-0.066865,4.037146,98.339357,20
2026-02-27T10:31:24,471,51.593611,600.0,-0.072846,1.949312,98.339357,20
2026-02-27T10:31:31,472,51.004256,600.0,-0.067195,2.076508,98.339357,20
2026-02-27T10:31:37,473,57.813994,600.0,-0.071789,2.662103,98.339357,20
2026-02-27T10:31:43,474,45.980628,600.0,-0.07218,2.172688,98.339357,20
2026-02-27T10:31:52,475,49.092168,600.0,-0.068458,2.88005,98.339357,20
2026-02-27T10:31:58,476,44.729407,600.0,-0.071247,1.668759,98.339357,20
2026-02-27T10:32:05,477,37.876651,600.0,-0.072106,1.784344,98.339357,20
2026-02-27T10:32:12,478,53.453696,600.0,-0.072348,2.730023,98.339357,20
2026-02-27T10:32:17,479,39.128193,600.0,-0.073266,1.835423,98.339357,20
2026-02-27T10:32:24,480,47.235015,600.0,-0.07317,2.799933,98.339357,20
2026-02-27T10:32:31,481,44.118499,600.0,-0.07287,2.314583,98.339357,20
2026-02-27T10:32:37,482,49.727073,600.0,-0.071734,1.850643,98.339357,20
2026-02-27T10:32:44,483,42.882422,600.0,-0.069913,1.271629,98.339357,20
2026-02-27T10:32:49,484,45.985128,600.0,-0.063577,4.380784,98.339357,20
2026-02-27T10:32:55,485,44.14235,600.0,-0.070205,2.292971,98.339357,20
2026-02-27T10:33:02,486,59.689207,600.0,-0.07291,2.744469,98.339357,20
2026-02-27T10:33:08,487,59.689588,600.0,-0.069506,4.685695,98.339357,20
2026-02-27T10:33:15,488,47.256213,600.0,-0.071212,2.751866,98.339357,20
2026-02-27T10:33:23,489,60.94595,600.0,-0.072834,3.91837,98.339357,20
2026-02-27T10:33:29,490,54.722104,600.0,-0.072489,6.192391,98.339357,20
2026-02-27T10:33:36,491,57.861218,600.0,-0.071535,3.518529,98.339357,20
2026-02-27T10:33:42,492,58.446204,600.0,-0.071574,3.661865,98.339357,20
2026-02-27T10:33:48,493,61.578448,600.0,-0.074352,3.903327,98.339357,20
2026-02-27T10:33:54,494,59.086111,600.0,-0.071945,2.934137,98.339357,20
2026-02-27T10:34:00,495,61.566831,600.0,-0.072469,3.163255,98.339357,20
2026-02-27T10:34:06,496,72.783057,600.0,-0.070973,3.845319,98.339357,20
2026-02-27T10:34:13,497,57.855831,600.0,-0.072454,2.632328,98.339357,20
2026-02-27T10:34:18,498,63.476974,600.0,-0.07213,2.216423,98.339357,20
2026-02-27T10:34:24,499,65.320253,600.0,-0.071988,3.947429,98.339357,20
2026-02-27T10:34:30,500,76.52423,600.0,-0.073153,3.219245,98.339357,20
2026-02-27T10:34:37,501,59.718842,600.0,-0.072291,3.309649,98.339357,20
2026-02-27T10:34:43,502,65.938569,600.0,-0.072379,2.605144,98.339357,20
2026-02-27T10:34:51,503,69.686149,600.0,-0.070765,6.327565,98.339357,20
2026-02-27T10:34:57,504,57.213512,600.0,-0.061483,3.480686,98.339357,20
2026-02-27T10:35:04,505,71.535307,600.0,-0.073131,4.083835,98.339357,20
2026-02-27T10:35:10,506,69.676921,600.0,-0.071701,3.405478,98.339357,20
2026-02-27T10:35:18,507,69.680731,600.0,-0.07149,3.18656,98.339357,20
2026-02-27T10:35:26,508,69.671514,600.0,-0.072082,3.949101,98.339357,20
2026-02-27T10:35:32,509,78.383268,600.0,-0.073051,2.527039,98.339357,20
2026-02-27T10:35:38,510,77.13377,600.0,-0.072439,3.528623,98.339357,20
2026-02-27T10:35:48,511,74.021204,600.0,-0.071421,3.017779,98.339357,20
2026-02-27T10:35:54,512,79.617642,600.0,-0.072363,3.663414,98.339357,20
2026-02-27T10:36:01,513,76.494104,600.0,-0.07225,4.505998,98.339357,20
2026-02-27T10:36:09,514,82.104471,600.0,-0.036697,3.705194,98.339357,20
2026-02-27T10:36:15,515,70.912811,600.0,-0.071644,4.098681,98.339357,20
2026-02-27T10:36:23,516,67.814739,600.0,-0.072036,3.701684,98.339357,20
2026-02-27T10:36:29,517,79.005943,600.0,-0.071442,2.760714,98.339357,20
2026-02-27T10:36:36,518,77.125024,600.0,-0.073136,3.985212,98.339357,20
2026-02-27T10:36:42,519,74.642318,600.0,-0.072349,4.492203,98.339357,20
2026-02-27T10:36:48,520,70.293485,600.0,-0.072341,3.481791,98.339357,20
2026-02-27T10:36:54,521,72.762328,600.0,-0.072379,5.253671,98.339357,20
2026-02-27T10:37:01,522,77.747406,600.0,-0.071492,3.60847,98.339357,20
2026-02-27T10:37:07,523,71.53102,600.0,-0.071937,3.617915,98.339357,20
2026-02-27T10:37:13,524,72.781614,600.0,-0.069048,3.662924,98.339357,20
2026-02-27T10:37:20,525,73.409616,600.0,-0.066992,3.870865,98.339357,20
2026-02-27T10:37:30,526,66.5641,600.0,-0.071651,4.556576,98.339357,20
2026-02-27T10:37:38,527,70.292116,600.0,-0.072416,3.088527,98.339357,20
2026-02-27T10:37:45,528,72.786573,600.0,-0.074855,4.457853,98.339357,20
2026-02-27T10:37:52,529,68.414386,600.0,-0.068674,3.521464,98.339357,20
2026-02-27T10:37:59,530,75.888905,600.0,-0.065607,3.182452,98.339357,20
2026-02-27T10:38:05,531,82.727935,600.0,-0.071373,3.853862,98.339357,20
2026-02-27T10:38:12,532,77.121638,600.0,-0.071562,3.421053,98.339357,20
2026-02-27T10:38:20,533,82.733804,600.0,-0.071052,3.228803,98.339357,20
2026-02-27T10:38:28,534,84.598603,600.0,-0.072209,4.361245,98.339357,20
2026-02-27T10:38:37,535,79.609863,600.0,-0.07258,4.962444,98.339357,20
2026-02-27T10:38:47,536,80.869833,600.0,-0.072999,3.650848,98.339357,20
2026-02-27T10:38:54,537,85.840744,600.0,-0.071888,6.075953,98.339357,20
2026-02-27T10:39:02,538,82.733421,600.0,-0.07287,3.116699,98.339357,20
2026-02-27T10:39:09,539,83.347332,600.0,-0.071294,3.495512,98.339357,20
2026-02-27T10:39:16,540,83.992333,600.0,-0.072171,5.593974,98.339357,20
2026-02-27T10:39:23,541,79.602422,600.0,-0.07235,5.190009,98.339357,20
2026-02-27T10:39:30,542,75.262761,600.0,-0.072356,4.445117,98.339357,20
2026-02-27T10:39:36,543,75.88229,600.0,-0.072521,3.21197,98.339357,20
2026-02-27T10:39:42,544,78.365639,600.0,-0.072336,4.746098,98.339357,20
2026-02-27T10:39:49,545,75.876688,600.0,-0.070227,2.934597,98.339357,20
2026-02-27T10:39:55,546,82.11395,600.0,-0.070336,3.216322,98.339357,20
2026-02-27T10:40:01,547,72.140302,600.0,-0.068958,3.570857,98.339357,20
2026-02-27T10:40:08,548,76.511573,600.0,-0.072381,3.005475,98.339357,20
2026-02-27T10:40:51,549,76.503319,600.0,-0.073457,3.039985,98.339357,20
2026-02-27T13:09:24,1,80.284172,600.0,-0.051577,13.631443,80.284172,20
2026-02-27T13:09:40,2,93.978493,600.0,-0.069267,13.243098,93.978493,20
2026-02-27T13:09:57,3,92.124199,600.0,-0.056841,15.09477,93.978493,20
2026-02-27T13:10:13,4,87.135901,600.0,-0.068752,13.404064,93.978493,20
2026-02-27T13:10:29,5,95.227908,600.0,-0.067741,13.618907,95.227908,20
2026-02-27T13:10:45,6,92.112202,600.0,-0.069334,12.310233,95.227908,20
2026-02-27T13:11:02,7,78.420506,600.0,-0.069441,10.917074,95.227908,20
2026-02-27T13:11:18,8,84.629469,600.0,-0.068993,10.899706,95.227908,20
2026-02-27T13:11:35,9,82.766451,600.0,-0.068942,9.558291,95.227908,20
2026-02-27T13:11:52,10,87.74698,600.0,-0.069735,8.524678,95.227908,20
2026-02-27T13:12:10,11,87.112479,600.0,-0.069415,5.763957,95.227908,20
2026-02-27T13:12:29,12,84.008756,600.0,-0.069649,4.023393,95.227908,20
2026-02-27T13:12:47,13,86.519953,600.0,-0.069743,3.959085,95.227908,20
2026-02-27T13:13:05,14,79.659204,600.0,-0.068067,3.791566,95.227908,20
2026-02-27T13:13:23,15,90.242118,600.0,-0.068431,3.019279,95.227908,20
2026-02-27T13:13:42,16,82.779941,600.0,-0.068874,3.559229,95.227908,20
2026-02-27T13:14:02,17,72.839493,600.0,-0.064569,3.084659,95.227908,20
2026-02-27T13:14:19,18,89.009657,600.0,-0.069422,4.207025,95.227908,20
2026-02-27T13:14:36,19,85.880875,600.0,-0.068251,4.1894,95.227908,20
2026-02-27T13:14:52,20,78.410257,600.0,-0.068077,3.818451,95.227908,20
2026-02-27T13:15:09,21,91.491357,600.0,-0.069992,3.232688,95.227908,20
2026-02-27T13:15:26,22,81.552203,600.0,-0.066028,3.567776,95.227908,20
2026-02-27T13:15:43,23,91.474272,600.0,-0.068171,3.452475,95.227908,20
2026-02-27T13:15:59,24,92.729101,600.0,-0.068455,4.033302,95.227908,20
2026-02-27T13:16:16,25,82.77537,600.0,-0.066386,5.653096,95.227908,20
2026-02-27T13:16:32,26,89.617805,600.0,-0.069934,5.332077,95.227908,20
2026-02-27T13:16:49,27,85.875009,600.0,-0.068875,3.671003,95.227908,20
2026-02-27T13:17:06,28,90.857224,600.0,-0.06987,3.805384,95.227908,20
2026-02-27T13:17:22,29,82.154594,600.0,-0.068333,3.525498,95.227908,20
2026-02-27T13:17:39,30,87.749817,600.0,-0.069954,3.105739,95.227908,20
2026-02-27T13:17:56,31,85.899936,600.0,-0.06891,3.292106,95.227908,20
2026-02-27T13:18:13,32,80.279101,600.0,-0.069175,4.59406,95.227908,20
2026-02-27T13:18:30,33,86.509325,600.0,-0.069339,3.618929,95.227908,20
2026-02-27T13:18:46,34,75.326687,600.0,-0.068956,3.207643,95.227908,20
2026-02-27T13:19:03,35,74.693589,600.0,-0.069339,3.617207,95.227908,20
2026-02-27T13:19:20,36,68.474402,600.0,-0.06893,3.735847,95.227908,20
2026-02-27T13:19:37,37,85.889502,600.0,-0.070106,3.900932,95.227908,20
2026-02-27T13:19:54,38,81.513938,600.0,-0.06857,4.857347,95.227908,20
2026-02-27T13:20:11,39,86.502131,600.0,-0.033033,3.565931,95.227908,20
2026-02-27T13:20:28,40,83.392519,600.0,-0.057978,4.293592,95.227908,20
2026-02-27T13:20:44,41,87.743569,600.0,-0.070884,5.214357,95.227908,20
2026-02-27T13:21:01,42,95.22462,600.0,-0.068585,3.771866,95.227908,20
2026-02-27T13:21:18,43,88.376646,600.0,-0.065847,3.293412,95.227908,20
2026-02-27T13:21:35,44,96.464729,600.0,-0.068854,3.055715,96.464729,20
2026-02-27T13:21:52,45,98.322399,600.0,-0.069388,3.797541,98.322399,20
2026-02-27T13:22:08,46,89.63028,600.0,-0.069295,4.216887,98.322399,20
2026-02-27T13:22:26,47,91.501229,600.0,-0.069865,4.124829,98.322399,20
2026-02-27T13:22:43,48,90.867578,600.0,-0.068857,4.045327,98.322399,20
2026-02-27T13:22:59,49,82.142047,600.0,-0.069739,4.491563,98.322399,20
2026-02-27T13:23:16,50,75.302703,600.0,-0.067201,7.229411,98.322399,20
2026-02-27T13:23:33,51,82.782049,600.0,-0.068465,5.275867,98.322399,20
2026-02-27T13:23:50,52,92.72517,600.0,-0.069157,5.402925,98.322399,20
2026-02-27T13:24:07,53,87.135166,600.0,-0.068871,3.967767,98.322399,20
2026-02-27T13:24:24,54,87.748751,600.0,-0.06618,3.271994,98.322399,20
2026-02-27T13:24:41,55,91.480078,600.0,-0.069079,4.373424,98.322399,20
2026-02-27T13:24:57,56,87.125279,600.0,-0.069874,3.772408,98.322399,20
2026-02-27T13:25:14,57,90.249986,600.0,-0.069685,3.329574,98.322399,20
2026-02-27T13:25:31,58,87.119692,600.0,-0.069555,3.264453,98.322399,20
2026-02-27T13:25:48,59,96.46276,600.0,-0.063129,3.595251,98.322399,20
2026-02-27T13:26:05,60,87.122519,600.0,-0.069914,4.009064,98.322399,20
2026-02-27T13:26:22,61,93.34799,600.0,-0.066888,4.256541,98.322399,20
2026-02-27T13:26:38,62,95.218282,600.0,-0.06974,5.008535,98.322399,20
2026-02-27T13:26:55,63,97.70193,600.0,-0.068702,4.756753,98.322399,20
2026-02-27T13:27:12,64,96.448401,600.0,-0.069994,3.567281,98.322399,20
2026-02-27T13:27:29,65,87.734381,600.0,-0.069677,4.126957,98.322399,20
2026-02-27T13:27:46,66,92.714617,600.0,-0.070147,3.673219,98.322399,20
2026-02-27T13:28:03,67,97.695784,600.0,-0.068367,2.911716,98.322399,20
2026-02-27T13:28:20,68,97.69962,600.0,-0.061965,5.396065,98.322399,20
2026-02-27T13:28:37,69,95.220894,600.0,-0.069653,4.558408,98.322399,20
2026-02-27T13:28:54,70,94.579679,600.0,-0.068922,4.764272,98.322399,20
2026-02-27T13:29:12,71,97.689587,600.0,-0.06928,3.085169,98.322399,20
2026-02-27T13:29:29,72,86.491222,600.0,-0.066876,3.636671,98.322399,20
2026-02-27T13:29:46,73,92.098362,600.0,-0.069181,3.84701,98.322399,20
2026-02-27T13:30:03,74,93.966139,600.0,-0.070469,3.686314,98.322399,20
2026-02-27T13:30:21,75,86.510728,600.0,-0.068526,4.680561,98.322399,20
2026-02-27T13:30:38,76,88.977028,600.0,-0.06899,5.078081,98.322399,20
2026-02-27T13:30:55,77,96.46915,600.0,-0.069603,4.767383,98.322399,20
2026-02-27T13:31:12,78,90.849004,600.0,-0.063421,5.169758,98.322399,20
2026-02-27T13:31:29,79,96.452578,600.0,-0.06912,4.282186,98.322399,20
2026-02-27T13:31:46,80,93.969995,600.0,-0.069287,5.438232,98.322399,20
2026-02-27T13:32:03,81,95.831871,600.0,-0.069735,3.638522,98.322399,20
2026-02-27T13:32:20,82,93.971187,600.0,-0.07058,4.138283,98.322399,20
2026-02-27T13:32:38,83,92.734622,600.0,-0.068619,3.621333,98.322399,20
2026-02-27T13:32:55,84,93.353489,600.0,-0.06449,4.119359,98.322399,20
2026-02-27T13:33:12,85,85.883049,600.0,-0.070393,3.351571,98.322399,20
2026-02-27T13:33:29,86,95.215082,600.0,-0.069762,3.973276,98.322399,20
2026-02-27T13:33:47,87,97.694823,600.0,-0.069353,3.602072,98.322399,20
2026-02-27T13:34:04,88,91.490163,600.0,-0.042021,3.442612,98.322399,20
2026-02-27T13:34:21,89,90.860302,600.0,-0.069501,3.632643,98.322399,20
2026-02-27T13:34:38,90,93.963948,600.0,-0.068812,3.21993,98.322399,20
2026-02-27T13:34:56,91,89.002468,600.0,-0.069477,3.80332,98.322399,20
2026-02-27T13:35:13,92,90.846805,600.0,-0.070638,3.217364,98.322399,20
2026-02-27T13:35:30,93,102.063959,600.0,-0.069283,3.296914,102.063959,20
2026-02-27T13:35:47,94,92.71902,600.0,-0.069807,5.107751,102.063959,20
2026-02-27T13:36:04,95,94.584071,600.0,-0.069178,3.034774,102.063959,20
2026-02-27T13:36:21,96,70.916002,600.0,-0.068999,12.345708,102.063959,20
2026-02-27T13:36:38,97,93.3433,600.0,-0.068809,4.179453,102.063959,20
2026-02-27T13:36:54,98,93.951355,600.0,-0.069925,4.625913,102.063959,20
2026-02-27T13:37:11,99,85.252086,600.0,-0.064461,3.248214,102.063959,20
2026-02-27T13:37:28,100,93.951649,600.0,-0.070364,3.914721,102.063959,20
2026-02-27T13:37:45,101,88.330758,600.0,-0.068448,6.338945,102.063959,20
2026-02-27T13:38:02,102,90.213984,600.0,-0.069365,3.571834,102.063959,20
2026-02-27T13:38:20,103,101.430204,600.0,-0.070249,4.200624,102.063959,20
2026-02-27T13:38:37,104,97.689422,600.0,-0.070128,4.276431,102.063959,20
2026-02-27T13:38:54,105,88.971697,600.0,-0.046821,4.572001,102.063959,20
2026-02-27T13:39:11,106,93.953665,600.0,-0.068879,4.787297,102.063959,20
2026-02-27T13:39:28,107,94.573997,600.0,-0.069309,4.218622,102.063959,20
2026-02-27T13:39:45,108,95.817234,600.0,-0.066219,3.488157,102.063959,20
2026-02-27T13:40:02,109,93.949435,600.0,-0.069021,3.814737,102.063959,20
2026-02-27T13:40:20,110,83.377539,600.0,-0.069517,7.174558,102.063959,20
2026-02-27T13:40:37,111,92.716766,600.0,-0.069501,3.504576,102.063959,20
2026-02-27T13:40:54,112,87.721279,600.0,-0.06947,4.008243,102.063959,20
2026-02-27T13:41:11,113,99.547778,600.0,-0.068918,4.363817,102.063959,20
2026-02-27T13:41:29,114,92.068373,600.0,-0.071231,4.031184,102.063959,20
2026-02-27T13:41:46,115,91.450362,600.0,-0.070697,3.631693,102.063959,20
2026-02-27T13:42:03,116,78.385766,600.0,-0.070432,8.230469,102.063959,20
2026-02-27T13:42:20,117,96.43948,600.0,-0.069192,3.511195,102.063959,20
2026-02-27T13:42:36,118,95.829372,600.0,-0.068757,3.155661,102.063959,20
2026-02-27T13:42:54,119,86.476627,600.0,-0.07026,3.625581,102.063959,20
2026-02-27T13:43:11,120,87.722421,600.0,-0.071986,4.468175,102.063959,20
2026-02-27T13:43:28,121,90.854374,600.0,-0.070264,4.475,102.063959,20
2026-02-27T13:43:44,122,93.333711,600.0,-0.052599,3.780092,102.063959,20
2026-02-27T13:44:01,123,93.328964,600.0,-0.010944,5.49167,102.063959,20
2026-02-27T13:44:18,124,92.078642,600.0,-0.070512,3.978498,102.063959,20
2026-02-27T13:44:35,125,82.12464,600.0,-0.069905,4.094821,102.063959,20
2026-02-27T13:44:52,126,84.611803,600.0,0.017037,3.66947,102.063959,20
2026-02-27T13:45:09,127,83.378714,600.0,0.060449,4.865955,102.063959,20
2026-02-27T13:45:26,128,84.598801,600.0,-0.068592,3.869435,102.063959,20
2026-02-27T13:45:43,129,93.318614,600.0,-0.071411,3.961915,102.063959,20
2026-02-27T13:45:59,130,90.217646,600.0,-0.070117,4.679404,102.063959,20
2026-02-27T13:46:16,131,88.346714,600.0,-0.070407,3.374994,102.063959,20
2026-02-27T13:46:33,132,83.371877,600.0,-0.069299,4.18433,102.063959,20
2026-02-27T13:46:50,133,87.111138,600.0,-0.069201,3.834788,102.063959,20
2026-02-27T13:47:07,134,86.492029,600.0,-0.070955,3.731982,102.063959,20
2026-02-27T13:47:24,135,88.981075,600.0,-0.069777,4.128942,102.063959,20
2026-02-27T13:47:41,136,80.272003,600.0,-0.068383,3.403555,102.063959,20
2026-02-27T13:47:58,137,94.565989,600.0,-0.070906,5.387249,102.063959,20
2026-02-27T13:48:15,138,94.561449,600.0,-0.069689,3.320799,102.063959,20
2026-02-27T13:48:32,139,80.265603,600.0,-0.06939,7.541616,102.063959,20
2026-02-27T13:48:49,140,92.714892,600.0,-0.070351,5.253491,102.063959,20
2026-02-27T13:49:06,141,97.04762,600.0,-0.069309,4.879963,102.063959,20
2026-02-27T13:49:23,142,98.316909,600.0,-0.069688,4.404754,102.063959,20
2026-02-27T13:49:39,143,95.819031,600.0,-0.070588,3.134688,102.063959,20
2026-02-27T13:49:56,144,96.443707,600.0,-0.06813,4.2003,102.063959,20
2026-02-27T13:50:13,145,88.35533,600.0,-0.067181,4.752616,102.063959,20
2026-02-27T13:50:30,146,88.354358,600.0,-0.07005,5.106497,102.063959,20
2026-02-27T13:50:47,147,91.458983,600.0,-0.069971,3.946114,102.063959,20
2026-02-27T13:51:03,148,94.565788,600.0,-0.070495,4.299137,102.063959,20
2026-02-27T13:51:20,149,87.735472,600.0,-0.070576,3.875056,102.063959,20
2026-02-27T13:51:37,150,100.800319,600.0,-0.070228,4.139763,102.063959,20
2026-02-27T13:51:55,151,88.957571,600.0,-0.070492,3.469312,102.063959,20
2026-02-27T13:52:12,152,93.953245,600.0,-0.013168,4.877616,102.063959,20
2026-02-27T13:52:28,153,92.707712,600.0,-0.066425,3.235423,102.063959,20
2026-02-27T13:52:45,154,91.448022,600.0,-0.070007,4.577505,102.063959,20
2026-02-27T13:53:02,155,90.220861,600.0,-0.0705,3.106618,102.063959,20
2026-02-27T13:53:19,156,95.198857,600.0,-0.071349,3.968549,102.063959,20
2026-02-27T13:53:36,157,90.217263,600.0,-0.039179,4.004072,102.063959,20
2026-02-27T13:53:52,158,95.806125,600.0,-0.069426,6.613889,102.063959,20
2026-02-27T13:54:09,159,100.806163,600.0,-0.07,4.407007,102.063959,20
2026-02-27T13:54:26,160,83.368034,600.0,-0.067461,4.067387,102.063959,20
2026-02-27T13:54:43,161,97.074879,600.0,-0.070476,3.912179,102.063959,20
2026-02-27T13:55:00,162,97.68833,600.0,-0.070236,4.105954,102.063959,20
2026-02-27T13:55:17,163,94.551716,600.0,-0.070285,3.65941,102.063959,20
2026-02-27T13:55:33,164,88.965326,600.0,-0.070343,4.284492,102.063959,20
2026-02-27T13:55:50,165,92.705118,600.0,-0.071051,3.12705,102.063959,20
2026-02-27T13:56:08,166,87.104302,600.0,-0.070831,3.400488,102.063959,20
2026-02-27T13:56:25,167,90.208165,600.0,0.000544,3.004308,102.063959,20
2026-02-27T13:56:42,168,92.076659,600.0,-0.068458,2.90087,102.063959,20
2026-02-27T13:57:00,169,87.110108,600.0,-0.071326,3.455451,102.063959,20
2026-02-27T13:57:17,170,94.553834,600.0,-0.071546,3.985616,102.063959,20
2026-02-27T13:57:34,171,81.510888,600.0,-0.069624,4.880038,102.063959,20
2026-02-27T13:57:51,172,92.102406,600.0,-0.070306,3.229821,102.063959,20
2026-02-27T13:58:08,173,92.703692,600.0,0.054772,2.993923,102.063959,20
2026-02-27T13:58:25,174,83.369809,600.0,-0.062911,3.248775,102.063959,20
2026-02-27T13:58:42,175,92.696614,600.0,0.038002,3.294136,102.063959,20
2026-02-27T13:58:59,176,83.986563,600.0,-0.042544,2.781761,102.063959,20
2026-02-27T13:59:17,177,80.275257,600.0,-0.006796,4.165413,102.063959,20
2026-02-27T13:59:34,178,70.934319,600.0,-0.070671,4.685245,102.063959,20
2026-02-27T13:59:51,179,61.611218,600.0,-0.070419,3.627357,102.063959,20
2026-02-27T14:00:08,180,74.653601,600.0,-0.059392,4.122927,102.063959,20
2026-02-27T14:00:25,181,65.971366,600.0,-0.068383,2.967203,102.063959,20
2026-02-27T14:00:42,182,74.661477,600.0,-0.071586,8.687919,102.063959,20
2026-02-27T14:00:59,183,67.822911,600.0,-0.070415,2.620096,102.063959,20
2026-02-27T14:01:16,184,69.068716,600.0,-0.040456,4.667718,102.063959,20
2026-02-27T14:01:34,185,59.738969,600.0,-0.068697,3.179253,102.063959,20
2026-02-27T14:01:51,186,71.553837,600.0,-0.0709,3.322241,102.063959,20
2026-02-27T14:02:08,187,67.81519,600.0,-0.07116,3.131186,102.063959,20
2026-02-27T14:02:25,188,65.949293,600.0,-0.068974,2.527431,102.063959,20
2026-02-27T14:02:42,189,67.796007,600.0,-0.071107,7.753322,102.063959,20
2026-02-27T14:02:59,190,75.272568,600.0,-0.070497,3.456883,102.063959,20
2026-02-27T14:03:16,191,61.610196,600.0,-0.07136,2.755702,102.063959,20
2026-02-27T14:03:33,192,64.081115,600.0,-0.070153,3.468611,102.063959,20
2026-02-27T14:03:50,193,68.447153,600.0,-0.070676,4.82677,102.063959,20
2026-02-27T14:04:07,194,67.17169,600.0,-0.060598,3.608702,102.063959,20
2026-02-27T14:04:24,195,54.74746,600.0,-0.062266,2.993514,102.063959,20
2026-02-27T14:04:41,196,67.191128,600.0,-0.071227,3.323178,102.063959,20
2026-02-27T14:04:59,197,58.489348,600.0,-0.071424,2.291096,102.063959,20
2026-02-27T14:05:16,198,60.341101,600.0,-0.069702,2.767079,102.063959,20
2026-02-27T14:05:33,199,65.318496,600.0,-0.071448,4.24044,102.063959,20
2026-02-27T14:05:50,200,66.564824,600.0,-0.070843,3.173423,102.063959,20
2026-02-27T14:06:07,201,67.809822,600.0,-0.070967,2.84568,102.063959,20
2026-02-27T14:06:24,202,62.224121,600.0,-0.070241,2.408317,102.063959,20
2026-02-27T14:06:41,203,64.08884,600.0,-0.07135,2.849594,102.063959,20
2026-02-27T14:06:58,204,73.40739,600.0,-0.069874,3.281175,102.063959,20
2026-02-27T14:07:15,205,69.064856,600.0,-0.069311,2.678007,102.063959,20
2026-02-27T14:07:32,206,79.021144,600.0,-0.038795,3.379276,102.063959,20
2026-02-27T14:07:49,207,66.584066,600.0,-0.070884,2.969396,102.063959,20
2026-02-27T14:08:06,208,75.287694,600.0,-0.06756,3.28049,102.063959,20
2026-02-27T14:08:23,209,72.182679,600.0,-0.067504,5.120109,102.063959,20
2026-02-27T14:08:40,210,67.807843,600.0,0.023175,2.750687,102.063959,20
2026-02-27T14:08:57,211,67.828756,600.0,-0.071368,3.951538,102.063959,20
2026-02-27T14:09:14,212,71.532863,600.0,-0.003859,6.328616,102.063959,20
2026-02-27T14:09:31,213,68.443986,600.0,-0.071283,2.933123,102.063959,20
2026-02-27T14:09:48,214,76.546045,600.0,-0.070818,3.551915,102.063959,20
2026-02-27T14:10:04,215,60.367644,600.0,-0.070852,4.248832,102.063959,20
2026-02-27T14:10:21,216,65.322191,600.0,-0.072213,3.990394,102.063959,20
2026-02-27T14:10:38,217,66.579275,600.0,-0.070934,3.844406,102.063959,20
2026-02-27T14:10:55,218,64.725906,600.0,-0.07108,5.70891,102.063959,20
2026-02-27T14:11:12,219,73.418885,600.0,-0.072762,4.467315,102.063959,20
2026-02-27T14:11:31,220,70.308868,600.0,-0.068815,3.542915,102.063959,20
2026-02-27T14:11:50,221,74.660946,600.0,-0.069796,4.297346,102.063959,20
2026-02-27T14:12:11,222,69.05466,600.0,-0.071443,3.423435,102.063959,20
2026-02-27T14:12:30,223,74.659357,600.0,-0.071412,3.065303,102.063959,20
2026-02-27T14:12:49,224,66.572823,600.0,-0.071537,3.552743,102.063959,20
2026-02-27T14:13:08,225,70.927731,600.0,-0.068222,2.687863,102.063959,20
2026-02-27T14:13:25,226,73.409451,600.0,-0.073563,3.856025,102.063959,20
2026-02-27T14:13:42,227,76.539929,600.0,-0.069179,5.403826,102.063959,20
2026-02-27T14:13:59,228,75.903769,600.0,-0.069712,3.550351,102.063959,20
2026-02-27T14:14:16,229,72.808149,600.0,-0.073309,4.036224,102.063959,20
2026-02-27T14:14:33,230,86.474269,600.0,-0.071735,3.394843,102.063959,20
2026-02-27T14:14:50,231,74.038174,600.0,-0.070536,3.8854,102.063959,20
2026-02-27T14:15:08,232,79.031517,600.0,-0.070818,7.142443,102.063959,20
2026-02-27T14:15:25,233,80.283169,600.0,-0.071277,4.62424,102.063959,20
2026-02-27T14:15:42,234,86.486243,600.0,-0.070564,4.140686,102.063959,20
2026-02-27T14:15:59,235,75.898444,600.0,-0.030043,3.92605,102.063959,20
2026-02-27T14:16:16,236,75.286774,600.0,-0.071708,3.038818,102.063959,20
2026-02-27T14:16:33,237,74.657691,600.0,-0.070001,2.380773,102.063959,20
2026-02-27T14:16:51,238,70.94157,600.0,-0.062653,2.958483,102.063959,20
2026-02-27T14:17:08,239,80.259039,600.0,-0.071769,3.265514,102.063959,20
2026-02-27T14:17:25,240,77.157364,600.0,-0.072514,2.721233,102.063959,20
2026-02-27T14:17:42,241,77.771202,600.0,-0.069787,3.232291,102.063959,20
2026-02-27T14:17:59,242,70.32665,600.0,-0.057452,3.229414,102.063959,20
2026-02-27T14:18:16,243,85.854684,600.0,-0.070619,3.291628,102.063959,20
2026-02-27T14:18:33,244,70.937938,600.0,-0.064894,3.182128,102.063959,20
2026-02-27T14:18:49,245,72.185627,600.0,-0.072886,3.412309,102.063959,20
2026-02-27T14:19:07,246,80.267287,600.0,-0.067557,2.984806,102.063959,20
2026-02-27T14:19:25,247,82.117002,600.0,-0.072727,3.167485,102.063959,20
2026-02-27T14:19:44,248,77.133648,600.0,-0.071032,3.934722,102.063959,20
2026-02-27T14:20:02,249,74.67493,600.0,-0.07149,2.77191,102.063959,20
2026-02-27T14:20:19,250,79.645905,600.0,-0.071151,3.634654,102.063959,20
2026-02-27T14:20:38,251,83.376814,600.0,-0.071744,3.095757,102.063959,20
2026-02-27T14:20:58,252,74.653164,600.0,-0.073358,2.927776,102.063959,20
2026-02-27T14:21:18,253,82.749662,600.0,-0.071446,3.887331,102.063959,20
2026-02-27T14:21:38,254,78.378131,600.0,-0.070377,3.969657,102.063959,20
2026-02-27T14:21:57,255,76.526873,600.0,-0.070994,3.86947,102.063959,20
2026-02-27T14:22:17,256,78.388877,600.0,-0.072035,4.686827,102.063959,20
2026-02-27T14:22:37,257,86.478691,600.0,-0.071866,4.059429,102.063959,20
2026-02-27T14:22:57,258,83.380015,600.0,-0.068447,3.058218,102.063959,20
2026-02-27T14:23:16,259,77.767614,600.0,-0.071608,5.583024,102.063959,20
2026-02-27T14:23:36,260,81.506309,600.0,-0.071982,4.681476,102.063959,20
2026-02-27T14:23:57,261,81.498636,600.0,-0.071149,2.926095,102.063959,20
2026-02-27T14:24:51,1,22.864277,347.375,-0.067365,41.342907,22.864277,20
2026-02-27T14:25:06,2,29.82845,335.0625,-0.072487,39.683575,29.82845,20
2026-02-27T14:25:23,3,33.919894,369.75,-0.070797,42.741459,33.919894,20
2026-02-27T14:25:42,4,41.503125,438.75,-0.069188,37.057949,41.503125,20
2026-02-27T14:25:58,5,33.963327,361.5625,-0.069963,45.667255,41.503125,20
2026-02-27T14:26:15,6,46.791942,399.4375,-0.064676,26.108385,46.791942,20
2026-02-27T14:26:25,7,1.168516,244.5625,-0.072161,68.126663,46.791942,20
2026-02-27T14:26:40,8,30.854458,361.6875,-0.070642,38.785381,46.791942,20
2026-02-27T14:26:53,9,15.6486,310.1875,-0.070728,42.85725,46.791942,20
2026-02-27T14:27:10,10,30.009886,390.6875,-0.071612,29.751293,46.791942,20
2026-02-27T14:27:27,11,37.988599,409.125,-0.071049,25.363232,46.791942,20
2026-02-27T14:27:44,12,34.93365,399.375,-0.069156,25.656799,46.791942,20
2026-02-27T14:27:55,13,11.697487,255.5,-0.071648,44.223038,46.791942,20
2026-02-27T14:28:12,14,41.039432,419.6875,-0.069369,20.093721,46.791942,20
2026-02-27T14:28:31,15,42.204799,428.625,-0.069419,24.964613,46.791942,20
2026-02-27T14:28:43,16,13.877003,297.4375,-0.071935,50.714058,46.791942,20
2026-02-27T14:28:58,17,28.564469,337.1875,-0.070126,36.440506,46.791942,20
2026-02-27T14:29:14,18,28.881579,376.75,-0.070582,20.900696,46.791942,20
2026-02-27T14:29:27,19,26.067504,336.5625,-0.07177,33.833801,46.791942,20
2026-02-27T14:29:45,20,31.171769,402.875,-0.068864,26.141735,46.791942,20
2026-02-27T14:30:02,21,39.233681,409.625,-0.070768,20.045933,46.791942,20
2026-02-27T14:30:18,22,38.824612,383.5625,-0.069456,21.927027,46.791942,20
2026-02-27T14:30:29,23,4.240391,250.8125,-0.071191,45.461143,46.791942,20
2026-02-27T14:30:43,24,19.296038,322.4375,-0.070552,34.044529,46.791942,20
2026-02-27T14:31:02,25,45.242261,441.1875,-0.07033,18.746891,46.791942,20
2026-02-27T14:31:18,26,33.230342,376.625,-0.070155,30.135406,46.791942,20
2026-02-27T14:31:33,27,14.134977,350.9375,-0.069539,25.962219,46.791942,20
2026-02-27T14:31:45,28,21.383125,292.8125,-0.072291,42.942356,46.791942,20
2026-02-27T14:32:00,29,23.472204,349.5,-0.06941,31.742819,46.791942,20
2026-02-27T14:32:16,30,38.210971,381.1875,-0.069569,24.819534,46.791942,20
2026-02-27T14:32:30,31,14.953023,323.375,-0.070572,34.73914,46.791942,20
2026-02-27T14:32:45,32,27.791072,354.1875,-0.071005,34.925751,46.791942,20
2026-02-27T14:33:00,33,28.470489,347.625,-0.071277,28.297646,46.791942,20
2026-02-27T14:33:17,34,35.042432,387.1875,-0.07016,23.440216,46.791942,20
2026-02-27T14:33:35,35,19.616369,366.9375,-0.0699,27.85214,46.791942,20
2026-02-27T14:33:50,36,9.984045,319.625,-0.069474,35.952412,46.791942,20
2026-02-27T14:34:04,37,21.199985,319.5625,-0.06977,33.9659,46.791942,20
2026-02-27T14:34:19,38,25.415807,339.5625,-0.069491,31.933109,46.791942,20
2026-02-27T14:34:35,39,34.995168,393.4375,-0.070335,30.485294,46.791942,20
2026-02-27T14:34:52,40,33.672736,409.875,-0.069924,19.977221,46.791942,20
2026-02-27T14:35:02,41,6.374716,217.4375,-0.07178,63.663525,46.791942,20
2026-02-27T14:35:18,42,34.530261,374.4375,-0.07102,24.276516,46.791942,20
2026-02-27T14:35:34,43,26.506924,363.125,-0.069996,23.571783,46.791942,20
2026-02-27T14:35:49,44,40.816615,365.8125,-0.069121,25.363605,46.791942,20
2026-02-27T14:36:05,45,34.517337,374.875,-0.07068,28.684546,46.791942,20
2026-02-27T14:36:23,46,44.752423,422.75,-0.071353,24.228432,46.791942,20
2026-02-27T14:36:38,47,27.143813,358.125,-0.071398,31.263411,46.791942,20
2026-02-27T14:36:56,48,38.693391,403.1875,-0.071603,25.04393,46.791942,20
2026-02-27T14:37:09,49,14.952444,324.3125,-0.071469,35.876812,46.791942,20
2026-02-27T14:37:22,50,14.472571,305.125,-0.071617,28.266285,46.791942,20
2026-02-27T14:37:38,51,23.27286,374.0,-0.071733,28.639366,46.791942,20
2026-02-27T14:37:54,52,28.91262,372.0625,-0.063612,25.980947,46.791942,20
2026-02-27T14:38:06,53,7.632673,301.1875,-0.071674,42.00211,46.791942,20
2026-02-27T14:38:20,54,17.398498,328.75,-0.072088,28.234867,46.791942,20
2026-02-27T14:38:37,55,26.428669,374.5625,-0.069563,17.327824,46.791942,20
2026-02-27T14:38:54,56,29.397558,393.75,-0.070316,24.341375,46.791942,20
2026-02-27T14:39:07,57,14.528987,294.4375,-0.071287,32.145355,46.791942,20
2026-02-27T14:39:23,58,23.326848,370.6875,-0.070249,24.418877,46.791942,20
2026-02-27T14:39:40,59,41.765698,407.9375,-0.070469,21.84659,46.791942,20
2026-02-27T14:39:54,60,11.213314,324.6875,-0.071047,25.068419,46.791942,20
2026-02-27T14:40:11,61,44.374337,391.25,-0.070734,23.810284,46.791942,20
2026-02-27T14:40:26,62,22.993347,332.875,-0.071164,27.436506,46.791942,20
2026-02-27T14:40:40,63,19.925572,322.0625,-0.070598,37.855934,46.791942,20
2026-02-27T14:40:55,64,24.518536,375.75,-0.069061,27.891989,46.791942,20
2026-02-27T14:41:08,65,6.377611,299.625,-0.070576,26.026918,46.791942,20
2026-02-27T14:41:25,66,27.424415,404.75,-0.071963,26.666698,46.791942,20
2026-02-27T14:41:40,67,22.759504,359.8125,-0.070762,28.813282,46.791942,20
2026-02-27T14:41:54,68,21.787602,324.3125,-0.072892,29.137527,46.791942,20
2026-02-27T14:42:07,69,14.045444,278.1875,-0.069415,28.655745,46.791942,20
2026-02-27T14:42:21,70,22.915168,337.875,-0.071972,30.182396,46.791942,20
2026-02-27T14:42:38,71,41.914321,383.3125,-0.071097,21.678699,46.791942,20
2026-02-27T14:42:51,72,12.616599,299.875,-0.070286,34.11628,46.791942,20
2026-02-27T14:43:09,73,15.028418,393.125,-0.069994,30.299629,46.791942,20
2026-02-27T14:43:22,74,22.555624,306.125,-0.07046,33.297691,46.791942,20
2026-02-27T14:43:38,75,25.746648,383.0625,-0.069752,19.916622,46.791942,20
2026-02-27T14:43:56,76,32.392663,412.5,-0.07162,19.23838,46.791942,20
2026-02-27T14:44:12,77,25.805384,371.125,-0.071013,27.536596,46.791942,20
2026-02-27T14:44:29,78,31.228585,396.25,-0.070646,27.282675,46.791942,20
2026-02-27T14:44:41,79,15.75333,296.25,-0.071746,38.974998,46.791942,20
2026-02-27T14:44:55,80,13.732969,318.8125,-0.069758,32.23457,46.791942,20
2026-02-27T14:45:08,81,20.749511,295.6875,-0.072475,25.462719,46.791942,20
2026-02-27T14:45:21,82,21.27774,306.9375,-0.07139,31.10862,46.791942,20
2026-02-27T14:45:36,83,20.447024,335.9375,-0.072212,28.924448,46.791942,20
2026-02-27T14:45:57,84,47.557962,465.125,-0.06965,18.556021,47.557962,20
2026-02-27T14:46:09,85,14.632731,280.5625,-0.072025,34.512691,47.557962,20
2026-02-27T14:46:23,86,13.817681,306.75,-0.071252,28.98509,47.557962,20
2026-02-27T14:46:37,87,20.704319,301.5,-0.07119,27.618729,47.557962,20
2026-02-27T14:46:51,88,23.749593,311.375,-0.071095,29.046034,47.557962,20
2026-02-27T14:47:10,89,33.528949,425.0625,-0.072258,23.140549,47.557962,20
2026-02-27T14:47:26,90,30.312111,352.0,-0.068803,28.6796,47.557962,20
2026-02-27T14:47:46,91,40.892238,442.5625,-0.070387,24.645224,47.557962,20
2026-02-27T14:48:02,92,28.466466,346.25,-0.071572,30.739006,47.557962,20
2026-02-27T14:48:20,93,41.889419,388.9375,-0.070944,29.426977,47.557962,20
2026-02-27T14:48:33,94,18.341794,283.8125,-0.071221,34.526978,47.557962,20
2026-02-27T14:48:48,95,22.394131,323.625,-0.075568,37.670002,47.557962,20
2026-02-27T14:49:01,96,5.179124,294.3125,-0.070562,37.662872,47.557962,20
2026-02-27T14:49:13,97,14.789455,261.625,-0.070942,38.502533,47.557962,20
2026-02-27T14:49:24,98,6.765323,250.0625,-0.072138,41.064423,47.557962,20
2026-02-27T14:49:34,99,6.811127,241.1875,-0.071702,49.207397,47.557962,20
2026-02-27T14:49:48,100,18.751846,312.9375,-0.072689,23.786837,47.557962,20
2026-02-27T14:50:02,101,15.496814,333.625,-0.072287,35.005543,47.557962,20
2026-02-27T14:50:17,102,31.42661,368.75,-0.072074,25.514828,47.557962,20
2026-02-27T14:50:33,103,32.236221,341.6875,-0.07251,28.360785,47.557962,20
2026-02-27T14:50:46,104,22.506799,312.625,-0.071459,29.578741,47.557962,20
2026-02-27T14:50:59,105,13.859347,300.1875,-0.071772,35.595608,47.557962,20
2026-02-27T14:51:15,106,30.775132,373.625,-0.071272,31.548491,47.557962,20
2026-02-27T14:51:29,107,17.962794,339.625,-0.070148,25.150276,47.557962,20
2026-02-27T14:51:44,108,29.120416,344.25,-0.071435,33.116661,47.557962,20
2026-02-27T14:52:01,109,37.95895,414.5625,-0.069717,20.824766,47.557962,20
2026-02-27T14:52:16,110,12.750856,366.6875,-0.070199,27.144836,47.557962,20
2026-02-27T14:52:30,111,25.447184,335.375,-0.071996,36.421757,47.557962,20
2026-02-27T14:52:43,112,9.519289,295.125,-0.07216,30.536379,47.557962,20
2026-02-27T14:52:58,113,32.192024,352.625,-0.070729,21.312313,47.557962,20
2026-02-27T14:53:12,114,22.774059,361.875,-0.066547,27.032919,47.557962,20
2026-02-27T14:53:28,115,27.792194,354.8125,-0.068603,29.563789,47.557962,20
2026-02-27T14:53:48,116,45.26169,437.875,-0.071054,20.661787,47.557962,20
2026-02-27T14:54:07,117,46.039242,418.0625,-0.072297,20.478271,47.557962,20
2026-02-27T14:54:25,118,34.315101,402.3125,-0.072192,23.598673,47.557962,20
2026-02-27T14:54:40,119,17.980329,333.5625,-0.073621,25.133083,47.557962,20
2026-02-27T14:54:56,120,19.112481,347.8125,-0.071055,28.146597,47.557962,20
2026-02-27T14:55:08,121,9.716729,271.0625,-0.072808,32.800507,47.557962,20
2026-02-27T14:55:25,122,22.831092,352.5,-0.072134,30.030733,47.557962,20
2026-02-27T14:55:40,123,15.585773,321.875,-0.072552,39.735329,47.557962,20
2026-02-27T14:55:59,124,32.9597,416.6875,-0.074682,19.238604,47.557962,20
2026-02-27T14:56:17,125,35.377325,428.4375,-0.07012,18.988295,47.557962,20
2026-02-27T14:56:31,126,11.203181,322.5,-0.071565,27.673256,47.557962,20
2026-02-27T14:56:49,127,31.156135,408.5625,-0.074324,20.200274,47.557962,20
2026-02-27T14:57:08,128,30.238224,445.9375,-0.073221,21.203768,47.557962,20
2026-02-27T14:57:23,129,26.158949,326.125,-0.068912,24.619284,47.557962,20
2026-02-27T14:57:42,130,37.103754,449.5625,-0.073396,14.216484,47.557962,20
2026-02-27T14:57:54,131,9.641109,279.3125,-0.06787,41.406231,47.557962,20
2026-02-27T14:58:11,132,25.722202,382.375,-0.073212,27.626934,47.557962,20
2026-02-27T14:58:30,133,29.110709,431.0,-0.071709,21.490162,47.557962,20
2026-02-27T14:59:11,134,36.892651,393.25,-0.071133,18.406136,47.557962,20
2026-02-27T14:59:28,135,31.975792,380.875,-0.072452,19.910994,47.557962,20
2026-02-27T14:59:45,136,31.380014,377.125,-0.072172,19.851267,47.557962,20
2026-02-27T15:00:04,137,28.392295,441.8125,-0.073268,24.952845,47.557962,20
2026-02-27T15:00:17,138,25.700197,301.8125,-0.073007,26.072229,47.557962,20
2026-02-27T15:00:35,139,26.300799,388.625,-0.071715,26.042458,47.557962,20
2026-02-27T15:00:48,140,9.626108,280.5,-0.072379,34.821232,47.557962,20
2026-02-27T15:01:03,141,14.773832,346.3125,-0.071544,23.387913,47.557962,20
2026-02-27T15:01:20,142,26.979103,382.3125,-0.073393,24.844988,47.557962,20
2026-02-27T15:01:32,143,8.42713,275.25,-0.07212,36.97427,47.557962,20
2026-02-27T15:01:45,144,22.058332,289.25,-0.071012,33.866711,47.557962,20
2026-02-27T15:02:07,145,24.573755,367.625,-0.073391,29.525827,47.557962,20
2026-02-27T15:02:24,146,28.642516,414.5625,-0.071778,17.581463,47.557962,20
2026-02-27T15:02:39,147,25.432821,338.3125,-0.071481,28.03887,47.557962,20
2026-02-27T15:03:05,148,41.323273,465.75,-0.071632,20.289862,47.557962,20
2026-02-27T15:03:26,149,37.969049,413.0625,-0.072765,21.495399,47.557962,20
2026-02-27T15:03:41,150,29.671363,356.25,-0.069182,19.069841,47.557962,20
2026-02-27T15:04:02,151,28.57854,416.5,-0.069247,20.612478,47.557962,20
2026-02-27T15:04:19,152,28.187038,385.375,-0.070827,24.476469,47.557962,20
2026-02-27T15:04:35,153,17.677953,369.875,-0.068021,29.591637,47.557962,20
2026-02-27T15:04:51,154,35.157761,369.6875,-0.072525,22.54637,47.557962,20
2026-02-27T15:05:01,155,3.253542,218.25,-0.072493,32.356136,47.557962,20
2026-02-27T15:05:17,156,25.820464,369.375,-0.071568,22.989834,47.557962,20
2026-02-27T15:05:31,157,25.619725,311.8125,-0.071901,31.452566,47.557962,20
2026-02-27T15:05:51,158,46.589625,427.6875,-0.07147,19.915224,47.557962,20
2026-02-27T15:06:22,159,50.448372,409.8125,-0.007738,18.035513,50.448372,20
2026-02-27T15:06:35,160,13.873234,301.625,-0.07235,36.159931,50.448372,20
2026-02-27T15:06:49,161,31.719193,327.5625,-0.073866,28.782656,50.448372,20
2026-02-27T15:07:06,162,28.937594,368.5,-0.071999,29.996214,50.448372,20
2026-02-27T15:07:21,163,31.492181,361.25,-0.072524,26.055969,50.448372,20
2026-02-27T15:07:38,164,31.444047,369.4375,-0.071947,21.211975,50.448372,20
2026-02-27T15:07:54,165,25.975686,349.3125,-0.069535,24.684361,50.448372,20
2026-02-27T15:08:16,166,22.94205,340.3125,-0.074112,29.209023,50.448372,20
2026-02-27T15:08:36,167,22.134115,358.625,-0.0708,28.693098,50.448372,20
2026-02-27T15:08:50,168,16.256484,312.0,-0.072231,35.888176,50.448372,20
2026-02-27T15:09:11,169,40.703291,465.8125,-0.072062,16.613707,50.448372,20
2026-02-27T15:09:27,170,33.369655,360.5,-0.071522,20.501913,50.448372,20
2026-02-27T15:09:44,171,41.800642,401.0625,-0.072029,18.271202,50.448372,20
2026-02-27T15:09:57,172,26.895173,308.25,-0.074484,35.03923,50.448372,20
2026-02-27T15:10:12,173,38.921919,368.6875,-0.071719,21.109982,50.448372,20
2026-02-27T15:10:32,174,50.208099,442.4375,-0.07028,21.705412,50.448372,20
2026-02-27T15:10:47,175,29.731702,343.1875,-0.072665,38.610981,50.448372,20
2026-02-27T15:11:03,176,25.704167,385.6875,-0.072258,25.422997,50.448372,20
2026-02-27T15:11:18,177,20.556643,320.875,-0.071691,32.784012,50.448372,20
2026-02-27T15:11:32,178,24.284334,323.125,-0.074728,31.583551,50.448372,20
2026-02-27T15:11:56,179,45.942043,429.5,-0.069784,19.472887,50.448372,20
2026-02-27T15:12:37,180,37.985329,409.75,-0.071478,19.027197,50.448372,20
2026-02-27T15:12:54,181,30.731628,382.4375,-0.072632,18.462261,50.448372,20
2026-02-27T15:13:10,182,27.355857,329.125,-0.070122,34.909668,50.448372,20
2026-02-27T15:13:29,183,38.211946,381.125,-0.071311,22.585615,50.448372,20
2026-02-27T15:13:46,184,20.969964,353.75,-0.073249,25.291273,50.448372,20
2026-02-27T15:14:10,185,58.015264,484.25,-0.072338,19.349014,58.015264,20
2026-02-27T15:14:34,186,57.406751,483.8125,-0.073487,15.674803,58.015264,20
2026-02-27T15:14:54,187,52.227351,424.0,-0.072935,18.493073,58.015264,20
2026-02-27T15:15:10,188,26.704626,331.875,-0.071575,34.217609,58.015264,20
2026-02-27T15:16:02,189,47.694077,446.9375,-0.072821,17.558025,58.015264,20
2026-02-27T15:16:16,190,26.968092,300.125,-0.074671,36.045673,58.015264,20
2026-02-27T15:16:34,191,42.895835,419.5,-0.073116,23.10335,58.015264,20
2026-02-27T15:16:49,192,32.223858,347.6875,-0.072858,25.922705,58.015264,20
2026-02-27T15:17:09,193,41.122957,409.0625,-0.071415,18.231543,58.015264,20
2026-02-27T15:17:27,194,37.718397,361.8125,-0.073315,27.629559,58.015264,20
2026-02-27T15:17:49,195,39.61843,442.8125,-0.074493,23.860334,58.015264,20
2026-02-27T15:18:05,196,29.685781,350.5625,-0.072259,28.834435,58.015264,20
2026-02-27T15:18:19,197,13.22896,299.5,-0.074964,40.191307,58.015264,20
2026-02-27T15:18:36,198,36.252961,392.625,-0.073935,23.120617,58.015264,20
2026-02-27T15:18:56,199,33.435764,433.6875,-0.072649,20.799654,58.015264,20
2026-02-27T15:19:13,200,27.675049,369.0,-0.075716,32.102692,58.015264,20
2026-02-27T15:19:28,201,22.253528,345.125,-0.072749,38.444508,58.015264,20
2026-02-27T15:19:48,202,38.397368,440.8125,-0.072128,19.58639,58.015264,20
2026-02-27T15:20:08,203,42.862013,426.5625,-0.072986,21.896097,58.015264,20
2026-02-27T15:20:26,204,33.05572,399.0625,-0.072672,30.626257,58.015264,20
2026-02-27T15:20:42,205,25.366589,348.6875,-0.07426,23.745676,58.015264,20
2026-02-27T15:21:03,206,56.277767,467.75,-0.071485,17.833164,58.015264,20
2026-02-27T15:21:23,207,44.72933,424.0,-0.07489,23.92112,58.015264,20
2026-02-27T15:21:41,208,36.127775,408.375,-0.07519,24.184162,58.015264,20
2026-02-27T15:21:59,209,41.083728,412.1875,-0.073171,25.518959,58.015264,20
2026-02-27T15:22:15,210,29.587435,363.375,-0.073848,31.031422,58.015264,20
2026-02-27T15:22:32,211,44.734958,426.0,-0.07404,15.816867,58.015264,20
2026-02-27T15:22:50,212,47.899475,420.125,-0.072268,21.020836,58.015264,20
2026-02-27T15:23:04,213,24.821015,335.1875,-0.071292,25.408773,58.015264,20
2026-02-27T15:23:23,214,51.400656,450.8125,-0.073784,20.189562,58.015264,20
2026-02-27T15:23:43,215,58.722108,470.6875,-0.072999,20.779503,58.722108,20
2026-02-27T15:24:02,216,44.15467,419.8125,-0.07231,24.603559,58.722108,20
2026-02-27T15:24:18,217,25.883059,360.6875,-0.072664,30.328018,58.722108,20
2026-02-27T15:24:37,218,54.512768,452.3125,-0.072914,17.477772,58.722108,20
2026-02-27T15:24:57,219,45.159531,451.375,-0.073359,20.804138,58.722108,20
2026-02-27T15:25:13,220,28.42493,352.6875,-0.07394,33.159004,58.722108,20
2026-02-27T15:25:27,221,19.995664,312.375,-0.075537,39.372005,58.722108,20
2026-02-27T15:25:42,222,24.717057,351.0,-0.073412,29.443827,58.722108,20
2026-02-27T15:25:59,223,34.486997,378.0,-0.072534,21.239897,58.722108,20
2026-02-27T15:26:25,224,27.229281,346.4375,-0.073016,28.003706,58.722108,20
2026-02-27T15:26:42,225,34.353162,397.0625,-0.074495,21.481888,58.722108,20
2026-02-27T15:27:12,226,36.226551,393.1875,-0.075166,23.215322,58.722108,20
2026-02-27T15:28:01,227,57.383936,486.0,-0.064109,15.70669,58.722108,20
2026-02-27T15:28:21,228,35.170605,368.9375,-0.073477,21.440493,58.722108,20
2026-02-27T15:28:38,229,32.653343,372.9375,-0.075399,23.870228,58.722108,20
2026-02-27T15:28:52,230,22.391372,327.1875,-0.074394,33.164532,58.722108,20
2026-02-27T15:29:10,231,34.872797,414.0,-0.074393,19.207413,58.722108,20
2026-02-27T15:29:26,232,27.115358,366.3125,-0.069235,28.098196,58.722108,20
2026-02-27T15:30:21,233,42.150448,438.875,-0.073524,20.319029,58.722108,20
2026-02-27T15:31:12,234,24.404325,397.5625,-0.074565,17.014196,58.722108,20
2026-02-27T15:31:27,235,16.647284,346.0,-0.073483,29.864954,58.722108,20
2026-02-27T15:31:44,236,28.811884,387.0625,-0.076148,22.401482,58.722108,20
2026-02-27T15:32:05,237,34.661219,441.3125,-0.073311,20.746582,58.722108,20
2026-02-27T15:32:24,238,36.665565,423.8125,-0.067091,18.261812,58.722108,20
2026-02-27T15:32:41,239,25.776836,375.4375,-0.071893,32.839989,58.722108,20
2026-02-27T15:33:02,240,41.948262,470.9375,-0.074474,15.195038,58.722108,20
2026-02-27T15:33:43,241,28.947878,454.8125,-0.075317,23.446093,58.722108,20
2026-02-27T15:34:09,242,51.828516,483.1875,-0.067747,11.843638,58.722108,20
2026-02-27T15:34:25,243,22.356145,334.4375,-0.073444,25.107136,58.722108,20
2026-02-27T15:34:44,244,33.431499,442.5625,-0.073234,19.96656,58.722108,20
2026-02-27T15:35:04,245,43.240952,460.0625,-0.073181,16.350225,58.722108,20
2026-02-27T15:35:25,246,39.501965,460.1875,-0.071148,19.532005,58.722108,20
2026-02-27T15:35:44,247,38.477196,431.5625,-0.07502,15.306429,58.722108,20
2026-02-27T15:36:01,248,15.878388,367.5,-0.074825,29.850885,58.722108,20
2026-02-27T15:36:16,249,12.579805,306.4375,-0.055359,35.669125,58.722108,20
2026-02-27T15:36:34,250,35.44103,422.1875,-0.073506,18.196619,58.722108,20
2026-02-27T15:36:52,251,30.703873,385.4375,-0.046599,24.209806,58.722108,20
2026-02-27T15:37:13,252,30.683591,476.25,-0.071058,17.340408,58.722108,20
2026-02-27T15:37:32,253,34.217168,417.4375,-0.073645,20.398905,58.722108,20
2026-02-27T15:37:47,254,9.273656,335.75,-0.076068,22.440037,58.722108,20
2026-02-27T15:37:59,255,7.226679,272.1875,-0.077996,29.696981,58.722108,20
2026-02-27T15:38:17,256,28.198012,388.5,-0.075053,18.156294,58.722108,20
2026-02-27T15:38:34,257,30.026697,389.75,-0.074048,19.87986,58.722108,20
2026-02-27T15:38:54,258,35.875399,446.75,-0.074733,14.904864,58.722108,20
2026-02-27T15:39:15,259,39.63168,444.3125,-0.074319,22.260101,58.722108,20
2026-02-27T15:39:34,260,46.542384,435.75,-0.075565,13.352786,58.722108,20
2026-02-27T15:39:54,261,35.980128,430.5625,-0.073351,18.234135,58.722108,20
2026-02-27T15:40:17,262,50.380836,508.0625,-0.073689,13.611066,58.722108,20
2026-02-27T15:40:35,263,26.307524,393.3125,-0.074681,18.367126,58.722108,20
2026-02-27T15:40:54,264,28.616918,414.25,-0.070201,22.829916,58.722108,20
2026-02-27T15:41:11,265,34.960799,402.125,-0.074385,22.574759,58.722108,20
2026-02-27T15:41:31,266,29.146074,431.6875,-0.074234,17.202847,58.722108,20
2026-02-27T15:41:49,267,25.232662,368.5,-0.075293,22.012535,58.722108,20
2026-02-27T15:42:07,268,10.588623,322.125,-0.073246,36.336159,58.722108,20
2026-02-27T15:42:51,269,5.731631,307.375,-0.075608,27.723587,58.722108,20
2026-02-27T15:43:40,270,27.974824,417.5625,-0.077376,16.812876,58.722108,20
2026-02-27T15:43:59,271,31.138933,411.875,-0.06909,18.092075,58.722108,20
2026-02-27T15:44:20,272,36.455906,450.4375,-0.075018,17.121683,58.722108,20
2026-02-27T15:44:39,273,24.413699,396.875,-0.056374,16.761986,58.722108,20
2026-02-27T15:44:58,274,25.638062,398.5,-0.075292,23.955898,58.722108,20
2026-02-27T15:45:18,275,32.974049,412.4375,-0.075341,29.824236,58.722108,20
2026-02-27T15:45:32,276,17.628311,296.4375,-0.074621,39.024139,58.722108,20
2026-02-27T15:45:54,277,46.836959,479.4375,-0.071129,13.917768,58.722108,20
2026-02-27T15:46:14,278,35.835355,450.1875,-0.074627,19.132093,58.722108,20
2026-02-27T15:46:33,279,39.173052,419.875,-0.018068,20.971474,58.722108,20
2026-02-27T15:46:50,280,27.226837,346.0625,-0.070413,25.932583,58.722108,20
2026-02-27T15:47:07,281,26.053469,337.0625,-0.07487,24.353004,58.722108,20
2026-02-27T15:47:28,282,29.627151,449.75,-0.074768,20.767317,58.722108,20
2026-02-27T15:47:47,283,36.253126,394.875,-0.076947,20.101734,58.722108,20
2026-02-27T15:48:11,284,47.310468,504.8125,-0.044759,11.290048,58.722108,20
2026-02-27T15:48:33,285,35.1003,472.75,-0.064219,14.61568,58.722108,20
2026-02-27T15:48:51,286,14.623016,367.5625,-0.07455,19.106775,58.722108,20
2026-02-27T15:49:12,287,25.940633,439.875,-0.07218,19.80084,58.722108,20
2026-02-27T15:49:32,288,31.545695,443.375,-0.07052,16.669031,58.722108,20
2026-02-27T15:49:57,289,46.54699,523.375,-0.074592,8.847224,58.722108,20
2026-02-27T15:50:20,290,34.519065,458.75,-0.076072,17.804441,58.722108,20
2026-02-27T15:51:09,291,22.179881,358.875,-0.075701,18.606607,58.722108,20
2026-02-27T15:51:28,292,23.355692,366.875,-0.074511,24.72032,58.722108,20
2026-02-27T15:51:45,293,22.659783,378.25,-0.07628,19.741678,58.722108,20
2026-02-27T15:52:06,294,40.303331,437.125,-0.074292,16.579767,58.722108,20
2026-02-27T15:52:23,295,9.89125,329.8125,-0.075797,34.122158,58.722108,20
2026-02-27T15:52:39,296,18.610983,334.4375,-0.07732,25.341585,58.722108,20
2026-02-27T15:52:56,297,19.785074,341.8125,-0.075102,28.948652,58.722108,20
2026-02-27T15:53:07,298,1.940867,228.8125,-0.076283,43.216969,58.722108,20
2026-02-27T15:53:27,299,29.267295,411.8125,-0.074277,16.788982,58.722108,20
2026-02-27T15:53:42,300,6.926455,312.0,-0.077488,32.89711,58.722108,20
2026-02-27T15:54:06,301,39.313423,486.4375,-0.072328,14.649296,58.722108,20
2026-02-27T15:54:26,302,26.731068,418.75,-0.072714,19.813564,58.722108,20
2026-02-27T15:54:46,303,22.624836,382.5625,-0.076022,16.572216,58.722108,20
2026-02-27T15:55:09,304,37.520384,477.0625,-0.074167,17.444056,58.722108,20
2026-02-27T15:55:30,305,35.296933,440.75,-0.075243,15.504141,58.722108,20
2026-02-27T15:55:53,306,49.819265,498.0625,-0.074718,12.399454,58.722108,20
2026-02-27T15:56:14,307,36.512752,441.625,-0.072479,14.631989,58.722108,20
2026-02-27T15:56:31,308,24.561872,374.625,-0.078168,21.105999,58.722108,20
2026-02-27T15:56:52,309,38.12364,479.5,-0.077769,13.574665,58.722108,20
2026-02-27T15:57:13,310,35.684055,475.0,-0.076008,13.846555,58.722108,20
2026-02-27T15:57:37,311,48.47942,512.8125,-0.075447,13.602944,58.722108,20
2026-02-27T15:57:58,312,37.074588,453.9375,-0.075241,14.683294,58.722108,20
2026-02-27T15:58:16,313,25.903347,357.6875,-0.07549,23.740433,58.722108,20
2026-02-27T15:58:36,314,33.52502,424.8125,-0.07562,16.340149,58.722108,20
2026-02-27T15:58:53,315,19.892414,330.5625,-0.07392,28.976562,58.722108,20
2026-02-27T15:59:11,316,34.300262,401.75,-0.075482,21.154423,58.722108,20
2026-02-27T15:59:35,317,52.21823,513.8125,-0.074437,16.779369,58.722108,20
2026-02-27T15:59:56,318,34.740626,430.9375,-0.076319,18.144722,58.722108,20
2026-02-27T16:00:17,319,47.096185,444.3125,-0.075708,15.462167,58.722108,20
2026-02-27T16:00:44,320,53.802303,552.5,-0.075707,9.511435,58.722108,20
2026-02-27T16:01:01,321,24.797902,337.75,-0.076341,32.212982,58.722108,20
2026-02-27T16:01:24,322,43.16163,469.0,-0.076335,20.496927,58.722108,20
2026-02-27T16:01:47,323,44.979902,480.1875,-0.076633,14.69071,58.722108,20
2026-02-27T16:02:13,324,53.339018,527.1875,-0.07103,10.773104,58.722108,20
2026-02-27T16:02:33,325,39.805439,418.4375,-0.063181,15.841847,58.722108,20
2026-02-27T16:02:56,326,45.061933,464.6875,-0.075431,19.912659,58.722108,20
2026-02-27T16:03:19,327,30.197252,455.5,-0.075408,17.82259,58.722108,20
2026-02-27T16:03:45,328,61.895855,551.5625,-0.078596,11.319642,61.895855,20
2026-02-27T16:04:06,329,34.771405,426.0,-0.077802,17.746943,61.895855,20
2026-02-27T16:04:31,330,40.478219,499.25,-0.074446,12.987079,61.895855,20
2026-02-27T16:04:55,331,38.689981,486.75,-0.076778,14.720291,61.895855,20
2026-02-27T16:05:16,332,32.232411,432.5,-0.073397,14.895026,61.895855,20
2026-02-27T16:05:36,333,28.696532,403.75,-0.076833,16.973375,61.895855,20
2026-02-27T16:06:01,334,62.818226,510.125,-0.077341,13.307192,62.818226,20
2026-02-27T16:06:26,335,51.500896,522.25,-0.074996,17.890787,62.818226,20
2026-02-27T16:06:49,336,35.843833,447.75,-0.076851,18.187128,62.818226,20
2026-02-27T16:07:17,337,61.321473,546.5,-0.077415,7.195184,62.818226,20
2026-02-27T16:07:41,338,49.298942,484.0625,-0.076534,13.298728,62.818226,20
2026-02-27T16:08:07,339,46.500329,527.125,-0.076223,14.595345,62.818226,20
2026-02-27T16:08:32,340,56.432817,530.5,-0.076607,10.245825,62.818226,20
2026-02-27T16:08:56,341,55.449292,492.375,-0.075612,14.063558,62.818226,20
2026-02-27T16:09:20,342,42.949789,499.0625,-0.0777,17.10243,62.818226,20
2026-02-27T16:09:40,343,33.617683,412.0,-0.078864,19.778711,62.818226,20
2026-02-27T16:10:01,344,44.069414,430.8125,-0.076421,17.251625,62.818226,20
2026-02-27T16:10:26,345,54.223115,492.8125,-0.078181,14.023944,62.818226,20
2026-02-27T16:10:43,346,27.833091,350.3125,-0.076413,27.082987,62.818226,20
2026-02-27T16:11:02,347,21.939391,390.625,-0.075998,16.672615,62.818226,20
2026-02-27T16:11:22,348,23.775076,397.375,-0.078844,18.201984,62.818226,20
2026-02-27T16:11:44,349,36.976731,462.3125,-0.0767,18.083624,62.818226,20
2026-02-27T16:12:03,350,28.163821,390.1875,-0.076563,20.792629,62.818226,20
2026-02-27T16:12:24,351,34.315265,403.625,-0.077336,20.330299,62.818226,20
2026-02-27T16:12:47,352,39.439449,467.5,-0.077157,15.002376,62.818226,20
2026-02-27T16:13:08,353,39.034679,436.875,-0.077877,17.283781,62.818226,20
2026-02-27T16:13:27,354,25.729049,385.4375,-0.076755,22.024103,62.818226,20
2026-02-27T16:13:49,355,40.87133,444.5625,-0.077174,11.346418,62.818226,20
2026-02-27T16:14:09,356,32.516968,392.75,-0.075884,23.310663,62.818226,20
2026-02-27T16:14:30,357,34.127009,427.25,-0.073987,13.02674,62.818226,20
2026-02-27T16:14:51,358,42.084435,447.6875,-0.076871,10.889959,62.818226,20
2026-02-27T16:15:13,359,39.672787,440.625,-0.076287,13.399848,62.818226,20
2026-02-27T16:15:37,360,43.778855,471.5625,-0.078016,18.222784,62.818226,20
2026-02-27T16:15:58,361,41.071765,415.8125,-0.075188,18.464478,62.818226,20
2026-02-27T16:16:17,362,33.273052,373.25,-0.058987,19.821438,62.818226,20
2026-02-27T16:16:36,363,21.490998,366.1875,-0.076026,24.624691,62.818226,20
2026-02-27T16:17:04,364,39.858976,496.125,-0.077607,12.777479,62.818226,20
2026-02-27T16:17:29,365,24.680239,444.375,-0.076654,16.812731,62.818226,20
2026-02-27T16:17:53,366,39.825481,501.125,-0.078199,11.264092,62.818226,20
2026-02-27T16:18:20,367,43.249241,542.375,-0.076675,12.762955,62.818226,20
2026-02-27T16:18:48,368,53.465141,596.4375,-0.076567,6.113573,62.818226,20
2026-02-27T16:19:12,369,35.652767,476.25,-0.077483,16.249807,62.818226,20
2026-02-27T16:19:27,370,1.969594,309.875,-0.076838,23.587978,62.818226,20
2026-02-27T16:19:51,371,38.638721,493.8125,-0.076546,7.918417,62.818226,20
2026-02-27T16:20:10,372,29.924388,408.1875,-0.077189,13.999078,62.818226,20
2026-02-27T16:20:32,373,33.812978,471.5625,-0.078356,11.443843,62.818226,20
2026-02-27T16:20:56,374,39.997756,478.8125,-0.076797,13.74103,62.818226,20
2026-02-27T16:21:21,375,47.744328,525.5625,-0.075584,11.873782,62.818226,20
2026-02-27T16:21:47,376,40.729743,460.8125,-0.07769,18.502092,62.818226,20
2026-02-27T16:22:18,377,24.2141,422.875,-0.075903,16.340017,62.818226,20
2026-02-27T16:22:38,378,37.731761,443.3125,-0.076121,18.894423,62.818226,20
2026-02-27T16:23:01,379,39.987317,479.1875,-0.076995,13.451792,62.818226,20
2026-02-27T16:23:22,380,22.267529,430.9375,-0.076219,18.963844,62.818226,20
2026-02-27T16:23:42,381,27.944929,416.625,-0.078127,19.785885,62.818226,20
2026-02-27T16:24:06,382,34.256503,495.375,-0.076968,9.408475,62.818226,20
2026-02-27T16:24:31,383,38.48059,518.0625,-0.076078,9.0825,62.818226,20
2026-02-27T16:24:56,384,44.838569,496.3125,-0.076475,10.638654,62.818226,20
2026-02-27T16:25:20,385,38.624255,496.1875,-0.077884,7.488282,62.818226,20
2026-02-27T16:25:44,386,29.171593,512.625,-0.076443,6.091564,62.818226,20
2026-02-27T16:26:04,387,28.02407,408.625,-0.077086,17.443634,62.818226,20
2026-02-27T16:26:24,388,27.984947,414.375,-0.077616,15.631183,62.818226,20
2026-02-27T16:26:50,389,41.417511,538.8125,-0.076523,8.873406,62.818226,20
2026-02-27T16:27:12,390,32.797271,439.5625,-0.078614,13.067373,62.818226,20
2026-02-27T16:27:39,391,49.344576,562.5625,-0.077073,4.267178,62.818226,20
2026-02-27T16:28:06,392,48.0168,573.0,-0.078701,3.870537,62.818226,20
2026-02-27T16:28:23,393,22.257311,344.5625,-0.077027,24.79801,62.818226,20
2026-02-27T16:28:46,394,28.16231,472.9375,-0.0769,12.991398,62.818226,20
2026-02-27T16:29:08,395,27.056162,456.25,-0.077615,9.16121,62.818226,20
2026-02-27T16:29:29,396,28.499629,426.75,-0.07696,20.045351,62.818226,20
2026-02-27T16:29:50,397,33.916489,452.375,-0.080662,13.249864,62.818226,20
2026-02-27T16:30:11,398,20.737411,469.9375,-0.077621,8.806564,62.818226,20
2026-02-27T16:30:31,399,24.138108,429.0,-0.076584,15.981909,62.818226,20
2026-02-27T16:30:50,400,28.693993,402.4375,-0.078198,19.055014,62.818226,20
2026-02-27T16:31:13,401,39.774698,505.6875,-0.077975,9.289647,62.818226,20
2026-02-27T16:31:31,402,19.890373,408.8125,-0.077352,21.041498,62.818226,20
2026-02-27T16:31:58,403,28.28769,543.1875,-0.07712,7.470169,62.818226,20
2026-02-27T16:32:21,404,33.674019,487.4375,-0.077957,9.574148,62.818226,20
2026-02-27T16:32:42,405,25.310796,437.6875,-0.079136,14.690619,62.818226,20
2026-02-27T16:33:07,406,35.428737,502.75,-0.077162,10.150457,62.818226,20
2026-02-27T16:33:28,407,30.673614,470.625,-0.07825,13.68235,62.818226,20
2026-02-27T16:33:49,408,30.131135,459.4375,-0.020437,12.260825,62.818226,20
2026-02-27T16:34:11,409,27.143123,442.9375,-0.07779,9.481633,62.818226,20
2026-02-27T16:34:33,410,27.647767,462.9375,-0.078104,10.018021,62.818226,20
2026-02-27T16:34:58,411,29.495076,467.25,-0.076807,8.276784,62.818226,20
2026-02-27T16:35:36,412,42.143619,523.6875,-0.077884,8.212386,62.818226,20
2026-02-27T16:36:02,413,49.959796,564.75,-0.077306,7.394964,62.818226,20
2026-02-27T16:36:24,414,20.863271,454.25,-0.077132,13.532347,62.818226,20
2026-02-27T16:36:48,415,42.223007,515.0,-0.077986,9.703291,62.818226,20
2026-02-27T16:37:16,416,44.867523,583.125,-0.057007,3.904398,62.818226,20
2026-02-27T16:37:31,417,8.082985,323.375,-0.073224,24.116652,62.818226,20
2026-02-27T16:37:51,418,28.49831,430.5625,-0.078328,12.510715,62.818226,20
2026-02-27T16:38:11,419,28.544793,421.375,-0.078105,15.890181,62.818226,20
2026-02-27T16:38:28,420,28.254193,375.0625,-0.078272,21.303535,62.818226,20
2026-02-27T16:38:48,421,29.308693,403.75,-0.081655,16.014008,62.818226,20
2026-02-27T16:39:15,422,40.489075,575.75,-0.078184,8.704466,62.818226,20
2026-02-27T16:39:38,423,34.387004,473.75,-0.077898,14.358,62.818226,20
2026-02-27T16:39:59,424,24.057604,441.75,-0.074282,15.610993,62.818226,20
2026-02-27T16:40:24,425,40.383709,507.1875,-0.078713,11.144934,62.818226,20
2026-02-27T16:40:39,426,23.690215,316.25,-0.078541,24.396452,62.818226,20
2026-02-27T16:41:06,427,44.315235,566.75,-0.078276,5.295851,62.818226,20
2026-02-27T16:41:27,428,37.736676,442.875,-0.079112,12.997205,62.818226,20
2026-02-27T16:41:56,429,53.43927,600.0,-0.07906,3.393044,62.818226,20
2026-02-27T16:42:19,430,37.533533,468.3125,-0.07842,17.805233,62.818226,20
2026-02-27T16:42:41,431,40.075304,464.625,-0.078526,12.617873,62.818226,20
2026-02-27T16:43:01,432,27.355771,414.875,-0.071939,12.601819,62.818226,20
2026-02-27T16:43:26,433,40.246255,527.1875,-0.06046,9.415676,62.818226,20
2026-02-27T16:43:48,434,40.704012,463.9375,-0.07797,12.344803,62.818226,20
2026-02-27T16:44:11,435,39.281982,487.375,-0.079209,14.885473,62.818226,20
2026-02-27T16:44:32,436,25.971883,435.8125,-0.077465,13.802978,62.818226,20
2026-02-27T16:44:51,437,21.903028,394.375,-0.079729,15.454854,62.818226,20
2026-02-27T16:45:14,438,39.835228,499.75,-0.080002,9.63295,62.818226,20
2026-02-27T16:45:32,439,14.594098,371.125,-0.077682,23.64852,62.818226,20
2026-02-27T16:45:52,440,30.391071,428.1875,-0.078134,17.322531,62.818226,20
2026-02-27T16:46:12,441,21.250659,400.875,-0.078845,12.932545,62.818226,20
2026-02-27T16:46:31,442,23.750203,400.625,-0.079371,9.473163,62.818226,20
2026-02-27T16:46:56,443,39.798238,507.8125,-0.074832,6.995544,62.818226,20
2026-02-27T16:47:16,444,36.621215,426.125,-0.079017,14.527498,62.818226,20
2026-02-27T16:47:35,445,17.41148,414.125,-0.079017,16.06279,62.818226,20
2026-02-27T16:48:01,446,43.310879,533.875,-0.078423,10.104243,62.818226,20
2026-02-27T16:48:41,447,26.940977,386.0625,-0.079729,20.799873,62.818226,20
2026-02-27T16:49:05,448,41.735105,492.5625,-0.078217,11.581976,62.818226,20
2026-02-27T16:49:26,449,23.349214,455.25,-0.078074,14.556264,62.818226,20
2026-02-27T16:49:43,450,21.557112,353.0625,-0.079028,24.085089,62.818226,20
2026-02-27T16:50:02,451,28.01637,409.625,-0.079204,15.058993,62.818226,20
2026-02-27T16:50:25,452,35.368289,517.5,-0.078498,7.093127,62.818226,20
2026-02-27T16:50:44,453,16.235581,403.6875,-0.079613,18.011686,62.818226,20
2026-02-27T16:51:03,454,26.766172,412.625,-0.080991,8.784123,62.818226,20
2026-02-27T16:51:27,455,43.413831,523.0625,-0.080374,7.58694,62.818226,20
2026-02-27T16:51:47,456,31.04578,421.375,-0.074019,14.196172,62.818226,20
2026-02-27T16:52:10,457,37.949861,502.125,-0.077152,10.636864,62.818226,20
2026-02-27T16:52:28,458,15.201515,375.875,-0.078944,22.584948,62.818226,20
2026-02-27T16:52:42,459,6.340914,309.6875,-0.078721,22.011522,62.818226,20
2026-02-27T16:53:04,460,40.64631,476.3125,-0.077416,13.478175,62.818226,20
2026-02-27T16:53:26,461,37.509578,476.6875,-0.078005,11.465315,62.818226,20
2026-02-27T16:53:53,462,60.557636,561.625,-0.077846,7.893984,62.818226,20
2026-02-27T16:54:17,463,47.17221,520.0625,-0.078481,8.458875,62.818226,20
2026-02-27T16:54:44,464,21.298882,391.75,-0.078793,18.369291,62.818226,20
2026-02-27T16:55:06,465,30.121725,460.0625,-0.07909,21.425243,62.818226,20
2026-02-27T16:55:27,466,35.707336,465.9375,-0.080632,12.668735,62.818226,20
2026-02-27T16:55:49,467,37.545619,470.875,-0.079378,15.264881,62.818226,20
2026-02-27T16:56:14,468,44.582897,531.4375,-0.079806,8.855409,62.818226,20
2026-02-27T16:56:32,469,23.28751,374.5625,-0.080769,17.313541,62.818226,20
2026-02-27T16:56:52,470,32.78699,440.25,-0.079018,15.809704,62.818226,20
2026-02-27T16:57:15,471,46.763957,487.6875,-0.078346,13.056334,62.818226,20
2026-02-27T16:57:34,472,41.50127,438.8125,-0.079437,14.754559,62.818226,20
2026-02-27T16:57:53,473,25.469418,419.3125,-0.080207,22.167694,62.818226,20
2026-02-27T16:58:13,474,32.752297,446.25,-0.081775,13.750727,62.818226,20
2026-02-27T16:58:33,475,36.560932,434.5,-0.079798,13.726871,62.818226,20
2026-02-27T16:58:54,476,26.620002,432.4375,-0.07921,10.809349,62.818226,20
2026-02-27T16:59:15,477,43.271919,453.5,-0.079699,14.376935,62.818226,20
2026-02-27T16:59:38,478,48.465086,509.875,-0.080262,10.401163,62.818226,20
2026-02-27T17:00:05,479,46.297288,554.875,-0.07955,5.132153,62.818226,20
2026-02-27T17:00:28,480,39.737279,512.25,-0.081022,8.687141,62.818226,20
2026-02-27T17:00:51,481,36.125109,492.625,-0.080921,8.247293,62.818226,20
2026-02-27T17:01:12,482,38.848517,459.3125,-0.079644,20.651737,62.818226,20
2026-02-27T17:01:27,483,10.520301,330.5625,-0.079205,24.503195,62.818226,20
2026-02-27T17:01:50,484,53.885229,536.0625,-0.080162,8.09912,62.818226,20
2026-02-27T17:02:10,485,25.835581,452.3125,-0.0787,13.753263,62.818226,20
2026-02-27T17:02:35,486,61.769072,564.8125,-0.080366,7.830475,62.818226,20
2026-02-27T17:02:56,487,38.600948,497.0625,-0.082908,11.88034,62.818226,20
2026-02-27T17:03:17,488,35.624654,477.0625,-0.08197,9.476667,62.818226,20
2026-02-27T17:03:41,489,43.547924,501.875,-0.065014,6.780204,62.818226,20
2026-02-27T17:04:01,490,22.95433,421.5,-0.034059,22.459776,62.818226,20
2026-02-27T17:04:19,491,17.067321,371.0625,-0.068193,27.58396,62.818226,20
2026-02-27T17:04:39,492,34.580105,448.0625,-0.080311,18.216862,62.818226,20
2026-02-27T17:05:03,493,45.864909,527.375,-0.076547,6.156993,62.818226,20
2026-02-27T17:05:28,494,43.849997,545.25,-0.081242,5.793245,62.818226,20
2026-02-27T17:05:50,495,29.637785,440.875,-0.081607,13.882747,62.818226,20
2026-02-27T17:06:15,496,42.700182,535.3125,-0.080521,7.29308,62.818226,20
2026-02-27T17:06:37,497,40.007731,475.375,-0.080447,10.261603,62.818226,20
2026-02-27T17:06:59,498,39.911251,489.3125,-0.080249,11.192017,62.818226,20
2026-02-27T17:07:24,499,40.229784,530.4375,-0.079944,9.921365,62.818226,20
2026-02-27T17:07:47,500,33.001774,496.5625,-0.080242,12.999612,62.818226,20
2026-02-27T17:08:11,501,36.161531,490.625,-0.074536,11.615828,62.818226,20
2026-02-27T17:08:38,502,48.091568,565.6875,-0.079312,5.160417,62.818226,20
2026-02-27T17:09:03,503,31.646371,509.25,-0.080048,13.002568,62.818226,20
2026-02-27T17:09:21,504,19.580665,370.25,-0.079942,23.608698,62.818226,20
2026-02-27T17:09:46,505,39.679427,518.0,-0.079654,9.029552,62.818226,20
2026-02-27T17:10:07,506,32.212313,431.6875,-0.079865,16.148014,62.818226,20
2026-02-27T17:10:27,507,30.487853,411.6875,-0.081324,15.813696,62.818226,20
2026-02-27T17:10:49,508,34.01585,441.3125,-0.081266,15.554006,62.818226,20
2026-02-27T17:11:14,509,29.768824,511.0,-0.082016,10.504475,62.818226,20
2026-02-27T17:11:39,510,35.359657,510.0625,-0.081178,11.619671,62.818226,20
2026-02-27T17:12:00,511,28.517273,426.875,-0.081466,19.932522,62.818226,20
2026-02-27T17:12:25,512,30.298451,522.25,-0.077558,11.942795,62.818226,20
2026-02-27T17:12:53,513,56.666752,580.9375,-0.08032,4.641616,62.818226,20
2026-02-27T17:13:16,514,49.100889,507.6875,-0.080122,9.197701,62.818226,20
2026-02-27T17:13:37,515,32.430601,401.1875,-0.081566,19.131163,62.818226,20
2026-02-27T17:13:57,516,30.9038,351.9375,-0.080929,30.04785,62.818226,20
2026-02-27T17:14:21,517,41.062358,500.375,-0.081244,10.947561,62.818226,20
2026-02-27T17:14:43,518,41.467685,444.0,-0.081038,13.840911,62.818226,20
2026-02-27T17:15:07,519,39.210118,498.1875,-0.082157,9.545043,62.818226,20
2026-02-27T17:15:59,520,56.150491,568.375,-0.081614,6.415773,62.818226,20
2026-02-27T17:16:24,521,37.842584,517.5,-0.079477,8.523396,62.818226,20
2026-02-27T17:16:48,522,38.998098,531.0,-0.079575,7.193224,62.818226,20
2026-02-27T17:17:11,523,44.128037,507.625,-0.080784,8.1676,62.818226,20
2026-02-27T17:17:34,524,39.214608,499.125,-0.080766,14.886101,62.818226,20
2026-02-27T17:17:57,525,37.512739,476.1875,-0.078823,15.347055,62.818226,20
2026-02-27T17:18:21,526,37.251056,511.0625,-0.080323,11.50879,62.818226,20
2026-02-27T17:18:58,527,45.213552,532.25,-0.063941,9.366949,62.818226,20
2026-02-27T17:19:20,528,40.025072,470.5,-0.079946,17.190882,62.818226,20
2026-02-27T17:19:39,529,23.842078,382.875,-0.080137,20.407412,62.818226,20
2026-02-27T17:20:03,530,47.283548,499.6875,-0.083574,16.552084,62.818226,20
2026-02-27T17:20:28,531,44.802704,503.5625,-0.080021,8.770634,62.818226,20
2026-02-27T17:20:52,532,43.435588,518.0625,-0.084291,15.690202,62.818226,20
2026-02-27T17:21:17,533,47.11432,528.25,-0.080929,7.586795,62.818226,20
2026-02-27T17:21:41,534,54.143541,503.0,-0.081105,12.092021,62.818226,20
2026-02-27T17:22:02,535,47.49793,472.4375,-0.024464,10.901907,62.818226,20
2026-02-27T17:22:29,536,65.552311,562.5625,-0.003604,5.336453,65.552311,20
2026-02-27T17:22:54,537,44.062214,517.125,-0.081849,9.261145,65.552311,20
2026-02-27T17:23:19,538,59.750505,501.5625,-0.081261,11.039147,65.552311,20
2026-02-27T17:23:45,539,51.569,513.4375,-0.080363,10.594432,65.552311,20
2026-02-27T17:24:13,540,60.537207,565.625,-0.078803,7.242583,65.552311,20
2026-02-27T17:24:35,541,41.513388,440.25,-0.080496,18.902514,65.552311,20
2026-02-27T17:24:55,542,34.377725,389.25,-0.080663,23.252274,65.552311,20
2026-02-27T17:25:22,543,56.819337,564.6875,-0.083763,7.965724,65.552311,20
2026-02-27T18:17:55,1,43.658133,486.5625,-0.072243,18.805208,43.658133,20
2026-02-27T18:18:21,2,47.032957,536.8125,-0.08083,15.659681,47.032957,20
2026-02-27T18:18:40,3,27.468159,399.125,-0.083246,28.907389,47.032957,20
2026-02-27T18:19:07,4,53.517966,589.625,-0.07965,9.990963,53.517966,20
2026-02-27T18:19:30,5,39.908733,486.5,-0.082396,21.857336,53.517966,20
2026-02-27T18:19:54,1,57.454059,382.5625,-0.072827,43.798904,57.454059,20
2026-02-27T18:20:11,2,49.546671,358.8125,-0.082366,38.577084,57.454059,20
2026-02-27T18:20:28,3,54.559565,354.5625,-0.080883,41.712662,57.454059,20
2026-02-27T18:20:48,4,60.365204,409.5,-0.082061,44.315758,60.365204,20
2026-02-27T18:21:05,5,47.538038,375.4375,-0.082879,50.909824,60.365204,20
2026-02-27T18:21:20,6,28.76069,302.5625,-0.085377,53.415443,60.365204,20
2026-02-27T18:21:35,7,31.248999,303.75,-0.08349,58.039276,60.365204,20
2026-02-27T18:21:53,8,45.60669,389.8125,-0.083755,28.937296,60.365204,20
2026-02-27T18:22:06,9,21.011834,253.25,-0.08074,65.617859,60.365204,20
2026-02-27T18:22:25,10,39.945363,392.5,-0.083081,31.398638,60.365204,20
2026-02-27T18:22:46,11,55.695745,455.125,-0.080985,22.913713,60.365204,20
2026-02-27T18:23:09,12,64.975554,466.375,-0.08158,17.109911,64.975554,20
2026-02-27T18:23:19,13,7.646785,210.0625,-0.082926,85.777985,64.975554,20
2026-02-27T18:23:36,14,33.937219,360.8125,-0.08263,40.515106,64.975554,20
2026-02-27T18:23:56,15,63.363092,429.75,-0.08128,17.317139,64.975554,20
2026-02-27T18:24:12,16,27.361366,325.625,-0.082454,42.159382,64.975554,20
2026-02-27T18:24:29,17,43.376733,350.5,-0.082848,42.656746,64.975554,20
2026-02-27T18:24:48,18,44.349486,389.4375,-0.083069,22.485388,64.975554,20
2026-02-27T18:25:06,19,44.437328,375.0,-0.083237,31.538458,64.975554,20
2026-02-27T18:25:23,20,31.600802,340.5,-0.081517,42.430271,64.975554,20
2026-02-27T18:25:38,21,31.819248,309.4375,-0.082324,46.71246,64.975554,20
2026-02-27T18:25:54,22,47.242417,333.0,-0.082552,42.133999,64.975554,20
2026-02-27T18:26:16,23,61.799809,474.875,-0.081238,15.133114,64.975554,20
2026-02-27T18:26:30,24,28.849432,292.375,-0.084457,35.467293,64.975554,20
2026-02-27T18:26:43,25,19.731055,261.5625,-0.084884,32.347881,64.975554,20
2026-02-27T18:27:03,26,52.23531,419.6875,-0.081607,27.798008,64.975554,20
2026-02-27T18:27:18,27,21.814441,318.1875,-0.082328,31.385817,64.975554,20
2026-02-27T18:27:37,28,47.331582,406.625,-0.08194,26.110325,64.975554,20
2026-02-27T18:27:56,29,43.595311,407.4375,-0.081967,19.580587,64.975554,20
2026-02-27T18:28:14,30,32.573058,378.3125,-0.08187,31.944735,64.975554,20
2026-02-27T18:28:31,31,35.126934,373.375,-0.081604,29.156029,64.975554,20
2026-02-27T18:28:48,32,46.55316,341.0,-0.084061,40.241516,64.975554,20
2026-02-27T18:29:05,33,46.379759,363.5625,-0.08231,39.97654,64.975554,20
2026-02-27T18:29:21,34,30.443923,329.5625,-0.086218,35.39669,64.975554,20
2026-02-27T18:29:34,35,30.751721,290.25,-0.082563,33.829243,64.975554,20
2026-02-27T18:29:51,36,37.144706,352.0,-0.082544,40.21109,64.975554,20
2026-02-27T18:30:11,37,49.730288,419.9375,-0.082144,21.307539,64.975554,20
2026-02-27T18:30:29,38,36.918712,381.0,-0.081544,34.105331,64.975554,20
2026-02-27T18:30:48,39,47.284879,409.75,-0.083005,29.383169,64.975554,20
2026-02-27T18:31:07,40,53.058698,389.8125,-0.083845,24.601166,64.975554,20
2026-02-27T18:31:28,41,58.817544,452.3125,-0.08237,20.918806,64.975554,20
2026-02-27T18:31:45,42,40.338775,338.3125,-0.080734,35.293713,64.975554,20
2026-02-27T18:31:56,43,13.703264,235.125,-0.082535,63.603939,64.975554,20
2026-02-27T18:32:15,44,44.300889,396.0,-0.081892,26.798182,64.975554,20
2026-02-27T18:32:31,45,37.296907,331.625,-0.083364,38.119289,64.975554,20
2026-02-27T18:32:53,46,51.458314,436.9375,-0.085715,25.315535,64.975554,20
2026-02-27T18:33:08,47,38.509544,333.0625,-0.080219,38.179611,64.975554,20
2026-02-27T18:33:26,48,39.365128,388.125,-0.083544,28.197197,64.975554,20
2026-02-27T18:33:41,49,25.571252,313.875,-0.082955,33.117283,64.975554,20
2026-02-27T18:33:53,50,16.683523,252.5,-0.08459,45.205376,64.975554,20
2026-02-27T18:34:12,51,47.363519,398.875,-0.083178,25.287687,64.975554,20
2026-02-27T18:34:31,52,33.294632,367.125,-0.082402,29.906538,64.975554,20
2026-02-27T18:34:51,53,60.425829,402.5625,-0.083721,29.462141,64.975554,20
2026-02-27T18:35:07,54,32.852436,343.0,-0.082797,29.642756,64.975554,20
2026-02-27T18:35:18,55,11.893147,227.0625,-0.083166,58.311733,64.975554,20
2026-02-27T18:35:38,56,46.024377,413.9375,-0.082649,24.483156,64.975554,20
2026-02-27T18:35:53,57,28.107984,307.75,-0.08349,47.938133,64.975554,20
2026-02-27T18:36:09,58,24.194287,330.3125,-0.08208,34.005508,64.975554,20
2026-02-27T18:36:30,59,60.088101,448.0,-0.082674,25.363884,64.975554,20
2026-02-27T18:36:48,60,36.30919,381.0,-0.082602,22.601055,64.975554,20
2026-02-27T18:37:03,61,29.243389,325.25,-0.083529,34.255615,64.975554,20
2026-02-27T18:37:14,62,13.632878,241.75,-0.08335,62.451088,64.975554,20
2026-02-27T18:37:29,63,27.471468,309.4375,-0.084555,40.843903,64.975554,20
2026-02-27T18:37:45,64,37.697841,361.0,-0.082694,31.487082,64.975554,20
2026-02-27T18:37:55,65,7.02119,210.625,-0.085454,63.91618,64.975554,20
2026-02-27T18:38:12,66,35.855694,354.5625,-0.081561,37.887581,64.975554,20
2026-02-27T18:38:27,67,32.903502,333.1875,-0.083394,34.261806,64.975554,20
2026-02-27T18:38:38,68,24.409838,216.875,-0.085236,69.037987,64.975554,20
2026-02-27T18:38:50,69,20.957736,265.9375,-0.084333,37.572605,64.975554,20
2026-02-27T18:39:09,70,56.723229,397.5625,-0.082687,30.183334,64.975554,20
2026-02-27T18:39:27,71,50.032011,376.5,-0.084223,25.024998,64.975554,20
2026-02-27T18:39:45,72,49.437104,373.0,-0.082159,34.406399,64.975554,20
2026-02-27T18:40:02,73,44.524578,366.0625,-0.079102,30.407574,64.975554,20
2026-02-27T18:40:19,74,43.916148,360.6875,-0.082065,40.772339,64.975554,20
2026-02-27T18:40:40,75,58.192708,455.1875,-0.069629,21.186255,64.975554,20
2026-02-27T18:41:00,76,46.748148,401.0,-0.084703,30.059174,64.975554,20
2026-02-27T18:41:16,77,37.762918,351.75,-0.083917,29.043133,64.975554,20
2026-02-27T18:41:36,78,34.791467,415.0625,-0.08304,32.822224,64.975554,20
2026-02-27T18:41:53,79,37.838163,338.6875,-0.084417,39.513275,64.975554,20
2026-02-27T18:42:09,80,16.852202,314.3125,-0.083217,35.801842,64.975554,20
2026-02-27T18:42:26,81,32.763716,352.875,-0.085604,31.712505,64.975554,20
2026-02-27T18:42:42,82,35.384091,336.3125,-0.085791,35.46307,64.975554,20
2026-02-27T18:43:02,83,42.214056,423.5,-0.08453,21.434431,64.975554,20
2026-02-27T18:43:17,84,31.86817,306.0625,-0.08466,35.878574,64.975554,20
2026-02-27T18:43:31,85,18.855626,295.8125,-0.084126,37.044548,64.975554,20
2026-02-27T18:43:45,86,25.040657,303.1875,-0.082525,37.679161,64.975554,20
2026-02-27T18:44:03,87,54.478462,366.6875,-0.08216,28.598204,64.975554,20
2026-02-27T18:44:18,88,31.746559,321.125,-0.0849,42.322933,64.975554,20
2026-02-27T18:44:35,89,28.380619,358.5625,-0.086704,24.269613,64.975554,20
2026-02-27T18:44:54,90,54.151842,409.8125,-0.078187,29.670687,64.975554,20
2026-02-27T18:45:11,91,37.261403,334.5,-0.079944,32.651066,64.975554,20
2026-02-27T18:45:32,92,43.783719,462.875,-0.085,18.530348,64.975554,20
2026-02-27T18:45:47,93,43.552597,327.9375,-0.082774,35.556263,64.975554,20
2026-02-27T18:46:01,94,29.384874,306.1875,-0.083666,26.379211,64.975554,20
2026-02-27T18:46:17,95,29.689073,348.5625,-0.082561,30.748867,64.975554,20
2026-02-27T18:46:35,96,26.302541,383.125,-0.083917,30.573708,64.975554,20
2026-02-27T18:46:48,97,24.562762,282.25,-0.086711,38.26236,64.975554,20
2026-02-27T18:47:05,98,32.101069,360.375,-0.083971,30.857784,64.975554,20
2026-02-27T18:47:24,99,35.343284,425.125,-0.084104,24.268068,64.975554,20
2026-02-27T18:47:42,100,28.32137,364.125,-0.085857,35.363949,64.975554,20
2026-02-27T18:48:02,101,56.588907,418.875,-0.081897,18.879467,64.975554,20
2026-02-27T18:48:17,102,21.783572,321.625,-0.083114,40.362923,64.975554,20
2026-02-27T18:48:36,103,51.611957,417.375,-0.082622,27.478302,64.975554,20
2026-02-27T18:48:53,104,42.043838,360.8125,-0.084502,33.529011,64.975554,20
2026-02-27T18:49:05,105,18.40057,272.625,-0.083991,43.538284,64.975554,20
2026-02-27T18:49:23,106,36.380585,369.8125,-0.084327,33.761524,64.975554,20
2026-02-27T18:49:40,107,39.570089,359.9375,-0.085794,32.070347,64.975554,20
2026-02-27T18:49:59,108,33.76831,388.3125,-0.083583,27.291531,64.975554,20
2026-02-27T18:50:18,109,53.662501,391.3125,-0.081733,28.995604,64.975554,20
2026-02-27T18:50:39,110,48.32242,442.9375,-0.083316,14.296358,64.975554,20
2026-02-27T18:50:55,111,34.810028,328.375,-0.054024,36.822746,64.975554,20
2026-02-27T18:51:13,112,40.860503,353.9375,-0.085551,26.141827,64.975554,20
2026-02-27T18:51:26,113,33.321803,276.4375,-0.084684,39.571419,64.975554,20
2026-02-27T18:51:46,114,59.016204,425.9375,-0.083804,27.253181,64.975554,20
2026-02-27T18:52:04,115,45.501862,399.4375,-0.084532,29.64629,64.975554,20
2026-02-27T18:52:20,116,37.899483,333.375,-0.08376,30.364975,64.975554,20
2026-02-27T18:52:41,117,52.807785,423.125,-0.08408,26.043867,64.975554,20
2026-02-27T18:53:01,118,47.220542,422.125,-0.084027,24.599043,64.975554,20
2026-02-27T18:53:18,119,38.827339,376.3125,-0.085268,28.232647,64.975554,20
2026-02-27T18:53:36,120,48.144326,380.8125,-0.084591,21.625456,64.975554,20
2026-02-27T18:53:55,121,49.200492,405.3125,-0.084831,21.47051,64.975554,20
2026-02-27T18:54:15,122,49.614395,433.3125,-0.085406,27.13792,64.975554,20
2026-02-27T18:54:32,123,31.357688,376.5,-0.083879,26.937189,64.975554,20
2026-02-27T18:54:53,124,50.055026,458.0,-0.084867,19.371784,64.975554,20
2026-02-27T18:55:12,125,45.464101,403.625,-0.085494,28.152637,64.975554,20
2026-02-27T18:55:30,126,31.801663,396.6875,-0.082806,21.227135,64.975554,20
2026-02-27T18:55:46,127,39.043775,347.4375,-0.083548,36.128571,64.975554,20
2026-02-27T18:56:01,128,24.90309,320.9375,-0.086492,35.293945,64.975554,20
2026-02-27T18:56:14,129,18.890381,291.75,-0.086889,29.77799,64.975554,20
2026-02-27T18:56:33,130,44.738881,420.3125,-0.085095,23.780712,64.975554,20
2026-02-27T18:56:53,131,56.699378,401.8125,-0.083527,21.05409,64.975554,20
2026-02-27T18:57:08,132,19.999952,308.375,-0.084788,46.836456,64.975554,20
2026-02-27T18:57:28,133,50.348932,420.6875,-0.084736,14.542325,64.975554,20
2026-02-27T18:57:48,134,58.318064,437.3125,-0.08484,21.399536,64.975554,20
2026-02-27T18:58:03,135,25.54617,318.9375,-0.083377,34.405972,64.975554,20
2026-02-27T18:58:21,136,41.383795,364.1875,-0.084982,33.977757,64.975554,20
2026-02-27T18:58:42,137,51.927047,455.5,-0.084772,23.241877,64.975554,20
2026-02-27T18:58:59,138,30.856421,357.875,-0.084778,28.052038,64.975554,20
2026-02-27T18:59:19,139,44.042558,427.0,-0.085616,25.710999,64.975554,20
2026-02-27T18:59:36,140,30.34818,341.8125,-0.083256,45.428337,64.975554,20
2026-02-27T18:59:52,141,35.26735,349.8125,-0.085803,35.296425,64.975554,20
2026-02-27T19:00:13,142,58.429661,422.0625,-0.082382,22.139881,64.975554,20
2026-02-27T19:00:30,143,36.472013,358.5625,-0.083698,25.491013,64.975554,20
2026-02-27T19:00:49,144,29.261467,404.875,-0.084884,21.596424,64.975554,20
2026-02-27T19:01:07,145,41.923003,378.0,-0.086355,29.035261,64.975554,20
2026-02-27T19:01:24,146,30.959219,343.4375,-0.086511,31.02853,64.975554,20
2026-02-27T19:01:47,147,56.054025,487.5,-0.082309,21.188498,64.975554,20
2026-02-27T19:02:07,148,53.839503,453.875,-0.084378,11.760972,64.975554,20
2026-02-27T19:02:21,149,13.836775,299.5625,-0.083118,45.318611,64.975554,20
2026-02-27T19:02:31,150,11.335675,217.5,-0.083969,50.581051,64.975554,20
2026-02-27T19:02:48,151,28.293433,368.375,-0.085898,31.438137,64.975554,20
2026-02-27T19:03:06,152,33.176934,380.4375,-0.085497,33.308365,64.975554,20
2026-02-27T19:03:22,153,33.999032,353.0625,-0.086984,38.056477,64.975554,20
2026-02-27T19:03:44,154,62.659426,438.25,-0.084751,25.071281,64.975554,20
2026-02-27T19:03:55,155,3.67933,241.25,-0.086677,47.833931,64.975554,20
2026-02-27T19:04:15,156,54.540198,440.0,-0.083882,23.737972,64.975554,20
2026-02-27T19:04:32,157,37.118377,353.75,-0.08803,29.125711,64.975554,20
2026-02-27T19:04:46,158,14.452786,301.375,-0.083854,34.481136,64.975554,20
2026-02-27T19:05:03,159,44.378539,383.75,-0.084183,26.532106,64.975554,20
2026-02-27T19:05:16,160,10.225928,283.125,-0.083217,43.031757,64.975554,20
2026-02-27T19:05:31,161,35.54134,315.3125,-0.087072,30.783016,64.975554,20
2026-02-27T19:05:49,162,46.225387,387.5,-0.084682,24.450329,64.975554,20
2026-02-27T19:06:03,163,37.54157,294.25,-0.087088,51.479412,64.975554,20
2026-02-27T19:06:18,164,31.750283,322.1875,-0.086629,32.634197,64.975554,20
2026-02-27T19:06:31,165,18.277416,290.5625,-0.08623,32.010181,64.975554,20
2026-02-27T19:06:48,166,43.919088,360.6875,-0.086454,32.61639,64.975554,20
2026-02-27T19:07:09,167,56.322844,454.5,-0.085481,22.740662,64.975554,20
2026-02-27T19:07:25,168,17.811259,352.4375,-0.081946,37.010719,64.975554,20
2026-02-27T19:07:46,169,50.869109,434.6875,-0.083152,20.84606,64.975554,20
2026-02-27T19:08:02,170,32.898244,333.1875,-0.088776,38.049526,64.975554,20
2026-02-27T19:08:19,171,39.72446,339.125,-0.084466,28.730072,64.975554,20
2026-02-27T19:08:35,172,34.751277,338.3125,-0.08566,28.8395,64.975554,20
2026-02-27T19:08:55,173,56.431781,441.1875,-0.084743,18.763224,64.975554,20
2026-02-27T19:09:12,174,30.313794,346.875,-0.085775,30.032803,64.975554,20
2026-02-27T19:09:32,175,49.611624,434.625,-0.086134,24.435152,64.975554,20
2026-02-27T19:09:47,176,24.872669,322.125,-0.086621,38.69717,64.975554,20
2026-02-27T19:10:09,177,48.953079,438.0625,-0.087055,20.647818,64.975554,20
2026-02-27T19:10:33,178,57.341636,482.3125,-0.085544,20.93811,64.975554,20
2026-02-27T19:10:51,179,40.007485,382.1875,-0.084852,27.402035,64.975554,20
2026-02-27T19:11:12,180,43.241794,451.875,-0.087059,21.575912,64.975554,20
2026-02-27T19:11:28,181,27.403785,319.5,-0.087545,37.073826,64.975554,20
2026-02-27T19:11:48,182,33.675047,398.0625,-0.085981,26.208918,64.975554,20
2026-02-27T19:12:05,183,33.96937,359.0625,-0.086031,27.654703,64.975554,20
2026-02-27T19:12:26,184,42.697363,441.5,-0.08591,19.863091,64.975554,20
2026-02-27T19:12:44,185,42.672863,362.3125,-0.086541,27.966545,64.975554,20
2026-02-27T19:13:03,186,31.903655,383.4375,-0.084827,32.628242,64.975554,20
2026-02-27T19:13:25,187,67.285031,487.375,-0.084591,16.569754,67.285031,20
2026-02-27T19:13:41,188,36.723822,324.125,-0.086042,39.522091,67.285031,20
2026-02-27T19:14:04,189,55.447346,488.8125,-0.084496,12.102341,67.285031,20
2026-02-27T19:14:17,190,14.656918,273.9375,-0.083671,46.871761,67.285031,20
2026-02-27T19:14:37,191,51.182598,391.375,-0.086479,24.063114,67.285031,20
2026-02-27T19:14:56,192,34.856372,406.25,-0.087982,25.154264,67.285031,20
2026-02-27T19:15:15,193,54.205995,401.5,-0.08464,21.632601,67.285031,20
2026-02-27T19:15:34,194,41.225307,387.1875,-0.086721,30.330599,67.285031,20
2026-02-27T19:15:56,195,48.258886,448.4375,-0.08648,19.962852,67.285031,20
2026-02-27T19:16:16,196,45.399478,414.6875,-0.087369,21.680004,67.285031,20
2026-02-27T19:16:34,197,38.833659,371.5,-0.087268,32.210651,67.285031,20
2026-02-27T19:16:52,198,41.862769,386.625,-0.086959,21.721647,67.285031,20
2026-02-27T19:17:04,199,9.776061,259.625,-0.086541,43.122395,67.285031,20
2026-02-27T19:17:22,200,22.594902,375.6875,-0.084054,33.018394,67.285031,20
2026-02-27T19:17:41,201,31.727073,407.4375,-0.086591,23.815807,67.285031,20
2026-02-27T19:18:03,202,52.422668,473.0,-0.085065,20.360098,67.285031,20
2026-02-27T19:18:26,203,57.980883,482.4375,-0.085456,15.433085,67.285031,20
2026-02-27T19:18:46,204,43.542422,412.25,-0.0852,22.788681,67.285031,20
2026-02-27T19:19:02,205,33.495352,338.4375,-0.086084,30.679876,67.285031,20
2026-02-27T19:19:18,206,27.796883,349.125,-0.085605,34.292629,67.285031,20
2026-02-27T19:19:34,207,11.171109,319.8125,-0.084786,42.877048,67.285031,20
2026-02-27T19:19:51,208,26.526106,352.4375,-0.084947,34.418922,67.285031,20
2026-02-27T19:20:09,209,33.845719,375.5,-0.086637,27.136623,67.285031,20
2026-02-27T19:20:27,210,22.639979,370.625,-0.08459,28.764324,67.285031,20
2026-02-27T19:20:41,211,5.855996,280.3125,-0.086678,37.762428,67.285031,20
2026-02-27T19:20:56,212,2.538747,307.4375,-0.084907,44.479687,67.285031,20
2026-02-27T19:21:13,213,10.413115,339.375,-0.085656,24.76219,67.285031,20
2026-02-27T19:21:33,214,29.188483,415.5,-0.084091,20.125048,67.285031,20
2026-02-27T19:21:52,215,41.619406,419.25,-0.085024,21.15662,67.285031,20
2026-02-27T19:22:09,216,18.384357,355.625,-0.085721,31.095779,67.285031,20
2026-02-27T19:22:21,217,5.52171,241.75,-0.086501,46.028847,67.285031,20
2026-02-27T19:22:33,218,13.431214,269.8125,-0.086775,38.08675,67.285031,20
2026-02-27T19:22:50,219,32.05191,361.25,-0.084394,36.836952,67.285031,20
2026-02-27T19:23:05,220,27.206233,342.1875,-0.084801,33.009823,67.285031,20
2026-02-27T19:23:19,221,16.268128,306.9375,-0.085797,36.078011,67.285031,20
2026-02-27T19:23:32,222,13.316834,283.4375,-0.086017,44.713947,67.285031,20
2026-02-27T19:23:45,223,8.948158,285.4375,-0.086144,36.330269,67.285031,20
2026-02-27T19:24:01,224,25.375989,340.375,-0.085256,32.343697,67.285031,20
2026-02-27T19:24:19,225,46.740565,398.9375,-0.08496,25.949612,67.285031,20
2026-02-27T19:24:34,226,16.744892,326.5625,-0.085581,34.722122,67.285031,20
2026-02-27T19:24:46,227,21.628414,256.125,-0.085769,41.802589,67.285031,20
2026-02-27T19:25:04,228,20.234674,361.6875,-0.085985,30.089056,67.285031,20
2026-02-27T19:25:17,229,14.66658,272.25,-0.087674,33.381256,67.285031,20
2026-02-27T19:25:37,230,41.695749,408.9375,-0.086196,17.039989,67.285031,20
2026-02-27T19:25:59,231,48.767505,465.625,-0.084964,18.947176,67.285031,20
2026-02-27T19:26:16,232,23.432302,351.5625,-0.087909,28.864906,67.285031,20
2026-02-27T19:26:33,233,47.607418,369.5625,-0.085719,22.906281,67.285031,20
2026-02-27T19:26:52,234,34.291976,401.6875,-0.085691,12.784184,67.285031,20
2026-02-27T19:27:10,235,27.69531,362.4375,-0.086089,34.062664,67.285031,20
2026-02-27T19:27:31,236,53.239894,452.125,-0.085462,17.970615,67.285031,20
2026-02-27T19:27:52,237,39.712886,424.5,-0.086083,28.724092,67.285031,20
2026-02-27T19:28:08,238,33.978733,353.5625,-0.085489,39.173656,67.285031,20
2026-02-27T19:28:22,239,12.007207,291.375,-0.086228,55.665222,67.285031,20
2026-02-27T19:28:38,240,19.163089,337.5625,-0.085244,34.161419,67.285031,20
2026-02-27T19:28:59,241,34.512517,453.125,-0.086335,18.439074,67.285031,20
2026-02-27T19:29:15,242,29.723739,341.375,-0.087048,31.335876,67.285031,20
2026-02-27T19:29:33,243,30.725527,376.6875,-0.086679,25.967438,67.285031,20
2026-02-27T19:29:50,244,37.64572,366.875,-0.084581,26.401098,67.285031,20
2026-02-27T19:30:04,245,17.678136,288.125,-0.088147,35.664967,67.285031,20
2026-02-27T19:30:17,246,18.838265,296.0625,-0.084511,42.518505,67.285031,20
2026-02-27T19:30:36,247,23.603621,409.5,-0.087748,30.961048,67.285031,20
2026-02-27T19:30:53,248,28.952622,360.375,-0.086053,30.645817,67.285031,20
2026-02-27T19:31:12,249,31.2721,383.9375,-0.086471,28.206436,67.285031,20
2026-02-27T19:31:25,250,17.752571,276.125,-0.085909,35.170609,67.285031,20
2026-02-27T19:31:42,251,16.395328,373.375,-0.087594,28.856728,67.285031,20
2026-02-27T19:31:57,252,6.310475,303.125,-0.084677,43.876488,67.285031,20
2026-02-27T19:32:12,253,18.124354,305.5625,-0.087063,44.972488,67.285031,20
2026-02-27T19:32:21,254,-7.054886,174.6875,-0.086194,62.254524,67.285031,20
2026-02-27T19:32:36,255,15.690813,300.875,-0.086481,28.022652,67.285031,20
2026-02-27T19:32:52,256,15.487497,329.1875,-0.087316,24.618189,67.285031,20
2026-02-27T19:33:07,257,23.108671,309.5,-0.085195,36.833809,67.285031,20
2026-02-27T19:33:27,258,33.455055,424.4375,-0.085107,27.20256,67.285031,20
2026-02-27T19:33:44,259,27.749343,356.5625,-0.086837,35.071571,67.285031,20
2026-02-27T19:34:05,260,37.060012,444.3125,-0.086813,19.248123,67.285031,20
2026-02-27T19:34:22,261,16.671507,335.8125,-0.086001,35.253155,67.285031,20
2026-02-27T19:34:39,262,25.823137,365.0,-0.085858,24.628942,67.285031,20
2026-02-27T19:35:02,263,52.470695,467.9375,-0.085734,16.842796,67.285031,20
2026-02-27T19:35:19,264,31.51009,352.5625,-0.089307,30.664232,67.285031,20
2026-02-27T19:35:38,265,25.101992,374.4375,-0.088002,29.406624,67.285031,20
2026-02-27T19:35:52,266,7.173811,270.8125,-0.087106,48.376213,67.285031,20
2026-02-27T19:36:06,267,5.194538,286.1875,-0.087785,36.778183,67.285031,20
2026-02-27T19:36:20,268,-1.038789,285.875,-0.088959,34.425968,67.285031,20
2026-02-27T19:36:32,269,-5.125431,248.4375,-0.087557,41.067024,67.285031,20
2026-02-27T19:36:52,270,42.265115,415.5625,-0.084992,24.692888,67.285031,20
2026-02-27T19:37:05,271,5.145712,291.6875,-0.086045,22.96571,67.285031,20
2026-02-27T19:37:22,272,36.477181,357.0625,-0.084203,24.38838,67.285031,20
2026-02-27T19:37:30,273,-5.298825,189.875,-0.087806,61.300957,67.285031,20
2026-02-27T19:37:46,274,37.045903,362.75,-0.085229,22.219973,67.285031,20
2026-02-27T19:37:59,275,8.336479,284.8125,-0.087948,31.987133,67.285031,20
2026-02-27T19:38:13,276,16.893979,305.25,-0.086551,27.869261,67.285031,20
2026-02-27T19:38:28,277,21.497555,356.0625,-0.087317,29.95677,67.285031,20
2026-02-27T19:38:43,278,17.374554,325.3125,-0.088475,33.565605,67.285031,20
2026-02-27T19:39:00,279,25.12465,370.625,-0.086933,27.156097,67.285031,20
2026-02-27T19:39:19,280,32.469045,390.75,-0.087872,25.801708,67.285031,20
2026-02-27T19:39:39,281,50.153875,443.3125,-0.085234,23.119661,67.285031,20
2026-02-27T19:39:55,282,24.143885,337.1875,-0.085909,26.974588,67.285031,20
2026-02-27T19:40:10,283,15.388293,339.375,-0.088319,30.381861,67.285031,20
2026-02-27T19:40:28,284,35.169643,365.0,-0.086961,26.163982,67.285031,20
2026-02-27T19:40:46,285,38.678498,393.3125,-0.088442,28.820316,67.285031,20
2026-02-27T19:41:00,286,22.951524,328.75,-0.087402,28.339361,67.285031,20
2026-02-27T19:41:20,287,54.461122,448.5625,-0.08647,26.390106,67.285031,20
2026-02-27T19:41:36,288,25.83496,362.8125,-0.086844,23.900965,67.285031,20
2026-02-27T19:41:55,289,62.066461,434.6875,-0.086194,18.108793,67.285031,20
2026-02-27T19:42:12,290,41.144252,398.375,-0.086356,28.47298,67.285031,20
2026-02-27T19:42:26,291,26.691332,330.125,-0.08951,30.020559,67.285031,20
2026-02-27T19:42:41,292,25.312961,349.5625,-0.087332,26.85548,67.285031,20
2026-02-27T19:42:59,293,56.562528,421.5625,-0.0877,18.499641,67.285031,20
2026-02-27T19:43:10,294,9.804811,253.5,-0.084475,49.497921,67.285031,20
2026-02-27T19:43:27,295,43.096092,389.25,-0.087494,24.760347,67.285031,20
2026-02-27T19:43:42,296,27.290326,335.875,-0.087885,21.176476,67.285031,20
2026-02-27T19:44:00,297,54.032288,427.375,-0.086302,20.799526,67.285031,20
2026-02-27T19:44:13,298,19.499089,293.0,-0.087501,29.120872,67.285031,20
2026-02-27T19:44:26,299,5.146636,292.75,-0.087857,37.27335,67.285031,20
2026-02-27T19:44:38,300,14.666698,268.75,-0.087882,43.208237,67.285031,20
2026-02-27T19:45:00,301,40.45818,488.0625,-0.088316,22.477221,67.285031,20
2026-02-27T19:45:18,302,27.353064,408.0,-0.086166,26.744879,67.285031,20
2026-02-27T19:45:37,303,36.448876,440.5625,-0.087509,18.720341,67.285031,20
2026-02-27T19:45:54,304,23.767594,385.6875,-0.086919,25.556942,67.285031,20
2026-02-27T19:46:11,305,31.194395,394.25,-0.087555,25.908237,67.285031,20
2026-02-27T19:46:31,306,53.744456,464.0,-0.086385,20.932138,67.285031,20
2026-02-27T19:46:50,307,34.596225,441.9375,-0.087831,23.1241,67.285031,20
2026-02-27T19:47:06,308,20.257571,358.875,-0.086747,27.13682,67.285031,20
2026-02-27T19:47:24,309,39.180986,412.25,-0.08714,19.851042,67.285031,20
2026-02-27T19:47:43,310,52.026421,444.1875,-0.086995,18.801229,67.285031,20
2026-02-27T19:48:01,311,53.920092,436.8125,-0.088737,27.446804,67.285031,20
2026-02-27T19:48:18,312,26.268575,385.5625,-0.083924,24.259043,67.285031,20
2026-02-27T19:48:35,313,36.191366,395.0,-0.088215,20.171755,67.285031,20
2026-02-27T19:48:46,314,-1.300527,239.0625,-0.091285,56.299843,67.285031,20
2026-02-27T19:49:00,315,27.982325,323.0,-0.089614,38.290649,67.285031,20
2026-02-27T19:49:19,316,37.039621,448.875,-0.08765,15.877484,67.285031,20
2026-02-27T19:49:35,317,35.689099,378.375,-0.088985,24.617205,67.285031,20
2026-02-27T19:49:54,318,44.133584,417.375,-0.086931,16.469385,67.285031,20
2026-02-27T19:50:07,319,22.425627,320.125,-0.086788,28.841867,67.285031,20
2026-02-27T19:50:26,320,52.006435,445.75,-0.087426,21.91268,67.285031,20
2026-02-27T19:50:43,321,40.544582,395.875,-0.089306,20.608332,67.285031,20
2026-02-27T19:51:05,322,73.263093,521.1875,-0.087125,14.335428,73.263093,20
2026-02-27T19:51:26,323,59.822908,485.9375,-0.088768,17.326771,73.263093,20
2026-02-27T19:51:44,324,33.06304,396.25,-0.088196,19.383257,73.263093,20
2026-02-27T19:52:01,325,44.276066,395.375,-0.08863,29.035027,73.263093,20
2026-02-27T19:52:19,326,40.911942,427.5625,-0.088501,29.738874,73.263093,20
2026-02-27T19:52:38,327,51.406461,444.3125,-0.080994,16.909416,73.263093,20
2026-02-27T19:52:55,328,24.471238,379.875,-0.088759,29.551908,73.263093,20
2026-02-27T19:53:09,329,28.563494,329.125,-0.089365,36.842644,73.263093,20
2026-02-27T19:53:29,330,49.263455,480.125,-0.085781,13.425888,73.263093,20
2026-02-27T19:53:43,331,22.932436,331.75,-0.088526,32.942371,73.263093,20
2026-02-27T19:54:00,332,40.603404,390.9375,-0.089046,17.203798,73.263093,20
2026-02-27T19:54:16,333,37.033777,365.625,-0.089877,23.783243,73.263093,20
2026-02-27T19:54:38,334,60.935199,504.75,-0.086691,14.502072,73.263093,20
2026-02-27T19:54:55,335,38.546068,414.9375,-0.088889,21.546238,73.263093,20
2026-02-27T19:55:14,336,48.274709,446.1875,-0.089084,23.323511,73.263093,20
2026-02-27T19:55:30,337,40.116121,370.3125,-0.090096,24.349113,73.263093,20
2026-02-27T19:55:44,338,21.830077,313.1875,-0.086587,40.573162,73.263093,20
2026-02-27T19:56:05,339,49.126849,498.125,-0.08728,24.171144,73.263093,20
2026-02-27T19:56:24,340,54.482153,446.125,-0.088819,24.179956,73.263093,20
2026-02-27T19:56:43,341,61.882957,455.5625,-0.088745,24.322594,73.263093,20
2026-02-27T19:57:05,342,58.464471,500.5,-0.087375,11.005916,73.263093,20
2026-02-27T19:57:19,343,29.790795,333.125,-0.089372,37.068508,73.263093,20
2026-02-27T19:57:40,344,68.421396,503.3125,-0.086465,11.094834,73.263093,20
2026-02-27T19:57:58,345,43.556373,406.625,-0.088329,34.13063,73.263093,20
2026-02-27T19:58:15,346,49.858806,400.9375,-0.089345,20.880602,73.263093,20
2026-02-27T19:58:29,347,33.675986,314.375,-0.087802,36.252323,73.263093,20
2026-02-27T19:58:45,348,44.342407,387.75,-0.088698,26.644211,73.263093,20
2026-02-27T19:59:05,349,62.548703,454.875,-0.088058,19.028793,73.263093,20
2026-02-27T19:59:20,350,30.939963,347.6875,-0.088467,34.107964,73.263093,20
2026-02-27T19:59:34,351,14.925662,319.25,-0.087501,42.135517,73.263093,20
2026-02-27T19:59:51,352,42.413424,395.9375,-0.088786,25.99699,73.263093,20
2026-02-27T20:00:05,353,19.46345,300.4375,-0.089647,27.95816,73.263093,20
2026-02-27T20:00:22,354,55.451688,404.3125,-0.087422,24.593872,73.263093,20
2026-02-27T20:00:39,355,40.637772,382.75,-0.08976,23.883806,73.263093,20
2026-02-27T20:00:56,356,52.237783,415.5625,-0.089725,22.364792,73.263093,20
2026-02-27T20:01:10,357,24.216158,326.0625,-0.08633,33.86203,73.263093,20
2026-02-27T20:01:31,358,69.678757,497.875,-0.087431,15.173367,73.263093,20
2026-02-27T20:01:49,359,44.758688,415.3125,-0.088758,18.880075,73.263093,20
2026-02-27T20:02:03,360,24.879354,322.5,-0.087546,49.305573,73.263093,20
2026-02-27T20:02:23,361,61.368641,443.25,-0.088348,21.954824,73.263093,20
2026-02-27T20:02:38,362,37.659278,365.0625,-0.088433,27.524038,73.263093,20
2026-02-27T20:02:55,363,51.8735,377.6875,-0.089085,23.358843,73.263093,20
2026-02-27T20:03:16,364,57.974254,480.75,-0.088421,17.85755,73.263093,20
2026-02-27T20:03:35,365,63.805259,450.75,-0.067646,21.351913,73.263093,20
2026-02-27T20:03:58,366,73.76679,537.875,-0.08682,12.695704,73.76679,20
2026-02-27T20:04:17,367,53.968327,433.125,-0.091265,22.150291,73.76679,20
2026-02-27T20:04:39,368,88.15309,528.3125,-0.088132,14.823694,88.15309,20
2026-02-27T20:04:55,369,32.018354,368.6875,-0.08907,37.681053,88.15309,20
2026-02-27T20:05:14,370,41.414757,447.125,-0.089128,12.807961,88.15309,20
2026-02-27T20:05:26,371,18.914702,285.0,-0.090114,45.603291,88.15309,20
2026-02-27T20:05:42,372,36.987808,367.125,-0.089558,32.470806,88.15309,20
2026-02-27T20:06:03,373,67.277849,487.4375,-0.088248,18.452869,88.15309,20
2026-02-27T20:06:19,374,28.938182,360.6875,-0.088152,42.415859,88.15309,20
2026-02-27T20:06:36,375,38.768206,383.0,-0.090296,29.019354,88.15309,20
2026-02-27T20:06:55,376,42.036637,442.875,-0.089105,26.783022,88.15309,20
2026-02-27T20:07:15,377,56.312624,452.25,-0.089508,16.699825,88.15309,20
2026-02-27T20:07:35,378,52.535518,458.125,-0.086603,22.200193,88.15309,20
2026-02-27T20:07:51,379,30.226469,355.9375,-0.088044,34.319344,88.15309,20
2026-02-27T20:08:10,380,42.862976,419.3125,-0.090405,23.338663,88.15309,20
2026-02-27T20:08:30,381,36.335693,373.5625,-0.088422,34.096798,88.15309,20
2026-02-27T20:08:55,382,49.944298,470.4375,-0.088202,19.312616,88.15309,20
2026-02-27T20:09:13,383,40.765161,365.1875,-0.089503,31.863087,88.15309,20
2026-02-27T20:09:34,384,55.123118,445.5625,-0.08881,18.257906,88.15309,20
2026-02-27T20:09:59,385,59.019363,508.4375,-0.089545,11.40092,88.15309,20
2026-02-27T20:10:19,386,42.612618,451.75,-0.088412,16.933193,88.15309,20
2026-02-27T20:10:38,387,36.789748,396.3125,-0.088773,33.348049,88.15309,20
2026-02-27T20:10:55,388,19.483364,379.25,-0.087818,23.208342,88.15309,20
2026-02-27T20:11:17,389,51.457457,434.25,-0.087619,20.06757,88.15309,20
2026-02-27T20:11:41,390,57.521204,459.8125,-0.087523,18.770304,88.15309,20
2026-02-27T20:12:04,391,41.778547,478.3125,-0.088808,19.097704,88.15309,20
2026-02-27T20:12:23,392,38.813856,376.9375,-0.088753,30.752113,88.15309,20
2026-02-27T20:12:42,393,37.365545,403.5,-0.089475,22.702711,88.15309,20
2026-02-27T20:12:58,394,21.757587,323.8125,-0.090507,30.063313,88.15309,20
2026-02-27T20:13:17,395,33.469561,422.875,-0.088971,22.074436,88.15309,20
2026-02-27T20:13:32,396,19.761054,338.5625,-0.089414,41.640293,88.15309,20
2026-02-27T20:13:48,397,32.859117,337.1875,-0.090188,31.861559,88.15309,20
2026-02-27T20:14:06,398,35.71391,375.0625,-0.089583,18.304119,88.15309,20
2026-02-27T20:14:25,399,33.503166,419.0625,-0.088889,26.22872,88.15309,20
2026-02-27T20:14:40,400,31.263404,301.3125,-0.090743,32.200562,88.15309,20
2026-02-27T20:15:02,401,50.02147,462.4375,-0.088529,19.035872,88.15309,20
2026-02-27T20:15:23,402,58.177963,453.4375,-0.090137,18.631454,88.15309,20
2026-02-27T20:15:41,403,45.079714,373.0,-0.088427,31.275915,88.15309,20
2026-02-27T20:16:03,404,68.650711,471.625,-0.088454,17.721197,88.15309,20
2026-02-27T20:16:25,405,60.572942,466.5625,-0.089828,19.227741,88.15309,20
2026-02-27T20:16:48,406,62.27386,488.6875,-0.088502,21.325474,88.15309,20
2026-02-27T20:17:12,407,58.551688,490.4375,-0.090827,17.246176,88.15309,20
2026-02-27T20:17:28,408,27.142425,353.4375,-0.087707,28.419436,88.15309,20
2026-02-27T20:17:40,409,15.383531,260.0,-0.088941,46.739887,88.15309,20
2026-02-27T20:17:59,410,45.367192,417.625,-0.089388,21.079382,88.15309,20
2026-02-27T20:18:17,411,48.501723,414.9375,-0.08941,24.512564,88.15309,20
2026-02-27T20:18:34,412,35.191104,358.9375,-0.090968,31.853184,88.15309,20
2026-02-27T20:18:55,413,44.360228,468.5,-0.089983,23.38073,88.15309,20
2026-02-27T20:19:09,414,15.173618,286.4375,-0.090517,32.908852,88.15309,20
2026-02-27T20:19:26,415,27.666869,365.9375,-0.08988,32.233398,88.15309,20
2026-02-27T20:19:44,416,44.839324,405.0625,-0.089457,21.458899,88.15309,20
2026-02-27T20:20:00,417,18.997386,361.3125,-0.091389,16.876772,88.15309,20
2026-02-27T20:20:23,418,58.623453,477.375,-0.088853,15.79636,88.15309,20
2026-02-27T20:20:40,419,32.721392,358.5,-0.088832,20.064377,88.15309,20
2026-02-27T20:20:58,420,40.032481,381.5625,-0.089569,18.276358,88.15309,20
2026-02-27T20:21:17,421,29.891144,403.875,-0.090398,16.466017,88.15309,20
2026-02-27T20:21:42,422,58.376544,512.5,-0.088322,16.812794,88.15309,20
2026-02-27T20:22:04,423,46.862955,465.8125,-0.090106,20.739681,88.15309,20
2026-02-27T20:22:25,424,63.281955,436.1875,-0.089515,26.313002,88.15309,20
2026-02-27T20:22:43,425,36.979938,371.6875,-0.084359,30.414213,88.15309,20
2026-02-27T20:23:02,426,44.874214,398.8125,-0.090882,27.868183,88.15309,20
2026-02-27T20:23:18,427,27.318481,329.0,-0.08861,35.895515,88.15309,20
2026-02-27T20:23:33,428,26.174708,313.625,-0.092612,36.965508,88.15309,20
2026-02-27T20:23:53,429,43.991585,434.1875,-0.09128,20.375233,88.15309,20
2026-02-27T20:24:16,430,56.661813,487.75,-0.088394,19.294518,88.15309,20
2026-02-27T20:24:38,431,47.547757,456.3125,-0.09083,21.841213,88.15309,20
2026-02-27T20:24:58,432,40.949123,422.4375,-0.091023,23.323284,88.15309,20
2026-02-27T20:25:14,433,30.875704,353.5,-0.090797,30.429224,88.15309,20
2026-02-27T20:25:36,434,56.100545,479.8125,-0.090626,16.935246,88.15309,20
2026-02-27T20:25:54,435,29.443295,378.0625,-0.090592,27.25975,88.15309,20
2026-02-27T20:26:11,436,33.1737,380.6875,-0.091994,20.44672,88.15309,20
2026-02-27T20:26:31,437,34.068689,425.25,-0.09273,18.895866,88.15309,20
2026-02-27T20:26:47,438,26.051533,330.5,-0.0903,40.681553,88.15309,20
2026-02-27T20:27:07,439,49.540927,442.6875,-0.08881,19.596922,88.15309,20
2026-02-27T20:27:28,440,43.104141,467.9375,-0.091476,16.910372,88.15309,20
2026-02-27T20:27:49,441,36.453981,442.9375,-0.091398,18.007666,88.15309,20
2026-02-27T20:28:06,442,39.985976,384.3125,-0.092568,23.495111,88.15309,20
2026-02-27T20:28:29,443,49.894778,475.3125,-0.088881,19.492487,88.15309,20
2026-02-27T20:28:44,444,16.253381,303.9375,-0.086682,47.595627,88.15309,20
2026-02-27T20:29:04,445,45.187381,439.0625,-0.087857,15.581921,88.15309,20
2026-02-27T20:29:23,446,42.950752,406.8125,-0.077965,22.851665,88.15309,20
2026-02-27T20:29:42,447,43.065624,389.3125,-0.089813,25.339685,88.15309,20
2026-02-27T20:30:07,448,57.885733,494.5,-0.089902,10.432434,88.15309,20
2026-02-27T20:30:31,449,63.84343,528.25,-0.090419,11.980445,88.15309,20
2026-02-27T20:30:51,450,42.789196,427.25,-0.089562,21.961674,88.15309,20
2026-02-27T20:31:13,451,45.882557,431.625,-0.090514,20.075884,88.15309,20
2026-02-27T20:31:35,452,35.286721,429.6875,-0.089871,27.987383,88.15309,20
2026-02-27T20:31:57,453,53.797451,457.5625,-0.092658,18.591824,88.15309,20
2026-02-27T20:32:18,454,42.643885,445.4375,-0.091149,15.248557,88.15309,20
2026-02-27T20:32:36,455,46.751379,397.3125,-0.09217,18.132082,88.15309,20
2026-02-27T20:32:53,456,29.056598,347.75,-0.091074,36.123299,88.15309,20
2026-02-27T20:33:15,457,55.100334,448.875,-0.090953,15.497831,88.15309,20
2026-02-27T20:33:37,458,51.792056,475.5625,-0.091526,13.597837,88.15309,20
2026-02-27T20:33:56,459,24.791644,414.6875,-0.089981,28.804197,88.15309,20
2026-02-27T20:34:10,460,15.815183,283.5,-0.090607,45.926056,88.15309,20
2026-02-27T20:34:35,461,62.872685,494.0,-0.089266,10.488123,88.15309,20
2026-02-27T20:35:00,462,57.650407,523.125,-0.089566,16.533239,88.15309,20
2026-02-27T20:35:23,463,53.710985,466.5,-0.091765,17.763254,88.15309,20
2026-02-27T20:35:42,464,43.046769,392.1875,-0.094027,21.942636,88.15309,20
2026-02-27T20:36:04,465,42.586921,455.25,-0.075613,18.837414,88.15309,20
2026-02-27T20:36:26,466,58.079896,463.0,-0.09171,18.623837,88.15309,20
2026-02-27T20:36:48,467,58.810846,449.25,-0.091267,20.497778,88.15309,20
2026-02-27T20:37:11,468,69.880135,471.625,-0.092353,19.734766,88.15309,20
2026-02-27T20:37:25,469,23.164208,299.6875,-0.090803,38.883499,88.15309,20
2026-02-27T20:37:42,470,33.247323,369.1875,-0.091876,31.110647,88.15309,20
2026-02-27T20:38:05,471,55.575455,466.75,-0.091249,22.564039,88.15309,20
2026-02-27T20:38:21,472,24.206153,330.125,-0.091453,30.046434,88.15309,20
2026-02-27T20:38:42,473,50.886197,427.4375,-0.091588,22.174568,88.15309,20
2026-02-27T20:39:00,474,34.483655,370.625,-0.090673,25.018951,88.15309,20
2026-02-27T20:39:22,475,60.251769,426.0,-0.092666,22.466837,88.15309,20
2026-02-27T20:39:36,476,17.55921,300.0,-0.090073,37.557854,88.15309,20
2026-02-27T20:39:56,477,48.519483,407.25,-0.090778,26.853624,88.15309,20
2026-02-27T20:40:18,478,48.922712,440.4375,-0.09218,15.720223,88.15309,20
2026-02-27T20:40:40,479,43.767001,462.6875,-0.092822,16.547741,88.15309,20
2026-02-27T20:41:00,480,51.001905,410.1875,-0.090885,26.52457,88.15309,20
2026-02-27T20:41:22,481,47.181799,422.6875,-0.091374,21.18449,88.15309,20
2026-02-27T20:41:41,482,40.60758,384.4375,-0.091583,35.046913,88.15309,20
2026-02-27T20:42:01,483,54.121848,409.25,-0.091608,24.449179,88.15309,20
2026-02-27T20:42:26,484,73.313071,508.75,-0.090166,19.415518,88.15309,20
2026-02-27T20:42:45,485,44.204362,402.0,-0.091859,24.968962,88.15309,20
2026-02-27T20:43:05,486,33.055009,392.9375,-0.092185,25.424318,88.15309,20
2026-02-27T20:43:28,487,62.639342,439.4375,-0.092139,20.130383,88.15309,20
2026-02-27T20:43:54,488,76.413042,513.3125,-0.090449,17.744822,88.15309,20
2026-02-27T20:44:16,489,52.678501,434.875,-0.089881,25.108852,88.15309,20
2026-02-27T20:44:43,490,68.779024,536.375,-0.089297,12.374063,88.15309,20
2026-02-27T20:45:04,491,44.1156,411.8125,-0.088578,30.976967,88.15309,20
2026-02-27T20:45:22,492,42.543518,374.0625,-0.08968,32.192375,88.15309,20
2026-02-27T20:45:46,493,55.024398,455.1875,-0.091496,21.301983,88.15309,20
2026-02-27T20:46:08,494,42.674254,437.625,-0.090966,33.279469,88.15309,20
2026-02-27T20:46:24,495,24.940137,312.5,-0.090797,39.279644,88.15309,20
2026-02-27T20:46:48,496,64.103041,493.5625,-0.090632,12.557782,88.15309,20
2026-02-27T20:47:09,497,22.369252,406.1875,-0.091241,29.711599,88.15309,20
2026-02-27T20:47:32,498,67.370755,472.9375,-0.090725,19.311281,88.15309,20
2026-02-27T20:47:55,499,51.242984,457.75,-0.091835,21.887266,88.15309,20
2026-02-27T20:48:12,500,27.839872,342.0625,-0.092512,30.789291,88.15309,20
2026-02-27T20:48:31,501,35.655525,379.375,-0.089983,33.927876,88.15309,20
2026-02-27T20:48:54,502,68.557869,482.25,-0.090848,15.036604,88.15309,20
2026-02-27T20:49:16,503,53.050952,467.6875,-0.090786,23.092506,88.15309,20
